<?xml version="1.0" encoding="UTF-8"?>
<root>
  <previousBatchProcesses>
    <batchProcess id="2618bc2d-6683-45ca-b6b3-8c83bd96e4f1">
      <requestDateTime>2017-04-27T16:35:04.461</requestDateTime>
      <recordsCount>105</recordsCount>
      <action name="com.constellio.model.services.batch.actions.ReindexMetadatasBatchProcessAction">
        <argument type="java.util.ArrayList">
          <item type="java.lang.String">folder_default_copyRulesExpectedDepositDates</item>
          <item type="java.lang.String">folder_default_decommissioningDate</item>
          <item type="java.lang.String">folder_default_copyRulesExpectedDestructionDates</item>
          <item type="java.lang.String">folder_default_copyRulesExpectedTransferDates</item>
          <item type="java.lang.String">folder_default_closingDate</item>
        </argument>
      </action>
      <query>fq=collection_s%3AzeCollection&amp;fq=schema_s%3Afolder_*&amp;fq=%28+*%3A*+%29&amp;qt=%2Fspell&amp;shards.qt=%2Fspell&amp;q=*%3A*&amp;rows=100000&amp;start=0</query>
      <collection>zeCollection</collection>
      <username />
      <title>reindex.config yearEndDate</title>
      <startDateTime>2017-04-27T16:35:04.505</startDateTime>
      <errors>0</errors>
    </batchProcess>
    <batchProcess id="bf653126-daf7-4370-a2c5-70bf8ba4a4d2">
      <requestDateTime>2017-04-27T16:35:04.471</requestDateTime>
      <recordsCount>268</recordsCount>
      <action name="com.constellio.model.services.batch.actions.ReindexMetadatasBatchProcessAction">
        <argument type="java.util.ArrayList">
          <item type="java.lang.String">document_default_expectedDepositDate</item>
          <item type="java.lang.String">document_default_expectedTransferDate</item>
          <item type="java.lang.String">document_default_expectedDestructionDate</item>
        </argument>
      </action>
      <query>fq=collection_s%3AzeCollection&amp;fq=schema_s%3Adocument_*&amp;fq=%28+*%3A*+%29&amp;qt=%2Fspell&amp;shards.qt=%2Fspell&amp;q=*%3A*&amp;rows=100000&amp;start=0</query>
      <collection>zeCollection</collection>
      <username />
      <title>reindex.config yearEndDate</title>
      <startDateTime>2017-04-27T16:35:04.914</startDateTime>
      <errors>0</errors>
    </batchProcess>
  </previousBatchProcesses>
  <pendingBatchProcesses />
  <currentBatchProcess />
  <standbyBatchProcesses />
</root>
