<?xml version="1.0" encoding="UTF-8"?>
<authorizations>
  <authorization id="_U_958ea184-2961-4521-9670-ea0596b815cc">
    <startDate>1969-12-06</startDate>
    <endDate>1970-01-25</endDate>
    <collection>zeDeuxiemeCollection</collection>
    <roles>
      <role>U</role>
    </roles>
    <synced>false</synced>
  </authorization>
  <authorization id="rw__2a2e4132-e39f-4045-babe-2c4a3ca2b116">
    <startDate>1969-12-06</startDate>
    <endDate>1970-01-25</endDate>
    <collection>zeDeuxiemeCollection</collection>
    <roles>
      <role>READ</role>
      <role>WRITE</role>
    </roles>
    <synced>false</synced>
  </authorization>
  <authorization id="_M_3eee8ef9-f6a1-4469-9355-6323f48585d5">
    <startDate>1969-12-06</startDate>
    <endDate>1970-01-25</endDate>
    <collection>zeDeuxiemeCollection</collection>
    <roles>
      <role>M</role>
    </roles>
    <synced>false</synced>
  </authorization>
  <authorization id="rwd__e0c60522-ee0b-4395-a424-5cd4bfdb38f2">
    <startDate>1969-12-06</startDate>
    <endDate>1970-01-25</endDate>
    <collection>zeDeuxiemeCollection</collection>
    <roles>
      <role>READ</role>
      <role>WRITE</role>
      <role>DELETE</role>
    </roles>
    <synced>false</synced>
  </authorization>
  <authorization id="_U_4bbe5b90-e26b-4415-9edd-929ff9ad68a0">
    <startDate>1969-12-06</startDate>
    <endDate>1970-01-25</endDate>
    <collection>zeDeuxiemeCollection</collection>
    <roles>
      <role>U</role>
    </roles>
    <synced>false</synced>
  </authorization>
  <authorization id="rw__00388d1d-41e9-49b6-9221-cc8eaa97f06c">
    <startDate>1969-12-06</startDate>
    <endDate>1970-01-25</endDate>
    <collection>zeDeuxiemeCollection</collection>
    <roles>
      <role>READ</role>
      <role>WRITE</role>
    </roles>
    <synced>false</synced>
  </authorization>
  <authorization id="_M_0c529140-87f8-4343-ba10-8ade1e3cf485">
    <startDate>1969-12-06</startDate>
    <endDate>1970-01-25</endDate>
    <collection>zeDeuxiemeCollection</collection>
    <roles>
      <role>M</role>
    </roles>
    <synced>false</synced>
  </authorization>
  <authorization id="rwd__7e8d80b2-221b-4928-8f3b-43a9c2bc9b35">
    <startDate>1969-12-06</startDate>
    <endDate>1970-01-25</endDate>
    <collection>zeDeuxiemeCollection</collection>
    <roles>
      <role>READ</role>
      <role>WRITE</role>
      <role>DELETE</role>
    </roles>
    <synced>false</synced>
  </authorization>
  <authorization id="_U_2e88e501-0b8d-470f-92aa-2f85184aad5c">
    <startDate>1969-12-06</startDate>
    <endDate>1970-01-25</endDate>
    <collection>zeDeuxiemeCollection</collection>
    <roles>
      <role>U</role>
    </roles>
    <synced>false</synced>
  </authorization>
  <authorization id="rw__0e91d90b-9cef-471a-847f-8ba0487a77be">
    <startDate>1969-12-06</startDate>
    <endDate>1970-01-25</endDate>
    <collection>zeDeuxiemeCollection</collection>
    <roles>
      <role>READ</role>
      <role>WRITE</role>
    </roles>
    <synced>false</synced>
  </authorization>
  <authorization id="_M_b0affcf1-ccbb-47ca-b84c-a628fa39a169">
    <startDate>1969-12-06</startDate>
    <endDate>1970-01-25</endDate>
    <collection>zeDeuxiemeCollection</collection>
    <roles>
      <role>M</role>
    </roles>
    <synced>false</synced>
  </authorization>
  <authorization id="rwd__0a79dcab-3043-4ab2-8e93-dc25a4895817">
    <startDate>1969-12-06</startDate>
    <endDate>1970-01-25</endDate>
    <collection>zeDeuxiemeCollection</collection>
    <roles>
      <role>READ</role>
      <role>WRITE</role>
      <role>DELETE</role>
    </roles>
    <synced>false</synced>
  </authorization>
</authorizations>
