<?xml version="1.0" encoding="UTF-8"?>
<root>
  <previousBatchProcesses>
    <batchProcess id="9c447f9a-ad22-43c5-9576-01f16a496341">
      <requestDateTime>2020-07-28T09:28:44.605</requestDateTime>
      <recordsCount>105</recordsCount>
      <action name="com.constellio.model.services.batch.actions.ReindexMetadatasBatchProcessAction">
        <argument type="java.util.ArrayList">
          <item type="java.lang.String">folder_default_copyRulesExpectedTransferDates</item>
          <item type="java.lang.String">folder_default_copyRulesExpectedDepositDates</item>
          <item type="java.lang.String">folder_default_closingDate</item>
          <item type="java.lang.String">folder_default_copyRulesExpectedDestructionDates</item>
        </argument>
      </action>
      <query>&amp;fq=collection_s%3AzeCollection&amp;fq=schema_s%3Afolder_*&amp;fq=%28*%3A*+-hidden_s%3A__TRUE__%29&amp;fq=%28+*%3A*+%29&amp;qt=%2Fspell&amp;shards.qt=%2Fspell&amp;rows=100000&amp;start=0&amp;q=*%3A*</query>
      <collection>zeCollection</collection>
      <username />
      <title>reindex.config yearEndDate</title>
      <startDateTime>2020-07-28T09:28:44.666</startDateTime>
      <errors>0</errors>
    </batchProcess>
    <batchProcess id="4ab56f52-613a-43e9-8669-37386c2f54f2">
      <requestDateTime>2020-07-28T09:28:44.617</requestDateTime>
      <recordsCount>268</recordsCount>
      <action name="com.constellio.model.services.batch.actions.ReindexMetadatasBatchProcessAction">
        <argument type="java.util.ArrayList">
          <item type="java.lang.String">document_default_expectedDepositDate</item>
          <item type="java.lang.String">document_default_expectedTransferDate</item>
          <item type="java.lang.String">document_default_expectedDestructionDate</item>
        </argument>
      </action>
      <query>&amp;fq=collection_s%3AzeCollection&amp;fq=schema_s%3Adocument_*&amp;fq=%28*%3A*+-hidden_s%3A__TRUE__%29&amp;fq=%28+*%3A*+%29&amp;qt=%2Fspell&amp;shards.qt=%2Fspell&amp;rows=100000&amp;start=0&amp;q=*%3A*</query>
      <collection>zeCollection</collection>
      <username />
      <title>reindex.config yearEndDate</title>
      <startDateTime>2020-07-28T09:28:45.313</startDateTime>
      <errors>0</errors>
    </batchProcess>
  </previousBatchProcesses>
  <pendingBatchProcesses />
  <standbyBatchProcesses />
  <currentBatchProcess />
</root>
