<?xml version="1.0" encoding="UTF-8"?>
<types version="9" languages="fr,en" format="3">
  <type code="collection" id="1" label_en="Collection" cache="F" inTransactionLog="t">
    <defaultSchema code="default" id="1" label_en="Collection">
      <m code="allReferences" label_en="All references" multivalue="t" type="STRING">
        <dataEntry calculator="com.constellio.model.services.schemas.calculators.AllReferencesCalculator" />
      </m>
      <m code="allRemovedAuths" label_en="All removed authorizations" multivalue="t" essential="t" type="STRING">
        <dataEntry calculator="com.constellio.model.services.schemas.calculators.AllRemovedAuthsCalculator" />
      </m>
      <m code="attachedAncestors" label_en="Attached ancestors" multivalue="t" essential="t" type="STRING">
        <dataEntry calculator="com.constellio.model.services.schemas.calculators.AttachedAncestorsCalculator" />
      </m>
      <m code="autocomplete" label_en="Autocomplete terms" multivalue="t" multilingual="t" essential="t" type="STRING">
        <dataEntry calculator="com.constellio.model.services.schemas.calculators.AutocompleteFieldCalculator" />
      </m>
      <m code="caption" label_en="Caption" sortable="t" type="STRING" />
      <m code="code" label_en="Code" id="1" systemReserved="f" uniqueValue="t" unmodifiable="t" type="STRING" />
      <m code="conservationCalendarNumber" label_en="Conservation Calendar Number" id="2" type="STRING" />
      <m code="createdOn" label_en="Creation date" sortable="t" type="DATE_TIME" />
      <m code="deleted" label_en="Deleted" type="BOOLEAN" />
      <m code="denyTokens" label_en="Deny tokens" multivalue="t" type="STRING">
        <validators classNames="com.constellio.model.services.schemas.validators.ManualTokenValidator" />
      </m>
      <m code="detachedauthorizations" label_en="Detached authorizations" type="BOOLEAN" />
      <m code="errorOnPhysicalDeletion" label_en="Error in physical delete" type="BOOLEAN" />
      <m code="estimatedSize" label_en="Estimated record size in solr" type="INTEGER" />
      <m code="hidden" label_en="Hidden" type="BOOLEAN" />
      <m code="id" label_en="ID" searchable="t" sortable="t" uniqueValue="t" unmodifiable="t" type="STRING" defaultRequirement="t" />
      <m code="languages" label_en="Languages" id="3" multivalue="t" systemReserved="f" unmodifiable="t" type="STRING" />
      <m code="legacyIdentifier" label_en="old identifier" searchable="t" uniqueValue="t" unmodifiable="t" type="STRING" defaultRequirement="t" />
      <m code="logicallyDeletedOn" label_en="Delete date" type="DATE_TIME" />
      <m code="manualTokens" label_en="Manual tokens" multivalue="t" type="STRING">
        <validators classNames="com.constellio.model.services.schemas.validators.ManualTokenValidator" />
      </m>
      <m code="markedForParsing" label_en="Require parsing" type="BOOLEAN" />
      <m code="markedForPreviewConversion" label_en="Require conversion" type="BOOLEAN" />
      <m code="markedForReindexing" label_en="Marked for reindexing" type="BOOLEAN" />
      <m code="migrationDataVersion" label_en="Migration data version" essentialInSummary="t" type="NUMBER" />
      <m code="modifiedOn" label_en="Modification date" sortable="t" type="DATE_TIME" />
      <m code="name" label_en="Name" id="4" systemReserved="f" type="STRING" />
      <m code="organizationNumber" label_en="Organization Number" id="5" type="STRING" />
      <m code="path" label_en="Path" multivalue="t" type="STRING">
        <dataEntry calculator="com.constellio.model.services.schemas.calculators.PathCalculator" />
      </m>
      <m code="pathParts" label_en="Paths parts" multivalue="t" type="STRING">
        <dataEntry calculator="com.constellio.model.services.schemas.calculators.PathPartsCalculator" />
      </m>
      <m code="principalpath" label_en="Main path" type="STRING">
        <dataEntry calculator="com.constellio.model.services.schemas.calculators.PrincipalPathCalculator" />
      </m>
      <m code="removedauthorizations" label_en="Deleted rights" multivalue="t" type="STRING" />
      <m code="schema" label_en="Schema" type="STRING" defaultRequirement="t" />
      <m code="shareDenyTokens" label_en="Share deny tokens" multivalue="t" type="STRING">
        <validators classNames="com.constellio.model.services.schemas.validators.ManualTokenValidator" />
      </m>
      <m code="shareTokens" label_en="Share tokens" multivalue="t" type="STRING">
        <validators classNames="com.constellio.model.services.schemas.validators.ManualTokenValidator" />
      </m>
      <m code="title" label_en="Title" searchable="t" schemaAutocomplete="t" systemReserved="f" type="STRING" />
      <m code="tokens" label_en="Tokens" multivalue="t" type="STRING">
        <dataEntry calculator="com.constellio.model.services.schemas.calculators.TokensCalculator2" />
      </m>
      <m code="tokensHierarchy" label_en="Tokens of hierarchy" multivalue="t" type="STRING">
        <dataEntry calculator="com.constellio.model.services.schemas.calculators.DefaultTokensOfHierarchyCalculator" />
      </m>
      <m code="visibleInTrees" label_en="Visible in tree" type="BOOLEAN" />
    </defaultSchema>
    <customSchemas />
  </type>
  <type code="authorizationDetails" id="4" label_en="Authorization" cache="F" inTransactionLog="t">
    <defaultSchema code="default" id="1" label_en="Authorization">
      <m code="allReferences" />
      <m code="allRemovedAuths" />
      <m code="attachedAncestors" />
      <m code="autocomplete" />
      <m code="caption" />
      <m code="createdBy" label_en="Created by" type="REFERENCE">
        <references schemaType="user" />
      </m>
      <m code="createdOn" />
      <m code="deleted" />
      <m code="denyTokens" />
      <m code="detachedauthorizations" />
      <m code="endDate" label_en="End date" id="1" systemReserved="f" type="DATE" />
      <m code="errorOnPhysicalDeletion" />
      <m code="estimatedSize" />
      <m code="hidden" />
      <m code="id" />
      <m code="lastTokenRecalculate" label_en="Last token recalculate" id="2" systemReserved="f" type="DATE" />
      <m code="legacyIdentifier" />
      <m code="logicallyDeletedOn" />
      <m code="manualTokens" />
      <m code="markedForParsing" />
      <m code="markedForPreviewConversion" />
      <m code="markedForReindexing" />
      <m code="migrationDataVersion" />
      <m code="modifiedBy" label_en="Modified by" type="REFERENCE">
        <references schemaType="user" />
      </m>
      <m code="modifiedOn" />
      <m code="negative" label_en="Negative?" id="3" undeletable="f" systemReserved="f" type="BOOLEAN" />
      <m code="overrideInherited" label_en="Override inherited" id="4" systemReserved="f" type="BOOLEAN" />
      <m code="path" />
      <m code="pathParts" />
      <m code="principalpath" />
      <m code="principals" label_en="Principals" id="5" undeletable="f" multivalue="t" cacheIndex="t" systemReserved="f" type="STRING" />
      <m code="removedauthorizations" />
      <m code="roles" label_en="Access/roles" id="6" multivalue="t" systemReserved="f" type="STRING" defaultRequirement="t" />
      <m code="schema" />
      <m code="shareDenyTokens" />
      <m code="shareTokens" />
      <m code="sharedBy" label_en="Shared by" id="11" undeletable="f" cacheIndex="t" systemReserved="f" type="STRING" />
      <m code="startDate" label_en="Start date" id="7" systemReserved="f" type="DATE" />
      <m code="synced" label_en="Synchronized?" id="8" systemReserved="f" type="BOOLEAN" />
      <m code="target" label_en="Target" id="9" cacheIndex="t" systemReserved="f" type="STRING" defaultRequirement="t" />
      <m code="targetSchemaType" label_en="Target's schema type" id="10" systemReserved="f" type="STRING" />
      <m code="title" />
      <m code="tokens" />
      <m code="tokensHierarchy" />
      <m code="visibleInTrees" />
    </defaultSchema>
    <customSchemas />
  </type>
  <type code="capsule" id="5" label_en="Search Capsule" cache="F" inTransactionLog="t">
    <defaultSchema code="default" id="1" label_en="Search Capsule">
      <m code="allReferences" />
      <m code="allRemovedAuths" />
      <m code="attachedAncestors" />
      <m code="autocomplete" />
      <m code="caption" />
      <m code="code" label_en="Code" id="1" undeletable="f" systemReserved="f" type="STRING" />
      <m code="createdBy" label_en="Created by" type="REFERENCE">
        <references schemaType="user" />
      </m>
      <m code="createdOn" />
      <m code="deleted" />
      <m code="denyTokens" />
      <m code="detachedauthorizations" />
      <m code="errorOnPhysicalDeletion" />
      <m code="estimatedSize" />
      <m code="hidden" />
      <m code="html" label_en="Content" id="2" undeletable="f" systemReserved="f" type="TEXT" />
      <m code="id" />
      <m code="keywords" label_en="Keywords" id="3" undeletable="f" multivalue="t" systemReserved="f" type="STRING" />
      <m code="legacyIdentifier" />
      <m code="logicallyDeletedOn" />
      <m code="manualTokens" />
      <m code="markedForParsing" />
      <m code="markedForPreviewConversion" />
      <m code="markedForReindexing" />
      <m code="migrationDataVersion" />
      <m code="modifiedBy" label_en="Modified by" type="REFERENCE">
        <references schemaType="user" />
      </m>
      <m code="modifiedOn" />
      <m code="path" />
      <m code="pathParts" />
      <m code="principalpath" />
      <m code="removedauthorizations" />
      <m code="schema" />
      <m code="shareDenyTokens" />
      <m code="shareTokens" />
      <m code="title" />
      <m code="tokens">
        <dataEntry calculator="com.constellio.model.services.schemas.calculators.TokensCalculator4" />
      </m>
      <m code="tokensHierarchy" />
      <m code="visibleInTrees" />
    </defaultSchema>
    <customSchemas />
  </type>
  <type code="emailToSend" id="6" label_en="Email to send" cache="N" inTransactionLog="t">
    <defaultSchema code="default" id="1" label_en="Email to send">
      <m code="BCC" label_en="Blind carbon copy" id="1" multivalue="t" systemReserved="f" type="STRUCTURE" structureFactory="com.constellio.model.entities.structures.EmailAddressFactory" />
      <m code="CC" label_en="Carbon copy" id="2" multivalue="t" systemReserved="f" type="STRUCTURE" structureFactory="com.constellio.model.entities.structures.EmailAddressFactory" />
      <m code="allReferences" />
      <m code="allRemovedAuths" />
      <m code="attachedAncestors" />
      <m code="autocomplete" />
      <m code="body" label_en="Body" id="3" systemReserved="f" type="TEXT" />
      <m code="caption" />
      <m code="createdBy" label_en="Created by" type="REFERENCE">
        <references schemaType="user" />
      </m>
      <m code="createdOn" />
      <m code="deleted" />
      <m code="denyTokens" />
      <m code="detachedauthorizations" />
      <m code="error" label_en="Error" id="4" systemReserved="f" type="STRING" />
      <m code="errorOnPhysicalDeletion" />
      <m code="estimatedSize" />
      <m code="from" label_en="From" id="5" systemReserved="f" type="STRUCTURE" structureFactory="com.constellio.model.entities.structures.EmailAddressFactory" />
      <m code="hidden" />
      <m code="id" />
      <m code="legacyIdentifier" />
      <m code="linkedFiles" label_en="Attachments" id="6" multivalue="t" systemReserved="f" type="CONTENT" structureFactory="com.constellio.model.services.contents.ContentFactory" />
      <m code="logicallyDeletedOn" />
      <m code="manualTokens" />
      <m code="markedForParsing" />
      <m code="markedForPreviewConversion" />
      <m code="markedForReindexing" />
      <m code="migrationDataVersion" />
      <m code="modifiedBy" label_en="Modified by" type="REFERENCE">
        <references schemaType="user" />
      </m>
      <m code="modifiedOn" />
      <m code="parameters" label_en="Parameters" id="7" multivalue="t" systemReserved="f" type="STRING" />
      <m code="path" />
      <m code="pathParts" />
      <m code="principalpath" />
      <m code="removedauthorizations" />
      <m code="schema" />
      <m code="sendOn" label_en="Send on" id="8" systemReserved="f" type="DATE_TIME" />
      <m code="shareDenyTokens" />
      <m code="shareTokens" />
      <m code="subject" label_en="Subject" id="9" systemReserved="f" type="STRING" />
      <m code="template" label_en="Template" id="10" systemReserved="f" type="STRING" />
      <m code="title" />
      <m code="to" label_en="To" id="11" multivalue="t" systemReserved="f" type="STRUCTURE" structureFactory="com.constellio.model.entities.structures.EmailAddressFactory" />
      <m code="tokens" />
      <m code="tokensHierarchy" />
      <m code="tryingCount" label_en="Trying count" id="12" systemReserved="f" type="NUMBER" defaultRequirement="t">
        <defaultValue type="java.lang.Double">0.0</defaultValue>
      </m>
      <m code="visibleInTrees" />
    </defaultSchema>
    <customSchemas />
  </type>
  <type code="event" id="7" label_en="Event" cache="N" inTransactionLog="t">
    <defaultSchema code="default" id="1" label_en="Event">
      <m code="allReferences" />
      <m code="allRemovedAuths" />
      <m code="attachedAncestors" />
      <m code="autocomplete" />
      <m code="batchProcessIdentifier" label_en="Batch process identifier" id="15" systemReserved="f" type="TEXT" />
      <m code="caption" />
      <m code="content" label_en="Report" id="17" systemReserved="f" type="CONTENT" structureFactory="com.constellio.model.services.contents.ContentFactory" />
      <m code="createdBy" label_en="Created by" type="REFERENCE">
        <references schemaType="user" />
      </m>
      <m code="createdOn" label_en="Date de l'évènement" />
      <m code="deleted" />
      <m code="delta" label_en="Details" id="1" systemReserved="f" type="STRING" />
      <m code="denyTokens" />
      <m code="detachedauthorizations" />
      <m code="errorOnPhysicalDeletion" />
      <m code="estimatedSize" />
      <m code="eventPrincipalPath" label_en="Main path" id="2" systemReserved="f" type="STRING" />
      <m code="hidden" />
      <m code="id" />
      <m code="ip" label_en="IP" id="3" systemReserved="f" type="STRING" />
      <m code="legacyIdentifier" />
      <m code="logicallyDeletedOn" />
      <m code="manualTokens" />
      <m code="markedForParsing" />
      <m code="markedForPreviewConversion" />
      <m code="markedForReindexing" />
      <m code="migrationDataVersion" />
      <m code="modifiedBy" label_en="Modified by" type="REFERENCE">
        <references schemaType="user" />
      </m>
      <m code="modifiedOn" label_en="Date de l'évènement" />
      <m code="negative" label_en="Negative?" id="4" systemReserved="f" type="BOOLEAN" />
      <m code="path" />
      <m code="pathParts" />
      <m code="permissionDateRange" label_en="Dates (permission)" id="5" systemReserved="f" type="STRING" />
      <m code="permissionRoles" label_en="Roles (permission)" id="6" systemReserved="f" type="STRING" />
      <m code="permissionUsers" label_en="Users (permission)" id="7" systemReserved="f" type="STRING" />
      <m code="principalpath" />
      <m code="reason" label_en="Reason" id="8" systemReserved="f" type="STRING" />
      <m code="recordIdentifier" label_en="Identifier" id="9" systemReserved="f" type="STRING" />
      <m code="recordVersion" label_en="Version" id="10" undeletable="f" systemReserved="f" type="STRING" />
      <m code="removedauthorizations" />
      <m code="schema" />
      <m code="shareDenyTokens" />
      <m code="shareTokens" />
      <m code="sharedBy" label_en="init.event.default.sharedBy" id="14" undeletable="f" systemReserved="f" type="STRING" />
      <m code="title" />
      <m code="tokens" />
      <m code="tokensHierarchy" />
      <m code="totalModifiedRecord" label_en="Modified records" id="16" systemReserved="f" type="NUMBER" />
      <m code="type" label_en="Type" id="11" systemReserved="f" type="STRING" />
      <m code="userRoles" label_en="User roles" id="12" systemReserved="f" type="STRING" />
      <m code="username" label_en="User" id="13" systemReserved="f" type="STRING" />
      <m code="visibleInTrees" />
    </defaultSchema>
    <customSchemas />
  </type>
  <type code="facet" id="8" label_en="Facet" cache="F" inTransactionLog="t">
    <defaultSchema code="default" id="1" label_en="Facet">
      <m code="active" label_en="Active" id="1" systemReserved="f" type="BOOLEAN">
        <defaultValue type="java.lang.Boolean">true</defaultValue>
      </m>
      <m code="allReferences" />
      <m code="allRemovedAuths" />
      <m code="attachedAncestors" />
      <m code="autocomplete" />
      <m code="caption" />
      <m code="createdBy" label_en="Created by" type="REFERENCE">
        <references schemaType="user" />
      </m>
      <m code="createdOn" />
      <m code="deleted" />
      <m code="denyTokens" />
      <m code="detachedauthorizations" />
      <m code="elementPerPage" label_en="Elements per page" id="2" systemReserved="f" type="NUMBER" defaultRequirement="t">
        <defaultValue type="java.lang.Integer">5</defaultValue>
      </m>
      <m code="errorOnPhysicalDeletion" />
      <m code="estimatedSize" />
      <m code="facetType" label_en="Type" id="3" systemReserved="f" type="ENUM" defaultRequirement="t" enumClass="com.constellio.model.entities.records.wrappers.structure.FacetType" />
      <m code="fieldDatastoreCode" label_en="Field code" id="4" systemReserved="f" essential="t" type="STRING" />
      <m code="hidden" />
      <m code="id" />
      <m code="legacyIdentifier" />
      <m code="logicallyDeletedOn" />
      <m code="manualTokens" />
      <m code="markedForParsing" />
      <m code="markedForPreviewConversion" />
      <m code="markedForReindexing" />
      <m code="migrationDataVersion" />
      <m code="modifiedBy" label_en="Modified by" type="REFERENCE">
        <references schemaType="user" />
      </m>
      <m code="modifiedOn" />
      <m code="openByDefault" label_en="Open by default" id="5" systemReserved="f" type="BOOLEAN">
        <defaultValue type="java.lang.Boolean">true</defaultValue>
      </m>
      <m code="order" label_en="Order" id="6" systemReserved="f" type="NUMBER" />
      <m code="orderResult" label_en="Result order" id="7" systemReserved="f" type="ENUM" defaultRequirement="t" enumClass="com.constellio.model.entities.records.wrappers.structure.FacetOrderType">
        <defaultValue type="com.constellio.model.entities.records.wrappers.structure.FacetOrderType">R</defaultValue>
      </m>
      <m code="pages" label_en="Page count" id="8" systemReserved="f" type="NUMBER">
        <defaultValue type="java.lang.Integer">1</defaultValue>
      </m>
      <m code="path" />
      <m code="pathParts" />
      <m code="principalpath" />
      <m code="removedauthorizations" />
      <m code="schema" />
      <m code="shareDenyTokens" />
      <m code="shareTokens" />
      <m code="title" multilingual="t" defaultRequirement="t" />
      <m code="tokens" />
      <m code="tokensHierarchy" />
      <m code="usedByModule" label_en="Used by module" id="9" type="STRING" />
      <m code="visibleInTrees" />
    </defaultSchema>
    <customSchemas>
      <schema code="field" id="3" label_en="Field" undeletable="f" active="t">
        <m code="fieldValuesLabel" label_en="Labels for field values" id="11" systemReserved="f" type="STRUCTURE" structureFactory="com.constellio.model.entities.structures.MapStringStringStructureFactory" />
      </schema>
      <schema code="query" id="2" label_en="Query" undeletable="f" active="t">
        <m code="listQueries" label_en="Queries list" id="10" systemReserved="f" type="STRUCTURE" structureFactory="com.constellio.model.entities.structures.MapStringStringStructureFactory" />
      </schema>
    </customSchemas>
  </type>
  <type code="globalGroup" id="9" label_en="init.globalGroup" cache="F" inTransactionLog="t">
    <defaultSchema code="default" id="1" label_en="globalGroup">
      <m code="allReferences" />
      <m code="allRemovedAuths" />
      <m code="attachedAncestors" />
      <m code="autocomplete" />
      <m code="caption" />
      <m code="code" label_en="Code" id="1" cacheIndex="t" systemReserved="f" essential="t" uniqueValue="t" type="STRING" defaultRequirement="t" />
      <m code="collections" label_en="init.globalGroup.default.collections" id="2" multivalue="t" systemReserved="f" type="STRING" />
      <m code="createdBy" label_en="Created by" type="REFERENCE">
        <references schemaType="user" />
      </m>
      <m code="createdOn" />
      <m code="deleted" />
      <m code="denyTokens" />
      <m code="detachedauthorizations" />
      <m code="errorOnPhysicalDeletion" />
      <m code="estimatedSize" />
      <m code="hidden" />
      <m code="hierarchy" label_en="init.globalGroup.default.hierarchy" id="3" systemReserved="f" type="STRING" />
      <m code="id" />
      <m code="legacyIdentifier" />
      <m code="locallyCreated" label_en="init.globalGroup.default.locallyCreated" id="4" systemReserved="f" type="BOOLEAN" />
      <m code="logicallyDeletedOn" />
      <m code="manualTokens" />
      <m code="markedForParsing" />
      <m code="markedForPreviewConversion" />
      <m code="markedForReindexing" />
      <m code="migrationDataVersion" />
      <m code="modifiedBy" label_en="Modified by" type="REFERENCE">
        <references schemaType="user" />
      </m>
      <m code="modifiedOn" />
      <m code="name" label_en="Name" id="5" systemReserved="f" type="STRING" defaultRequirement="t" />
      <m code="parent" label_en="Parent" id="6" cacheIndex="t" systemReserved="f" type="STRING" />
      <m code="path" />
      <m code="pathParts" />
      <m code="principalpath" />
      <m code="removedauthorizations" />
      <m code="schema" />
      <m code="shareDenyTokens" />
      <m code="shareTokens" />
      <m code="status" label_en="Status" id="7" systemReserved="f" type="ENUM" defaultRequirement="t" enumClass="com.constellio.model.entities.security.global.GlobalGroupStatus" />
      <m code="title" />
      <m code="tokens" />
      <m code="tokensHierarchy" />
      <m code="visibleInTrees" />
    </defaultSchema>
    <customSchemas />
  </type>
  <type code="group" id="2" label_en="Group" cache="F" inTransactionLog="t">
    <defaultSchema code="default" id="1" label_en="Group">
      <m code="allReferences" />
      <m code="allRemovedAuths" />
      <m code="ancestors" label_en="Ancestors" id="1" undeletable="f" multivalue="t" systemReserved="f" type="STRING">
        <dataEntry calculator="com.constellio.model.services.schemas.calculators.GroupAncestorsCalculator" />
      </m>
      <m code="attachedAncestors" />
      <m code="autocomplete" />
      <m code="caption" />
      <m code="code" label_en="Code" id="2" cacheIndex="t" schemaAutocomplete="t" systemReserved="f" uniqueValue="t" type="STRING" />
      <m code="createdOn" />
      <m code="deleted" />
      <m code="denyTokens" />
      <m code="detachedauthorizations" />
      <m code="errorOnPhysicalDeletion" />
      <m code="estimatedSize" />
      <m code="hidden" />
      <m code="id" />
      <m code="isGlobal" label_en="Global" id="3" systemReserved="f" type="BOOLEAN" />
      <m code="legacyIdentifier" />
      <m code="logicallyDeletedOn" />
      <m code="manualTokens" />
      <m code="markedForParsing" />
      <m code="markedForPreviewConversion" />
      <m code="markedForReindexing" />
      <m code="migrationDataVersion" />
      <m code="modifiedOn" />
      <m code="parent" label_en="Parent" id="4" cacheIndex="t" systemReserved="f" type="REFERENCE">
        <references schemas="group_default" />
      </m>
      <m code="path" />
      <m code="pathParts" />
      <m code="principalpath" />
      <m code="removedauthorizations" />
      <m code="roles" label_en="Roles" id="5" multivalue="t" systemReserved="f" type="STRING" />
      <m code="schema" />
      <m code="shareDenyTokens" />
      <m code="shareTokens" />
      <m code="title" />
      <m code="tokens" />
      <m code="tokensHierarchy" />
      <m code="visibleInTrees" />
    </defaultSchema>
    <customSchemas />
  </type>
  <type code="printable" id="10" label_en="Printables" cache="F" inTransactionLog="t">
    <defaultSchema code="default" id="1" label_en="Printables">
      <m code="allReferences" />
      <m code="allRemovedAuths" />
      <m code="attachedAncestors" />
      <m code="autocomplete" />
      <m code="caption" />
      <m code="createdBy" label_en="Created by" type="REFERENCE">
        <references schemaType="user" />
      </m>
      <m code="createdOn" />
      <m code="deleted" />
      <m code="denyTokens" />
      <m code="detachedauthorizations" />
      <m code="errorOnPhysicalDeletion" />
      <m code="estimatedSize" />
      <m code="hidden" />
      <m code="id" />
      <m code="isdeletable" label_en="init.printable.default.isdeletable" id="1" systemReserved="f" type="BOOLEAN">
        <defaultValue type="java.lang.Boolean">true</defaultValue>
      </m>
      <m code="jasperfile" label_en="Jasper File" id="2" systemReserved="f" essential="t" type="CONTENT" defaultRequirement="t" structureFactory="com.constellio.model.services.contents.ContentFactory">
        <validators classNames="com.constellio.model.services.schemas.validators.JasperFilePrintableValidator" />
      </m>
      <m code="legacyIdentifier" />
      <m code="logicallyDeletedOn" />
      <m code="manualTokens" />
      <m code="markedForParsing" />
      <m code="markedForPreviewConversion" />
      <m code="markedForReindexing" />
      <m code="migrationDataVersion" />
      <m code="modifiedBy" label_en="Modified by" type="REFERENCE">
        <references schemaType="user" />
      </m>
      <m code="modifiedOn" />
      <m code="path" />
      <m code="pathParts" />
      <m code="principalpath" />
      <m code="removedauthorizations" />
      <m code="schema" />
      <m code="shareDenyTokens" />
      <m code="shareTokens" />
      <m code="title" multilingual="t" defaultRequirement="t" />
      <m code="tokens">
        <dataEntry calculator="com.constellio.model.services.schemas.calculators.TokensCalculator4" />
      </m>
      <m code="tokensHierarchy" />
      <m code="visibleInTrees" />
    </defaultSchema>
    <customSchemas />
  </type>
  <type code="report" id="11" label_en="Report" cache="F" inTransactionLog="t">
    <defaultSchema code="default" id="1" label_en="Report">
      <m code="allReferences" />
      <m code="allRemovedAuths" />
      <m code="attachedAncestors" />
      <m code="autocomplete" />
      <m code="caption" />
      <m code="columnsCount" label_en="Columns count" id="1" systemReserved="f" type="NUMBER" />
      <m code="createdBy" label_en="Created by" type="REFERENCE">
        <references schemaType="user" />
      </m>
      <m code="createdOn" />
      <m code="deleted" />
      <m code="denyTokens" />
      <m code="detachedauthorizations" />
      <m code="errorOnPhysicalDeletion" />
      <m code="estimatedSize" />
      <m code="hidden" />
      <m code="id" />
      <m code="legacyIdentifier" />
      <m code="linesCount" label_en="Lines count" id="2" systemReserved="f" type="NUMBER" defaultRequirement="t" />
      <m code="logicallyDeletedOn" />
      <m code="manualTokens" />
      <m code="markedForParsing" />
      <m code="markedForPreviewConversion" />
      <m code="markedForReindexing" />
      <m code="migrationDataVersion" />
      <m code="modifiedBy" label_en="Modified by" type="REFERENCE">
        <references schemaType="user" />
      </m>
      <m code="modifiedOn" />
      <m code="path" />
      <m code="pathParts" />
      <m code="principalpath" />
      <m code="removedauthorizations" />
      <m code="reportedMetadata" label_en="Reported metadata" id="3" multivalue="t" systemReserved="f" type="STRUCTURE" structureFactory="com.constellio.model.entities.records.wrappers.structure.ReportedMetadataFactory" />
      <m code="schema" />
      <m code="schemaTypeCode" label_en="Schema code Type" id="4" systemReserved="f" type="STRING" defaultRequirement="t" />
      <m code="separator" label_en="Separator" id="5" systemReserved="f" type="STRING" />
      <m code="shareDenyTokens" />
      <m code="shareTokens" />
      <m code="title" multilingual="t" />
      <m code="tokens" />
      <m code="tokensHierarchy" />
      <m code="username" label_en="Username" id="6" systemReserved="f" type="STRING" />
      <m code="visibleInTrees" />
    </defaultSchema>
    <customSchemas />
  </type>
  <type code="savedSearch" id="12" label_en="Saved search" cache="N" inTransactionLog="t">
    <defaultSchema code="default" id="1" label_en="Saved search">
      <m code="advancedSearch" label_en="Advanced search criteria" id="1" multivalue="t" systemReserved="f" type="STRUCTURE" structureFactory="com.constellio.app.ui.pages.search.criteria.CriterionFactory" />
      <m code="allReferences" />
      <m code="allRemovedAuths" />
      <m code="attachedAncestors" />
      <m code="autocomplete" />
      <m code="caption" />
      <m code="createdBy" label_en="Created by" type="REFERENCE">
        <references schemaType="user" />
      </m>
      <m code="createdOn" />
      <m code="deleted" />
      <m code="denyTokens" />
      <m code="detachedauthorizations" />
      <m code="errorOnPhysicalDeletion" />
      <m code="estimatedSize" />
      <m code="facetSelections" label_en="Facets" id="2" multivalue="t" systemReserved="f" type="STRUCTURE" structureFactory="com.constellio.app.ui.pages.search.criteria.FacetSelectionsFactory" />
      <m code="freeTextSearch" label_en="Search query" id="3" systemReserved="f" type="STRING" />
      <m code="hidden" />
      <m code="id" />
      <m code="legacyIdentifier" />
      <m code="logicallyDeletedOn" />
      <m code="manualTokens" />
      <m code="markedForParsing" />
      <m code="markedForPreviewConversion" />
      <m code="markedForReindexing" />
      <m code="migrationDataVersion" />
      <m code="modifiedBy" label_en="Modified by" type="REFERENCE">
        <references schemaType="user" />
      </m>
      <m code="modifiedOn" />
      <m code="pageLength" label_en="Quantity of results" id="4" systemReserved="f" type="NUMBER" />
      <m code="pageNumber" label_en="init.savedSearch.default.pageNumber" id="5" systemReserved="f" type="NUMBER" />
      <m code="path" />
      <m code="pathParts" />
      <m code="principalpath" />
      <m code="public" label_en="Shared" id="6" systemReserved="f" type="BOOLEAN" />
      <m code="removedauthorizations" />
      <m code="restricted" label_en="Restricted share" id="7" systemReserved="f" type="BOOLEAN">
        <dataEntry calculator="com.constellio.model.entities.calculators.SavedSearchRestrictedCalculator" />
      </m>
      <m code="resultsViewMode" label_en="Search results view mode" id="8" systemReserved="f" type="STRING">
        <defaultValue type="java.lang.String">detailed</defaultValue>
      </m>
      <m code="schema" />
      <m code="schemaCodeFilter" label_en="Schema filter" id="9" systemReserved="f" type="STRING" />
      <m code="schemaFilter" label_en="Format filter" id="10" systemReserved="f" type="STRING" />
      <m code="searchType" label_en="Search type" id="11" systemReserved="f" type="STRING" />
      <m code="shareDenyTokens" />
      <m code="shareTokens" />
      <m code="sharedGroups" label_en="Shared groups" id="12" multivalue="t" systemReserved="f" type="STRING" />
      <m code="sharedUsers" label_en="Shared users" id="13" multivalue="t" systemReserved="f" type="STRING" />
      <m code="sortField" label_en="Sort field" id="14" systemReserved="f" type="STRING" />
      <m code="sortOrder" label_en="Sort order" id="15" systemReserved="f" type="ENUM" enumClass="com.constellio.model.entities.records.wrappers.SavedSearch$SortOrder" />
      <m code="temporary" label_en="init.savedSearch.default.temporary" id="16" systemReserved="f" type="BOOLEAN" />
      <m code="title" />
      <m code="tokens" />
      <m code="tokensHierarchy" />
      <m code="user" label_en="User" id="17" systemReserved="f" type="REFERENCE">
        <references schemaType="user" />
      </m>
      <m code="visibleInTrees" />
    </defaultSchema>
    <customSchemas />
  </type>
  <type code="searchEvent" id="13" label_en="Search event" dataStore="events" cache="N" inTransactionLog="t">
    <defaultSchema code="default" id="1" label_en="Search event">
      <m code="allReferences" />
      <m code="allRemovedAuths" />
      <m code="attachedAncestors" />
      <m code="autocomplete" />
      <m code="capsule" label_en="Capsule" id="1" undeletable="f" multivalue="t" systemReserved="f" type="REFERENCE">
        <references schemaType="capsule" />
      </m>
      <m code="caption" />
      <m code="clickCount" label_en="Click count" id="2" undeletable="f" systemReserved="f" type="NUMBER" />
      <m code="clicks" label_en="Clics" id="3" undeletable="f" multivalue="t" systemReserved="f" type="STRING" />
      <m code="createdBy" label_en="Created by" type="REFERENCE">
        <references schemaType="user" />
      </m>
      <m code="createdOn" />
      <m code="deleted" />
      <m code="denyTokens" />
      <m code="detachedauthorizations" />
      <m code="dwellTime" label_en="Dwell time" id="4" undeletable="f" systemReserved="f" type="NUMBER">
        <defaultValue type="java.lang.Integer">0</defaultValue>
      </m>
      <m code="errorOnPhysicalDeletion" />
      <m code="estimatedSize" />
      <m code="hidden" />
      <m code="id" />
      <m code="lastPageNavigation" label_en="Last page navigation" id="5" undeletable="f" systemReserved="f" type="NUMBER" />
      <m code="legacyIdentifier" />
      <m code="logicallyDeletedOn" />
      <m code="manualTokens" />
      <m code="markedForParsing" />
      <m code="markedForPreviewConversion" />
      <m code="markedForReindexing" />
      <m code="migrationDataVersion" />
      <m code="modifiedBy" label_en="Modified by" type="REFERENCE">
        <references schemaType="user" />
      </m>
      <m code="modifiedOn" />
      <m code="numFound" label_en="Numfound" id="6" undeletable="f" systemReserved="f" type="NUMBER" />
      <m code="originalQuery" label_en="Original query" id="7" undeletable="f" systemReserved="f" type="STRING" />
      <m code="pageNavigationCount" label_en="Page navigation count" id="8" undeletable="f" systemReserved="f" type="NUMBER" />
      <m code="params" label_en="Params" id="9" undeletable="f" multivalue="t" systemReserved="f" type="STRING" />
      <m code="path" />
      <m code="pathParts" />
      <m code="principalpath" />
      <m code="qTime" label_en="Qtime" id="10" undeletable="f" systemReserved="f" type="NUMBER" />
      <m code="query" label_en="Query" id="11" undeletable="f" systemReserved="f" type="STRING" />
      <m code="removedauthorizations" />
      <m code="schema" />
      <m code="shareDenyTokens" />
      <m code="shareTokens" />
      <m code="title" />
      <m code="tokens">
        <dataEntry calculator="com.constellio.model.services.schemas.calculators.TokensCalculator4" />
      </m>
      <m code="tokensHierarchy" />
      <m code="username" label_en="User name" id="12" undeletable="f" systemReserved="f" type="STRING" />
      <m code="visibleInTrees" />
    </defaultSchema>
    <customSchemas />
  </type>
  <type code="task" id="14" label_en="Task" cache="F" inTransactionLog="t">
    <defaultSchema code="default" id="1" label_en="Task">
      <m code="allReferences" />
      <m code="allRemovedAuths" />
      <m code="assignCandidates" label_en="Assigned candidates" id="1" multivalue="t" systemReserved="f" type="REFERENCE">
        <references schemaType="user" />
      </m>
      <m code="assignedOn" label_en="Assigned on" id="2" systemReserved="f" type="DATE_TIME" />
      <m code="assignedTo" label_en="Assigned to" id="3" systemReserved="f" type="REFERENCE">
        <references schemaType="user" />
      </m>
      <m code="attachedAncestors" />
      <m code="autocomplete" />
      <m code="caption" />
      <m code="createdBy" label_en="Created by" type="REFERENCE">
        <references schemaType="user" />
      </m>
      <m code="createdOn" />
      <m code="deleted" />
      <m code="denyTokens" />
      <m code="detachedauthorizations" />
      <m code="dueDate" label_en="Due date" id="4" systemReserved="f" type="DATE_TIME" />
      <m code="errorOnPhysicalDeletion" />
      <m code="estimatedSize" />
      <m code="finishedBy" label_en="Finished by" id="5" systemReserved="f" type="REFERENCE">
        <references schemaType="user" />
      </m>
      <m code="finishedOn" label_en="Finished on" id="6" systemReserved="f" type="DATE_TIME" />
      <m code="hidden" />
      <m code="id" />
      <m code="legacyIdentifier" />
      <m code="logicallyDeletedOn" />
      <m code="manualTokens" />
      <m code="markedForParsing" />
      <m code="markedForPreviewConversion" />
      <m code="markedForReindexing" />
      <m code="migrationDataVersion" />
      <m code="modifiedBy" label_en="Modified by" type="REFERENCE">
        <references schemaType="user" />
      </m>
      <m code="modifiedOn" />
      <m code="path" />
      <m code="pathParts" />
      <m code="principalpath" />
      <m code="removedauthorizations" />
      <m code="schema" />
      <m code="shareDenyTokens" />
      <m code="shareTokens" />
      <m code="title" />
      <m code="tokens" />
      <m code="tokensHierarchy" />
      <m code="visibleInTrees" />
      <m code="workflowIdentifier" label_en="Workflow Identifier" id="7" systemReserved="f" type="STRING" />
      <m code="workflowRecordIdentifiers" label_en="Workflow record identifier" id="8" multivalue="t" systemReserved="f" type="STRING" />
    </defaultSchema>
    <customSchemas>
      <schema code="approval" id="2" label_en="init.task.approval" undeletable="f" active="t">
        <m code="decision" label_en="Decision" id="9" systemReserved="f" type="STRING">
          <validators classNames="com.constellio.model.services.schemas.validators.DecisionValidator" />
        </m>
      </schema>
    </customSchemas>
  </type>
  <type code="temporaryRecord" id="15" label_en="Temporary records" cache="F" inTransactionLog="t">
    <defaultSchema code="default" id="1" label_en="Temporary records">
      <m code="allReferences" />
      <m code="allRemovedAuths" />
      <m code="attachedAncestors" />
      <m code="autocomplete" />
      <m code="caption" />
      <m code="content" label_en="Content" id="1" type="CONTENT" structureFactory="com.constellio.model.services.contents.ContentFactory" />
      <m code="createdBy" label_en="Created by" type="REFERENCE">
        <references schemaType="user" />
      </m>
      <m code="createdOn" />
      <m code="daysBeforeDestruction" label_en="Days before destruction" id="2" systemReserved="f" type="NUMBER">
        <defaultValue type="java.lang.Double">7.0</defaultValue>
        <validators classNames="com.constellio.model.services.schemas.validators.TemporaryRecordValidator" />
      </m>
      <m code="deleted" />
      <m code="denyTokens" />
      <m code="destructionDate" label_en="Destruction date" id="3" type="DATE_TIME">
        <dataEntry calculator="com.constellio.app.modules.rm.model.calculators.TemporaryRecordDestructionDateCalculator" />
      </m>
      <m code="detachedauthorizations" />
      <m code="errorOnPhysicalDeletion" />
      <m code="estimatedSize" />
      <m code="hidden" />
      <m code="id" />
      <m code="legacyIdentifier" />
      <m code="logicallyDeletedOn" />
      <m code="manualTokens" />
      <m code="markedForParsing" />
      <m code="markedForPreviewConversion" />
      <m code="markedForReindexing" />
      <m code="migrationDataVersion" />
      <m code="modifiedBy" label_en="Modified by" type="REFERENCE">
        <references schemaType="user" />
      </m>
      <m code="modifiedOn" />
      <m code="path" />
      <m code="pathParts" />
      <m code="principalpath" />
      <m code="removedauthorizations" />
      <m code="schema" />
      <m code="shareDenyTokens" />
      <m code="shareTokens" />
      <m code="title" />
      <m code="tokens">
        <dataEntry calculator="com.constellio.model.services.schemas.calculators.TokensCalculator4" />
      </m>
      <m code="tokensHierarchy" />
      <m code="visibleInTrees" />
    </defaultSchema>
    <customSchemas>
      <schema code="batchProcessReport" id="5" label_en="Batch process report" undeletable="f" active="t">
        <m code="errors" label_en="Errors" id="7" type="TEXT" />
        <m code="linkedBatchProcess" label_en="Linked batch process" id="8" uniqueValue="t" type="STRING" />
        <m code="skippedRecords" label_en="Skipped records" id="9" multivalue="t" type="STRING" />
      </schema>
      <schema code="exportAudit" id="4" label_en="export audit" undeletable="f" active="t">
        <m code="endDate" label_en="init.temporaryRecord.exportAudit.endDate" id="6" type="DATE_TIME" />
      </schema>
      <schema code="importAudit" id="3" label_en="Import audit" undeletable="f" active="t">
        <m code="endDate" label_en="init.temporaryRecord.importAudit.endDate" id="4" type="DATE_TIME" />
        <m code="errors" label_en="Errors" id="5" type="TEXT" />
      </schema>
      <schema code="scriptReport" id="2" label_en="Script report" undeletable="f" active="t" />
    </customSchemas>
  </type>
  <type code="thesaurusConfig" id="16" label_en="Thesaurus configuration" cache="F" inTransactionLog="t">
    <defaultSchema code="default" id="1" label_en="Thesaurus configuration">
      <m code="allReferences" />
      <m code="allRemovedAuths" />
      <m code="attachedAncestors" />
      <m code="autocomplete" />
      <m code="caption" />
      <m code="content" label_en="File" id="1" type="CONTENT" structureFactory="com.constellio.model.services.contents.ContentFactory" />
      <m code="createdBy" label_en="Created by" type="REFERENCE">
        <references schemaType="user" />
      </m>
      <m code="createdOn" />
      <m code="deleted" />
      <m code="deniedWord" label_en="Denied words" id="2" multivalue="t" type="STRING" />
      <m code="denyTokens" />
      <m code="detachedauthorizations" />
      <m code="errorOnPhysicalDeletion" />
      <m code="estimatedSize" />
      <m code="hidden" />
      <m code="id" />
      <m code="legacyIdentifier" />
      <m code="logicallyDeletedOn" />
      <m code="manualTokens" />
      <m code="markedForParsing" />
      <m code="markedForPreviewConversion" />
      <m code="markedForReindexing" />
      <m code="migrationDataVersion" />
      <m code="modifiedBy" label_en="Modified by" type="REFERENCE">
        <references schemaType="user" />
      </m>
      <m code="modifiedOn" />
      <m code="path" />
      <m code="pathParts" />
      <m code="principalpath" />
      <m code="removedauthorizations" />
      <m code="schema" />
      <m code="shareDenyTokens" />
      <m code="shareTokens" />
      <m code="title" />
      <m code="tokens">
        <dataEntry calculator="com.constellio.model.services.schemas.calculators.TokensCalculator4" />
      </m>
      <m code="tokensHierarchy" />
      <m code="visibleInTrees" />
    </defaultSchema>
    <customSchemas />
  </type>
  <type code="user" id="3" label_en="User" cache="F" inTransactionLog="t">
    <defaultSchema code="default" id="1" label_en="User">
      <m code="address" label_en="Address" id="1" undeletable="f" systemReserved="f" type="STRING" />
      <m code="agentEnabled" label_en="init.user.default.agentEnabled" id="2" undeletable="f" systemReserved="f" type="BOOLEAN">
        <defaultValue type="java.lang.Boolean">true</defaultValue>
      </m>
      <m code="allReferences" />
      <m code="allRemovedAuths" />
      <m code="allroles" label_en="Roles" id="3" multivalue="t" systemReserved="f" type="STRING">
        <dataEntry calculator="com.constellio.model.services.schemas.calculators.RolesCalculator" />
      </m>
      <m code="attachedAncestors" />
      <m code="autocomplete" />
      <m code="caption" />
      <m code="collectionDeleteAccess" label_en="Collection delete access" id="4" systemReserved="f" type="BOOLEAN" />
      <m code="collectionReadAccess" label_en="Collection read access" id="5" systemReserved="f" type="BOOLEAN" />
      <m code="collectionWriteAccess" label_en="Collection write access" id="6" systemReserved="f" type="BOOLEAN" />
      <m code="createdOn" />
      <m code="defaultPageLength" label_en="Number of search results by default" id="7" systemReserved="f" type="ENUM" enumClass="com.constellio.model.entities.enums.SearchPageLength">
        <defaultValue type="com.constellio.model.entities.enums.SearchPageLength">10</defaultValue>
      </m>
      <m code="defaultTabInFolderDisplay" label_en="init.user.default.defaultTabInFolderDisplay" id="8" systemReserved="f" type="STRING" />
      <m code="defaultTaxonomy" label_en="init.user.default.defaultTaxonomy" id="9" systemReserved="f" type="STRING" />
      <m code="deleted" />
      <m code="denyTokens" />
      <m code="detachedauthorizations" />
      <m code="doNotReceiveEmails" label_en="Do not receive emails" id="10" systemReserved="f" type="BOOLEAN" />
      <m code="email" label_en="Email" id="11" systemReserved="f" type="STRING">
        <validators classNames="com.constellio.model.services.schemas.validators.EmailValidator" />
      </m>
      <m code="enableFacetsApplyButton" label_en="Facets apply button enabled" id="32" systemReserved="f" type="BOOLEAN">
        <defaultValue type="java.lang.Boolean">false</defaultValue>
      </m>
      <m code="errorOnPhysicalDeletion" />
      <m code="estimatedSize" />
      <m code="fax" label_en="Fax" id="12" undeletable="f" systemReserved="f" type="STRING" />
      <m code="firstname" label_en="First name" id="13" systemReserved="f" type="STRING" />
      <m code="groups" label_en="Groups" id="14" multivalue="t" cacheIndex="t" systemReserved="f" type="REFERENCE">
        <references schemaType="group" />
      </m>
      <m code="hidden" />
      <m code="id" />
      <m code="jobTitle" label_en="init.user.default.jobTitle" id="15" systemReserved="f" type="STRING" />
      <m code="lastIPAddress" label_en="init.user.default.lastIPAddress" id="16" type="STRING" />
      <m code="lastLogin" label_en="init.user.default.lastLogin" id="17" type="DATE_TIME" />
      <m code="lastname" label_en="Last name" id="18" systemReserved="f" type="STRING" />
      <m code="legacyIdentifier" />
      <m code="logicallyDeletedOn" />
      <m code="loginLanguageCode" label_en="init.user.default.loginLanguageCode" id="19" systemReserved="f" type="STRING" />
      <m code="manualTokens" />
      <m code="markedForParsing" />
      <m code="markedForPreviewConversion" />
      <m code="markedForReindexing" />
      <m code="migrationDataVersion" />
      <m code="modifiedOn" />
      <m code="path" />
      <m code="pathParts" />
      <m code="personalEmails" label_en="Personal emails" id="20" undeletable="f" multivalue="t" systemReserved="f" type="STRING" />
      <m code="phone" label_en="init.user.default.phone" id="21" systemReserved="f" type="STRING" />
      <m code="principalpath" />
      <m code="removedauthorizations" />
      <m code="schema" />
      <m code="shareDenyTokens" />
      <m code="shareTokens" />
      <m code="signature" label_en="Signature" id="22" systemReserved="f" type="TEXT" />
      <m code="startTab" label_en="init.user.default.startTab" id="23" systemReserved="f" type="STRING" />
      <m code="status" label_en="Status" id="24" systemReserved="f" type="ENUM" enumClass="com.constellio.model.entities.security.global.UserCredentialStatus" />
      <m code="systemAdmin" label_en="init.user.default.systemAdmin" id="25" systemReserved="f" type="BOOLEAN" />
      <m code="taxonomyDisplayOrder" label_en="Taxonomy display order on homepage" id="26" multivalue="t" systemReserved="f" type="STRING" />
      <m code="title">
        <dataEntry calculator="com.constellio.model.entities.records.calculators.UserTitleCalculator" />
      </m>
      <m code="tokens" />
      <m code="tokensHierarchy" />
      <m code="userDocumentSizeSum" label_en="Desktop's total file size" id="27" systemReserved="f" type="NUMBER">
        <dataEntry agregationType="SUM" referenceMetadata="userDocument_default_user" inputMetadata="userDocument_default_contentSize" />
      </m>
      <m code="username" label_en="User name" id="28" cacheIndex="t" systemReserved="f" uniqueValue="t" unmodifiable="t" type="STRING" />
      <m code="userroles" label_en="User roles" id="29" multivalue="t" systemReserved="f" type="STRING" />
      <m code="usertokens" label_en="Tokens" id="30" multivalue="t" systemReserved="f" type="STRING">
        <dataEntry calculator="com.constellio.model.services.schemas.calculators.UserTokensCalculator2" />
      </m>
      <m code="visibleInTrees" />
    </defaultSchema>
    <customSchemas />
  </type>
  <type code="userCredential" id="17" label_en="init.userCredential" cache="F" inTransactionLog="t">
    <defaultSchema code="default" id="1" label_en="userCredential">
      <m code="address" label_en="init.userCredential.default.address" id="1" undeletable="f" systemReserved="f" type="STRING" />
      <m code="agentStatus" label_en="init.userCredential.default.agentStatus" id="2" undeletable="f" systemReserved="f" type="ENUM" enumClass="com.constellio.model.entities.security.global.AgentStatus" />
      <m code="allReferences" />
      <m code="allRemovedAuths" />
      <m code="attachedAncestors" />
      <m code="autocomplete" />
      <m code="caption" />
      <m code="collections" label_en="init.userCredential.default.collections" id="3" multivalue="t" systemReserved="f" type="STRING" />
      <m code="createdBy" label_en="Created by" type="REFERENCE">
        <references schemaType="user" />
      </m>
      <m code="createdOn" />
      <m code="deleted" />
      <m code="denyTokens" />
      <m code="detachedauthorizations" />
      <m code="dn" label_en="init.userCredential.default.dn" id="4" systemReserved="f" uniqueValue="t" type="STRING" />
      <m code="doNotReceiveEmails" label_en="Do not receive emails" id="5" systemReserved="f" type="BOOLEAN" />
      <m code="domain" label_en="init.userCredential.default.domain" id="6" systemReserved="f" type="STRING" />
      <m code="email" label_en="init.userCredential.default.email" id="7" systemReserved="f" type="STRING">
        <validators classNames="com.constellio.model.services.schemas.validators.EmailValidator" />
      </m>
      <m code="errorOnPhysicalDeletion" />
      <m code="estimatedSize" />
      <m code="fax" label_en="init.userCredential.default.fax" id="8" undeletable="f" systemReserved="f" type="STRING" />
      <m code="firstname" label_en="init.userCredential.default.firstname" id="9" systemReserved="f" type="STRING" />
      <m code="globalGroups" label_en="init.userCredential.default.globalGroups" id="10" multivalue="t" cacheIndex="t" systemReserved="f" type="STRING" />
      <m code="hasAgreedToPrivacyPolicy" label_en="Has agreed to privacy policy" id="11" systemReserved="f" type="BOOLEAN" />
      <m code="hasReadLastAlert" label_en="Last announcement" id="12" systemReserved="f" type="BOOLEAN" />
      <m code="hidden" />
      <m code="id" />
      <m code="jobTitle" label_en="init.userCredential.default.jobTitle" id="13" undeletable="f" systemReserved="f" type="STRING" />
      <m code="lastname" label_en="init.userCredential.default.lastname" id="14" systemReserved="f" type="STRING" />
      <m code="legacyIdentifier" />
      <m code="logicallyDeletedOn" />
      <m code="manualTokens" />
      <m code="markedForParsing" />
      <m code="markedForPreviewConversion" />
      <m code="markedForReindexing" />
      <m code="migrationDataVersion" />
      <m code="modifiedBy" label_en="Modified by" type="REFERENCE">
        <references schemaType="user" />
      </m>
      <m code="modifiedOn" />
      <m code="msExchangeDelegateList" label_en="init.userCredential.default.msExchangeDelegateList" id="15" multivalue="t" systemReserved="f" type="STRING" />
      <m code="path" />
      <m code="pathParts" />
      <m code="personalEmails" label_en="Personal emails" id="16" multivalue="t" systemReserved="f" type="STRING" />
      <m code="phone" label_en="init.userCredential.default.phone" id="17" undeletable="f" systemReserved="f" type="STRING" />
      <m code="principalpath" />
      <m code="removedauthorizations" />
      <m code="schema" />
      <m code="serviceKey" label_en="init.userCredential.default.serviceKey" id="18" cacheIndex="t" systemReserved="f" encrypted="t" uniqueValue="t" type="STRING" />
      <m code="shareDenyTokens" />
      <m code="shareTokens" />
      <m code="status" label_en="Status" id="19" systemReserved="f" type="ENUM" defaultRequirement="t" enumClass="com.constellio.model.entities.security.global.UserCredentialStatus" />
      <m code="systemAdmin" label_en="init.userCredential.default.systemAdmin" id="20" systemReserved="f" type="BOOLEAN" defaultRequirement="t">
        <defaultValue type="java.lang.Boolean">false</defaultValue>
      </m>
      <m code="title">
        <dataEntry calculator="com.constellio.model.entities.records.calculators.UserTitleCalculator" />
      </m>
      <m code="tokenExpirations" label_en="init.userCredential.default.tokenExpirations" id="21" multivalue="t" systemReserved="f" type="DATE_TIME" />
      <m code="tokenKeys" label_en="init.userCredential.default.tokenKeys" id="22" multivalue="t" systemReserved="f" encrypted="t" type="STRING" />
      <m code="tokens" />
      <m code="tokensHierarchy" />
      <m code="username" label_en="User name" id="23" cacheIndex="t" systemReserved="f" uniqueValue="t" unmodifiable="t" type="STRING" defaultRequirement="t" />
      <m code="visibleInTrees" />
    </defaultSchema>
    <customSchemas />
  </type>
  <type code="userDocument" id="18" label_en="init.userDocument" cache="S" inTransactionLog="t">
    <defaultSchema code="default" id="1" label_en="userDocument">
      <m code="allReferences" />
      <m code="allRemovedAuths" />
      <m code="attachedAncestors" />
      <m code="autocomplete" />
      <m code="caption" />
      <m code="content" label_en="init.userDocument.default.content" id="1" searchable="t" systemReserved="f" type="CONTENT" structureFactory="com.constellio.model.services.contents.ContentFactory" />
      <m code="contentSize" label_en="File size" id="2" systemReserved="f" type="NUMBER">
        <dataEntry calculator="com.constellio.app.modules.rm.model.calculators.UserDocumentContentSizeCalculator" />
      </m>
      <m code="createdBy" label_en="Created by" type="REFERENCE">
        <references schemaType="user" />
      </m>
      <m code="createdOn" />
      <m code="deleted" />
      <m code="denyTokens" />
      <m code="detachedauthorizations" />
      <m code="errorOnPhysicalDeletion" />
      <m code="estimatedSize" />
      <m code="formCreatedOn" label_en="init.userDocument.default.formCreatedOn" id="3" undeletable="f" systemReserved="f" type="DATE_TIME" />
      <m code="formModifiedOn" label_en="init.userDocument.default.formModifiedOn" id="4" undeletable="f" systemReserved="f" type="DATE_TIME" />
      <m code="hidden" />
      <m code="id" />
      <m code="legacyIdentifier" />
      <m code="logicallyDeletedOn" />
      <m code="manualTokens" />
      <m code="markedForParsing" />
      <m code="markedForPreviewConversion" />
      <m code="markedForReindexing" />
      <m code="migrationDataVersion" />
      <m code="modifiedBy" label_en="Modified by" type="REFERENCE">
        <references schemaType="user" />
      </m>
      <m code="modifiedOn" />
      <m code="path" />
      <m code="pathParts" />
      <m code="principalpath" />
      <m code="removedauthorizations" />
      <m code="schema" />
      <m code="shareDenyTokens" />
      <m code="shareTokens" />
      <m code="title" />
      <m code="tokens">
        <dataEntry calculator="com.constellio.model.entities.records.calculators.UserDocumentTokensCalculator" />
      </m>
      <m code="tokensHierarchy" />
      <m code="user" label_en="init.userDocument.default.user" id="5" systemReserved="f" type="REFERENCE">
        <references schemaType="user" />
      </m>
      <m code="userFolder" label_en="init.userDocument.default.userFolder" id="6" undeletable="f" systemReserved="f" type="REFERENCE">
        <references schemaType="userFolder" />
      </m>
      <m code="visibleInTrees" />
    </defaultSchema>
    <customSchemas />
  </type>
  <type code="userFolder" id="19" label_en="init.userFolder" cache="S" inTransactionLog="t">
    <defaultSchema code="default" id="1" label_en="userFolder">
      <m code="allReferences" />
      <m code="allRemovedAuths" />
      <m code="attachedAncestors" />
      <m code="autocomplete" />
      <m code="caption" />
      <m code="createdBy" label_en="Created by" type="REFERENCE">
        <references schemaType="user" />
      </m>
      <m code="createdOn" />
      <m code="deleted" />
      <m code="denyTokens" />
      <m code="detachedauthorizations" />
      <m code="errorOnPhysicalDeletion" />
      <m code="estimatedSize" />
      <m code="formCreatedOn" label_en="init.userFolder.default.formCreatedOn" id="1" undeletable="f" systemReserved="f" type="DATE_TIME" />
      <m code="formModifiedOn" label_en="init.userFolder.default.formModifiedOn" id="2" undeletable="f" systemReserved="f" type="DATE_TIME" />
      <m code="hidden" />
      <m code="id" />
      <m code="legacyIdentifier" />
      <m code="logicallyDeletedOn" />
      <m code="manualTokens" />
      <m code="markedForParsing" />
      <m code="markedForPreviewConversion" />
      <m code="markedForReindexing" />
      <m code="migrationDataVersion" />
      <m code="modifiedBy" label_en="Modified by" type="REFERENCE">
        <references schemaType="user" />
      </m>
      <m code="modifiedOn" />
      <m code="parentUserFolder" label_en="init.userFolder.default.parentUserFolder" id="3" undeletable="f" systemReserved="f" type="REFERENCE">
        <references schemaType="userFolder" />
      </m>
      <m code="path" />
      <m code="pathParts" />
      <m code="principalpath" />
      <m code="removedauthorizations" />
      <m code="schema" />
      <m code="shareDenyTokens" />
      <m code="shareTokens" />
      <m code="title" />
      <m code="tokens">
        <dataEntry calculator="com.constellio.model.services.schemas.calculators.TokensCalculator4" />
      </m>
      <m code="tokensHierarchy" />
      <m code="user" label_en="init.userFolder.default.user" id="4" systemReserved="f" essential="t" type="REFERENCE">
        <references schemaType="user" />
      </m>
      <m code="visibleInTrees" />
    </defaultSchema>
    <customSchemas />
  </type>
</types>
