<?xml version="1.0" encoding="UTF-8"?>
<ead:ead xmlns:ead="urn:isbn:1-931666-22-9" xmlns:xsi="http://www.w3.org/2001/XMLSchema-instance" xsi:schemaLocation="urn:isbn:1-931666-22-9 http://www.loc.gov/ead/ead.xsd">
  <ead:eadheader>
    <ead:eadid identifier="Identifiant externe">theEmailId</ead:eadid>
    <ead:filedesc>
      <ead:titlestmt>
        <ead:titleproper>My important email</ead:titleproper>
      </ead:titlestmt>
    </ead:filedesc>
  </ead:eadheader>
  <ead:archdesc level="class">
    <ead:did>
      <ead:unitid type="Identifiant externe">theEmailId</ead:unitid>
      <ead:unittitle>My important email</ead:unittitle>
      <ead:unitdate datechar="creation">2018-01-02T03:04:05.000</ead:unitdate>
      <ead:unitdate datechar="lastModification">2018-01-02T03:04:05.000</ead:unitdate>
    </ead:did>
    <ead:odd>
      <ead:odd id="allReferences" type="STRING">
        <ead:list type="ordered">
          <ead:item>zeFolderId</ead:item>
          <ead:item>ruleId_1</ead:item>
          <ead:item>unitId_10a</ead:item>
          <ead:item>categoryId_X13</ead:item>
        </ead:list>
      </ead:odd>
      <ead:odd id="applicableCopyRule" type="STRUCTURE">
        <ead:table frame="none">
          <ead:tgroup cols="9">
            <ead:thead>
              <ead:row>
                <ead:entry colname="1">semiActiveRetentionPeriod</ead:entry>
                <ead:entry colname="2">mediumTypes</ead:entry>
                <ead:entry colname="3">copyType</ead:entry>
                <ead:entry colname="4">activeRetentionPeriod</ead:entry>
                <ead:entry colname="5">ignoreActivePeriod</ead:entry>
                <ead:entry colname="6">inactiveDisposalType</ead:entry>
                <ead:entry colname="7">id</ead:entry>
                <ead:entry colname="8">contentTypesComment</ead:entry>
                <ead:entry colname="9">essential</ead:entry>
              </ead:row>
            </ead:thead>
            <ead:tbody>
              <ead:row>
                <ead:entry colname="1">5</ead:entry>
                <ead:entry colname="2">PA,DM</ead:entry>
                <ead:entry colname="3">P</ead:entry>
                <ead:entry colname="4">42</ead:entry>
                <ead:entry colname="5">false</ead:entry>
                <ead:entry colname="6">C</ead:entry>
                <ead:entry colname="7">1</ead:entry>
                <ead:entry colname="8">R1</ead:entry>
                <ead:entry colname="9">false</ead:entry>
              </ead:row>
            </ead:tbody>
          </ead:tgroup>
        </ead:table>
      </ead:odd>
      <ead:odd id="archivisticStatus" type="ENUM">
        <ead:p>ACTIVE</ead:p>
      </ead:odd>
      <ead:odd id="attachedAncestors" type="STRING">
        <ead:list type="ordered">
          <ead:item>unitId_10</ead:item>
          <ead:item>unitId_10a</ead:item>
          <ead:item>zeFolderId</ead:item>
          <ead:item>theEmailId</ead:item>
        </ead:list>
      </ead:odd>
      <ead:odd id="autocomplete" type="STRING">
        <ead:list type="ordered">
          <ead:item>email</ead:item>
          <ead:item>folder</ead:item>
          <ead:item>important</ead:item>
          <ead:item>my</ead:item>
          <ead:item>ze</ead:item>
        </ead:list>
      </ead:odd>
      <ead:odd id="caption" type="STRING">
        <ead:p>Ze folder | My important email</ead:p>
      </ead:odd>
      <ead:odd id="categoryCode" type="STRING">
        <ead:p>X13</ead:p>
      </ead:odd>
      <ead:odd id="closingDate" type="DATE">
        <ead:p>
          <ead:date>2019-12-31</ead:date>
        </ead:p>
      </ead:odd>
      <ead:odd id="confidential" type="BOOLEAN">
        <ead:p>false</ead:p>
      </ead:odd>
      <ead:odd id="content" type="CONTENT">
        <ead:table frame="none">
          <ead:tgroup cols="7">
            <ead:thead>
              <ead:row>
                <ead:entry colname="1">sha1</ead:entry>
                <ead:entry colname="2">filename</ead:entry>
                <ead:entry colname="3">length</ead:entry>
                <ead:entry colname="4">lastModification</ead:entry>
                <ead:entry colname="5">mimetype</ead:entry>
                <ead:entry colname="6">modifiedBy</ead:entry>
                <ead:entry colname="7">version</ead:entry>
              </ead:row>
            </ead:thead>
            <ead:tbody>
              <ead:row>
                <ead:entry colname="1">DPK73UJKXRQLLXDUNGBYTEDW47DSEQIP</ead:entry>
                <ead:entry colname="2">testFile.msg</ead:entry>
                <ead:entry colname="3">58368</ead:entry>
                <ead:entry colname="4">
                  <ead:date>2018-01-02T03:04:05.000</ead:date>
                </ead:entry>
                <ead:entry colname="5">application/vnd.ms-outlook</ead:entry>
                <ead:entry colname="6">00000000061</ead:entry>
                <ead:entry colname="7">0.1</ead:entry>
              </ead:row>
            </ead:tbody>
          </ead:tgroup>
        </ead:table>
      </ead:odd>
      <ead:odd id="copyStatus" type="ENUM">
        <ead:p>PRINCIPAL</ead:p>
      </ead:odd>
      <ead:odd id="createdOn" type="DATE_TIME">
        <ead:p>
          <ead:date>2018-01-02T03:04:05.000</ead:date>
        </ead:p>
      </ead:odd>
      <ead:odd id="emailBCCTo" type="STRING">
        <ead:list type="ordered">
          <ead:item>b1@doculibre.com</ead:item>
          <ead:item>b2@doculibre.com</ead:item>
        </ead:list>
      </ead:odd>
      <ead:odd id="emailCCTo" type="STRING">
        <ead:list type="ordered">
          <ead:item>c1@doculibre.com</ead:item>
          <ead:item>c2@doculibre.com</ead:item>
        </ead:list>
      </ead:odd>
      <ead:odd id="emailObject" type="STRING">
        <ead:p>objet</ead:p>
      </ead:odd>
      <ead:odd id="emailTo" type="STRING">
        <ead:list type="ordered">
          <ead:item>a1@doculibre.com</ead:item>
          <ead:item>a2@doculibre.com</ead:item>
        </ead:list>
      </ead:odd>
      <ead:odd id="essential" type="BOOLEAN">
        <ead:p>false</ead:p>
      </ead:odd>
      <ead:odd id="estimatedSize" type="INTEGER">
        <ead:p>4132</ead:p>
      </ead:odd>
      <ead:odd id="expectedDepositDate" type="DATE">
        <ead:p>
          <ead:date>2025-12-31</ead:date>
        </ead:p>
      </ead:odd>
      <ead:odd id="expectedTransferDate" type="DATE">
        <ead:p>
          <ead:date>2020-12-31</ead:date>
        </ead:p>
      </ead:odd>
      <ead:odd id="hasContent" type="BOOLEAN">
        <ead:p>true</ead:p>
      </ead:odd>
      <ead:odd id="id" type="STRING">
        <ead:p>theEmailId</ead:p>
      </ead:odd>
      <ead:odd id="mainCopyRule" type="STRUCTURE">
        <ead:list type="deflist">
          <ead:defitem>
            <ead:label>semiActiveRetentionPeriod</ead:label>
            <ead:item>5</ead:item>
          </ead:defitem>
          <ead:defitem>
            <ead:label>mediumTypes</ead:label>
            <ead:item>PA,DM</ead:item>
          </ead:defitem>
          <ead:defitem>
            <ead:label>copyType</ead:label>
            <ead:item>P</ead:item>
          </ead:defitem>
          <ead:defitem>
            <ead:label>activeRetentionPeriod</ead:label>
            <ead:item>42</ead:item>
          </ead:defitem>
          <ead:defitem>
            <ead:label>ignoreActivePeriod</ead:label>
            <ead:item>false</ead:item>
          </ead:defitem>
          <ead:defitem>
            <ead:label>inactiveDisposalType</ead:label>
            <ead:item>C</ead:item>
          </ead:defitem>
          <ead:defitem>
            <ead:label>id</ead:label>
            <ead:item>1</ead:item>
          </ead:defitem>
          <ead:defitem>
            <ead:label>contentTypesComment</ead:label>
            <ead:item>R1</ead:item>
          </ead:defitem>
          <ead:defitem>
            <ead:label>essential</ead:label>
            <ead:item>false</ead:item>
          </ead:defitem>
        </ead:list>
      </ead:odd>
      <ead:odd id="migrationDataVersion" type="NUMBER">
        <ead:p>1.0</ead:p>
      </ead:odd>
      <ead:odd id="mimetype" type="STRING">
        <ead:p>application/vnd.ms-outlook</ead:p>
      </ead:odd>
      <ead:odd id="openingDate" type="DATE">
        <ead:p>
          <ead:date>2018-01-01</ead:date>
        </ead:p>
      </ead:odd>
      <ead:odd id="path" type="STRING">
        <ead:list type="ordered">
          <ead:item>/admUnits/unitId_10/unitId_10a/zeFolderId/theEmailId</ead:item>
          <ead:item>/plan/categoryId_X/categoryId_X13/zeFolderId/theEmailId</ead:item>
        </ead:list>
      </ead:odd>
      <ead:odd id="pathParts" type="STRING">
        <ead:list type="ordered">
          <ead:item>categoryId_X</ead:item>
          <ead:item>unitId_10</ead:item>
          <ead:item>_LAST_zeFolderId</ead:item>
          <ead:item>zeFolderId</ead:item>
          <ead:item>unitId_10a</ead:item>
          <ead:item>categoryId_X13</ead:item>
        </ead:list>
      </ead:odd>
      <ead:odd id="principalpath" type="STRING">
        <ead:p>/admUnits/unitId_10/unitId_10a/zeFolderId/theEmailId</ead:p>
      </ead:odd>
      <ead:odd id="published" type="BOOLEAN">
        <ead:p>false</ead:p>
      </ead:odd>
      <ead:odd id="sameInactiveFateAsFolder" type="BOOLEAN">
        <ead:p>true</ead:p>
      </ead:odd>
      <ead:odd id="sameSemiActiveFateAsFolder" type="BOOLEAN">
        <ead:p>true</ead:p>
      </ead:odd>
      <ead:odd id="schema" type="STRING">
        <ead:p>document_email</ead:p>
      </ead:odd>
      <ead:odd id="subject" type="STRING">
        <ead:p>objet</ead:p>
      </ead:odd>
      <ead:odd id="version" type="STRING">
        <ead:p>0.1</ead:p>
      </ead:odd>
      <ead:odd id="visibleInTrees" type="BOOLEAN">
        <ead:p>true</ead:p>
      </ead:odd>
    </ead:odd>
  </ead:archdesc>
</ead:ead>
