<?xml version="1.0" encoding="UTF-8"?>
<usersCredentials apiVersion="2">
  <userCredential username="admin">
    <firstName>System</firstName>
    <lastName>Admin</lastName>
    <email>admin@organization.com</email>
    <serviceKey>adminkey</serviceKey>
    <tokens />
    <systemAdmin>true</systemAdmin>
    <globalGroups />
    <collections />
    <status>a</status>
    <domain />
    <msExchDelegateListBL>
      <msExchDelegateBL />
    </msExchDelegateListBL>
    <ldapDN>null</ldapDN>
  </userCredential>
  <userCredential username="">
    <firstName />
    <lastName />
    <email>bob@email.com</email>
    <serviceKey>null</serviceKey>
    <tokens />
    <systemAdmin>false</systemAdmin>
    <globalGroups />
    <collections>
      <collection>zeCollection</collection>
    </collections>
    <status>a</status>
    <domain />
    <msExchDelegateListBL />
    <ldapDN>null</ldapDN>
  </userCredential>
  <userCredential username=" ">
    <firstName />
    <lastName />
    <email>space@email.com</email>
    <serviceKey>null</serviceKey>
    <tokens />
    <systemAdmin>false</systemAdmin>
    <globalGroups />
    <collections>
      <collection>zeCollection</collection>
    </collections>
    <status>a</status>
    <domain />
    <msExchDelegateListBL />
    <ldapDN>null</ldapDN>
  </userCredential>
  <userCredential username="alice1">
    <firstName>Alice</firstName>
    <lastName>Wonderland</lastName>
    <email>alice@email.com</email>
    <serviceKey>null</serviceKey>
    <tokens />
    <systemAdmin>false</systemAdmin>
    <globalGroups />
    <collections>
      <collection>zeCollection</collection>
    </collections>
    <status>a</status>
    <domain />
    <msExchDelegateListBL />
    <ldapDN>null</ldapDN>
  </userCredential>
  <userCredential username="alice2">
    <firstName>Alice</firstName>
    <lastName>Wonderland</lastName>
    <email>alice@email.com</email>
    <serviceKey>null</serviceKey>
    <tokens />
    <systemAdmin>false</systemAdmin>
    <globalGroups />
    <collections>
      <collection>zeCollection</collection>
    </collections>
    <status>a</status>
    <domain />
    <msExchDelegateListBL />
    <ldapDN>null</ldapDN>
  </userCredential>
  <userCredential username="charles">
    <firstName>Charles</firstName>
    <lastName>Xavier</lastName>
    <email>charles</email>
    <serviceKey>null</serviceKey>
    <tokens />
    <systemAdmin>false</systemAdmin>
    <globalGroups />
    <collections />
    <status>a</status>
    <domain />
    <msExchDelegateListBL />
    <ldapDN>null</ldapDN>
  </userCredential>
  <userCredential username="chuck">
    <firstName />
    <lastName />
    <email />
    <serviceKey>null</serviceKey>
    <tokens />
    <systemAdmin>false</systemAdmin>
    <globalGroups />
    <collections>
      <collection>zeCollection</collection>
    </collections>
    <status>a</status>
    <domain />
    <msExchDelegateListBL />
    <ldapDN>null</ldapDN>
  </userCredential>
  <userCredential username="gandalf">
    <firstName>gandalf</firstName>
    <lastName>leblanc</lastName>
    <email>gandalf.leblanc@gmail.com</email>
    <serviceKey>null</serviceKey>
    <tokens />
    <systemAdmin>false</systemAdmin>
    <globalGroups />
    <collections>
      <collection>zeCollection</collection>
    </collections>
    <status>a</status>
    <domain />
    <msExchDelegateListBL />
    <ldapDN>null</ldapDN>
  </userCredential>
  <userCredential username="Gandalf">
    <firstName>gandalf</firstName>
    <lastName>legris</lastName>
    <email>gandalf.legris@gmail.com</email>
    <serviceKey>null</serviceKey>
    <tokens />
    <systemAdmin>false</systemAdmin>
    <globalGroups />
    <collections>
      <collection>zeCollection</collection>
    </collections>
    <status>a</status>
    <domain />
    <msExchDelegateListBL />
    <ldapDN>null</ldapDN>
  </userCredential>
</usersCredentials>
