<?xml version="1.0" encoding="UTF-8"?>
<authorizations>
  <authorization id="_U_cc5fe5fc-80ea-4223-bb1d-0bef4956bc54">
    <startDate>1969-12-06</startDate>
    <endDate>1970-01-25</endDate>
    <collection>LaCollectionDeRida</collection>
    <roles>
      <role>U</role>
    </roles>
    <synced>false</synced>
  </authorization>
  <authorization id="rw__53b59c5d-bda5-4dcd-a38d-97c7649bf496">
    <startDate>1969-12-06</startDate>
    <endDate>1970-01-25</endDate>
    <collection>LaCollectionDeRida</collection>
    <roles>
      <role>READ</role>
      <role>WRITE</role>
    </roles>
    <synced>false</synced>
  </authorization>
  <authorization id="_M_f800044e-3e8a-4d3a-8c50-94559403f06a">
    <startDate>1969-12-06</startDate>
    <endDate>1970-01-25</endDate>
    <collection>LaCollectionDeRida</collection>
    <roles>
      <role>M</role>
    </roles>
    <synced>false</synced>
  </authorization>
  <authorization id="rwd__86226352-4b16-427e-bfa4-a8c7bc50f212">
    <startDate>1969-12-06</startDate>
    <endDate>1970-01-25</endDate>
    <collection>LaCollectionDeRida</collection>
    <roles>
      <role>READ</role>
      <role>WRITE</role>
      <role>DELETE</role>
    </roles>
    <synced>false</synced>
  </authorization>
  <authorization id="_U_1d90c35d-f61e-4fea-a5ae-2e99ee869ac0">
    <startDate>1969-12-06</startDate>
    <endDate>1970-01-25</endDate>
    <collection>LaCollectionDeRida</collection>
    <roles>
      <role>U</role>
    </roles>
    <synced>false</synced>
  </authorization>
  <authorization id="rw__b2fa9d00-2fa7-4ee0-adf4-e5fc02437915">
    <startDate>1969-12-06</startDate>
    <endDate>1970-01-25</endDate>
    <collection>LaCollectionDeRida</collection>
    <roles>
      <role>READ</role>
      <role>WRITE</role>
    </roles>
    <synced>false</synced>
  </authorization>
  <authorization id="_M_975d21af-d5d7-4c48-82e8-f2d90d2609dc">
    <startDate>1969-12-06</startDate>
    <endDate>1970-01-25</endDate>
    <collection>LaCollectionDeRida</collection>
    <roles>
      <role>M</role>
    </roles>
    <synced>false</synced>
  </authorization>
  <authorization id="rwd__72af028a-9182-453f-bafc-f49cbe8858b5">
    <startDate>1969-12-06</startDate>
    <endDate>1970-01-25</endDate>
    <collection>LaCollectionDeRida</collection>
    <roles>
      <role>READ</role>
      <role>WRITE</role>
      <role>DELETE</role>
    </roles>
    <synced>false</synced>
  </authorization>
  <authorization id="_U_78ed3c11-a5e3-4c35-bf18-fdd67c0d8029">
    <startDate>1969-12-06</startDate>
    <endDate>1970-01-25</endDate>
    <collection>LaCollectionDeRida</collection>
    <roles>
      <role>U</role>
    </roles>
    <synced>false</synced>
  </authorization>
  <authorization id="rw__fbd4d731-e51c-492c-b8ea-531b43865999">
    <startDate>1969-12-06</startDate>
    <endDate>1970-01-25</endDate>
    <collection>LaCollectionDeRida</collection>
    <roles>
      <role>READ</role>
      <role>WRITE</role>
    </roles>
    <synced>false</synced>
  </authorization>
  <authorization id="_M_97af32f7-d591-4c7f-85dd-f9abd8075eac">
    <startDate>1969-12-06</startDate>
    <endDate>1970-01-25</endDate>
    <collection>LaCollectionDeRida</collection>
    <roles>
      <role>M</role>
    </roles>
    <synced>false</synced>
  </authorization>
  <authorization id="rwd__0d58d719-e639-48bf-b315-5c1100ae8f4a">
    <startDate>1969-12-06</startDate>
    <endDate>1970-01-25</endDate>
    <collection>LaCollectionDeRida</collection>
    <roles>
      <role>READ</role>
      <role>WRITE</role>
      <role>DELETE</role>
    </roles>
    <synced>false</synced>
  </authorization>
</authorizations>
