<?xml version="1.0" encoding="UTF-8"?>
<batchProcess>
  <id>43c41738-9830-493e-8edd-c3a8c6076f06</id>
  <requestDateTime>2015-10-23T13:28:09.060</requestDateTime>
  <records>
    <record>0000004263</record>
    <record>0000004264</record>
    <record>0000004265</record>
    <record>0000004272</record>
    <record>0000004273</record>
    <record>0000004274</record>
    <record>0000004275</record>
    <record>0000004276</record>
    <record>0000004277</record>
    <record>0000004290</record>
    <record>0000004291</record>
    <record>0000004292</record>
    <record>0000004293</record>
    <record>0000004294</record>
    <record>0000004295</record>
    <record>0000004308</record>
    <record>0000004309</record>
    <record>0000004310</record>
    <record>0000004311</record>
    <record>0000004312</record>
    <record>0000004313</record>
    <record>0000004326</record>
    <record>0000004329</record>
    <record>0000004330</record>
    <record>0000004335</record>
    <record>0000004336</record>
    <record>0000004341</record>
    <record>0000004342</record>
    <record>0000004347</record>
    <record>0000004350</record>
    <record>0000004351</record>
    <record>0000004356</record>
    <record>0000004357</record>
    <record>0000004362</record>
    <record>0000004363</record>
    <record>0000004384</record>
    <record>0000004385</record>
    <record>0000004386</record>
    <record>0000004387</record>
    <record>0000004388</record>
  </records>
  <errors />
</batchProcess>
