<?xml version="1.0" encoding="UTF-8"?>
<batchProcess>
  <id>6447759a-4be9-400b-98bd-d07e4f1ad829</id>
  <requestDateTime>2015-10-23T13:26:23.256</requestDateTime>
  <records>
    <record>A04</record>
    <record>A05</record>
    <record>A06</record>
    <record>A16</record>
    <record>A17</record>
    <record>A18</record>
    <record>A48</record>
    <record>A49</record>
    <record>A50</record>
    <record>A85</record>
    <record>A86</record>
    <record>A87</record>
    <record>B02</record>
    <record>B06</record>
    <record>B32</record>
    <record>B52</record>
    <record>C02</record>
    <record>C06</record>
    <record>C32</record>
    <record>C52</record>
  </records>
  <errors />
</batchProcess>
