<?xml version="1.0" encoding="UTF-8"?>
<root>
  <previousBatchProcesses>
    <batchProcess id="de82fed6-c340-4bbb-b43a-f3a8ed9178fc">
      <requestDateTime>2015-10-23T13:25:11.684</requestDateTime>
      <recordsCount>3</recordsCount>
      <action name="com.constellio.model.services.batch.actions.ReindexMetadatasBatchProcessAction">
        <argument type="java.util.ArrayList">
          <item type="java.lang.String">administrativeUnit_default_inheritedauthorizations</item>
        </argument>
      </action>
      <collection>zeCollection</collection>
      <startDateTime>2015-10-23T13:25:11.716</startDateTime>
      <progression>3</progression>
      <errors>0</errors>
    </batchProcess>
    <batchProcess id="25eb3722-c24a-4865-b690-9095ea070fd1">
      <requestDateTime>2015-10-23T13:25:11.741</requestDateTime>
      <recordsCount>3</recordsCount>
      <action name="com.constellio.model.services.batch.actions.ReindexMetadatasBatchProcessAction">
        <argument type="java.util.ArrayList">
          <item type="java.lang.String">administrativeUnit_default_inheritedauthorizations</item>
        </argument>
      </action>
      <collection>zeCollection</collection>
      <startDateTime>2015-10-23T13:25:11.833</startDateTime>
      <progression>3</progression>
      <errors>0</errors>
    </batchProcess>
    <batchProcess id="5dec9653-0271-46df-9a16-161fd53c5f0f">
      <requestDateTime>2015-10-23T13:25:11.810</requestDateTime>
      <recordsCount>3</recordsCount>
      <action name="com.constellio.model.services.batch.actions.ReindexMetadatasBatchProcessAction">
        <argument type="java.util.ArrayList">
          <item type="java.lang.String">administrativeUnit_default_inheritedauthorizations</item>
        </argument>
      </action>
      <collection>zeCollection</collection>
      <startDateTime>2015-10-23T13:25:11.925</startDateTime>
      <progression>3</progression>
      <errors>0</errors>
    </batchProcess>
    <batchProcess id="ad0a5c16-805a-420d-9011-5d9398036bc0">
      <requestDateTime>2015-10-23T13:25:11.864</requestDateTime>
      <recordsCount>3</recordsCount>
      <action name="com.constellio.model.services.batch.actions.ReindexMetadatasBatchProcessAction">
        <argument type="java.util.ArrayList">
          <item type="java.lang.String">administrativeUnit_default_inheritedauthorizations</item>
        </argument>
      </action>
      <collection>zeCollection</collection>
      <startDateTime>2015-10-23T13:25:12.151</startDateTime>
      <progression>3</progression>
      <errors>0</errors>
    </batchProcess>
    <batchProcess id="c1232db5-63a8-48fb-8ac9-25b873ecdd0e">
      <requestDateTime>2015-10-23T13:25:11.913</requestDateTime>
      <recordsCount>1</recordsCount>
      <action name="com.constellio.model.services.batch.actions.ReindexMetadatasBatchProcessAction">
        <argument type="java.util.ArrayList">
          <item type="java.lang.String">administrativeUnit_default_inheritedauthorizations</item>
        </argument>
      </action>
      <collection>zeCollection</collection>
      <startDateTime>2015-10-23T13:25:12.229</startDateTime>
      <progression>1</progression>
      <errors>0</errors>
    </batchProcess>
    <batchProcess id="7a73ac14-a068-4f48-b56b-c7ed0f45023a">
      <requestDateTime>2015-10-23T13:25:11.969</requestDateTime>
      <recordsCount>1</recordsCount>
      <action name="com.constellio.model.services.batch.actions.ReindexMetadatasBatchProcessAction">
        <argument type="java.util.ArrayList">
          <item type="java.lang.String">administrativeUnit_default_inheritedauthorizations</item>
        </argument>
      </action>
      <collection>zeCollection</collection>
      <startDateTime>2015-10-23T13:25:12.277</startDateTime>
      <progression>1</progression>
      <errors>0</errors>
    </batchProcess>
    <batchProcess id="21577ac0-a2a3-4898-b1d7-8751111df127">
      <requestDateTime>2015-10-23T13:25:12.025</requestDateTime>
      <recordsCount>1</recordsCount>
      <action name="com.constellio.model.services.batch.actions.ReindexMetadatasBatchProcessAction">
        <argument type="java.util.ArrayList">
          <item type="java.lang.String">administrativeUnit_default_inheritedauthorizations</item>
        </argument>
      </action>
      <collection>zeCollection</collection>
      <startDateTime>2015-10-23T13:25:12.301</startDateTime>
      <progression>1</progression>
      <errors>0</errors>
    </batchProcess>
    <batchProcess id="13833cd8-0b4a-4093-8898-183d0aca992f">
      <requestDateTime>2015-10-23T13:25:12.076</requestDateTime>
      <recordsCount>1</recordsCount>
      <action name="com.constellio.model.services.batch.actions.ReindexMetadatasBatchProcessAction">
        <argument type="java.util.ArrayList">
          <item type="java.lang.String">administrativeUnit_default_inheritedauthorizations</item>
        </argument>
      </action>
      <collection>zeCollection</collection>
      <startDateTime>2015-10-23T13:25:12.325</startDateTime>
      <progression>1</progression>
      <errors>0</errors>
    </batchProcess>
    <batchProcess id="4de36ef4-6607-4dcb-a75b-e46eb0fd41e2">
      <requestDateTime>2015-10-23T13:25:12.134</requestDateTime>
      <recordsCount>2</recordsCount>
      <action name="com.constellio.model.services.batch.actions.ReindexMetadatasBatchProcessAction">
        <argument type="java.util.ArrayList">
          <item type="java.lang.String">administrativeUnit_default_inheritedauthorizations</item>
        </argument>
      </action>
      <collection>zeCollection</collection>
      <startDateTime>2015-10-23T13:25:12.346</startDateTime>
      <progression>2</progression>
      <errors>0</errors>
    </batchProcess>
    <batchProcess id="c88e6d1f-d2f1-414a-9d8a-22b186ce6ee6">
      <requestDateTime>2015-10-23T13:25:12.254</requestDateTime>
      <recordsCount>2</recordsCount>
      <action name="com.constellio.model.services.batch.actions.ReindexMetadatasBatchProcessAction">
        <argument type="java.util.ArrayList">
          <item type="java.lang.String">administrativeUnit_default_inheritedauthorizations</item>
        </argument>
      </action>
      <collection>zeCollection</collection>
      <startDateTime>2015-10-23T13:25:12.403</startDateTime>
      <progression>2</progression>
      <errors>0</errors>
    </batchProcess>
    <batchProcess id="097e7f6d-e6a1-42ba-8de3-1d331bd4c9da">
      <requestDateTime>2015-10-23T13:25:12.312</requestDateTime>
      <recordsCount>2</recordsCount>
      <action name="com.constellio.model.services.batch.actions.ReindexMetadatasBatchProcessAction">
        <argument type="java.util.ArrayList">
          <item type="java.lang.String">administrativeUnit_default_inheritedauthorizations</item>
        </argument>
      </action>
      <collection>zeCollection</collection>
      <startDateTime>2015-10-23T13:25:12.460</startDateTime>
      <progression>2</progression>
      <errors>0</errors>
    </batchProcess>
    <batchProcess id="a8046f80-1936-4a8f-883a-5082d0304455">
      <requestDateTime>2015-10-23T13:25:12.367</requestDateTime>
      <recordsCount>2</recordsCount>
      <action name="com.constellio.model.services.batch.actions.ReindexMetadatasBatchProcessAction">
        <argument type="java.util.ArrayList">
          <item type="java.lang.String">administrativeUnit_default_inheritedauthorizations</item>
        </argument>
      </action>
      <collection>zeCollection</collection>
      <startDateTime>2015-10-23T13:25:12.487</startDateTime>
      <progression>2</progression>
      <errors>0</errors>
    </batchProcess>
    <batchProcess id="3922d182-f885-4d9b-8ff6-9819648a584e">
      <requestDateTime>2015-10-23T13:25:12.424</requestDateTime>
      <recordsCount>1</recordsCount>
      <action name="com.constellio.model.services.batch.actions.ReindexMetadatasBatchProcessAction">
        <argument type="java.util.ArrayList">
          <item type="java.lang.String">administrativeUnit_default_inheritedauthorizations</item>
        </argument>
      </action>
      <collection>zeCollection</collection>
      <startDateTime>2015-10-23T13:25:12.513</startDateTime>
      <progression>1</progression>
      <errors>0</errors>
    </batchProcess>
    <batchProcess id="1489d5e3-cc28-4556-a849-4da4c8b6c891">
      <requestDateTime>2015-10-23T13:25:12.483</requestDateTime>
      <recordsCount>1</recordsCount>
      <action name="com.constellio.model.services.batch.actions.ReindexMetadatasBatchProcessAction">
        <argument type="java.util.ArrayList">
          <item type="java.lang.String">administrativeUnit_default_inheritedauthorizations</item>
        </argument>
      </action>
      <collection>zeCollection</collection>
      <startDateTime>2015-10-23T13:25:12.566</startDateTime>
      <progression>1</progression>
      <errors>0</errors>
    </batchProcess>
    <batchProcess id="f7867c14-2ab2-474b-9d55-00c0c4c806d2">
      <requestDateTime>2015-10-23T13:25:12.552</requestDateTime>
      <recordsCount>1</recordsCount>
      <action name="com.constellio.model.services.batch.actions.ReindexMetadatasBatchProcessAction">
        <argument type="java.util.ArrayList">
          <item type="java.lang.String">administrativeUnit_default_inheritedauthorizations</item>
        </argument>
      </action>
      <collection>zeCollection</collection>
      <startDateTime>2015-10-23T13:25:12.622</startDateTime>
      <progression>1</progression>
      <errors>0</errors>
    </batchProcess>
    <batchProcess id="0140a6e6-4c8e-4112-aec2-064e6286ecd6">
      <requestDateTime>2015-10-23T13:25:12.608</requestDateTime>
      <recordsCount>1</recordsCount>
      <action name="com.constellio.model.services.batch.actions.ReindexMetadatasBatchProcessAction">
        <argument type="java.util.ArrayList">
          <item type="java.lang.String">administrativeUnit_default_inheritedauthorizations</item>
        </argument>
      </action>
      <collection>zeCollection</collection>
      <startDateTime>2015-10-23T13:25:12.668</startDateTime>
      <progression>1</progression>
      <errors>0</errors>
    </batchProcess>
    <batchProcess id="0a2f9e47-45c6-4d91-ade5-08841707d7d2">
      <requestDateTime>2015-10-23T13:25:14.823</requestDateTime>
      <recordsCount>105</recordsCount>
      <action name="com.constellio.model.services.batch.actions.ReindexMetadatasBatchProcessAction">
        <argument type="java.util.ArrayList">
          <item type="java.lang.String">folder_default_closingDate</item>
        </argument>
      </action>
      <collection>zeCollection</collection>
      <startDateTime>2015-10-23T13:25:14.838</startDateTime>
      <progression>105</progression>
      <errors>0</errors>
    </batchProcess>
    <batchProcess id="27ee7a8d-1951-4631-916f-a2ae9eb71220">
      <requestDateTime>2015-10-23T13:25:14.867</requestDateTime>
      <recordsCount>105</recordsCount>
      <action name="com.constellio.model.services.batch.actions.ReindexMetadatasBatchProcessAction">
        <argument type="java.util.ArrayList">
          <item type="java.lang.String">folder_default_decommissioningDate</item>
          <item type="java.lang.String">folder_default_copyRulesExpectedDestructionDates</item>
          <item type="java.lang.String">folder_default_copyRulesExpectedDepositDates</item>
          <item type="java.lang.String">folder_default_copyRulesExpectedTransferDates</item>
          <item type="java.lang.String">folder_default_closingDate</item>
        </argument>
      </action>
      <collection>zeCollection</collection>
      <startDateTime>2015-10-23T13:25:14.955</startDateTime>
      <progression>105</progression>
      <errors>0</errors>
    </batchProcess>
  </previousBatchProcesses>
  <pendingBatchProcesses>
    <batchProcess id="6447759a-4be9-400b-98bd-d07e4f1ad829">
      <requestDateTime>2015-10-23T13:26:23.256</requestDateTime>
      <recordsCount>20</recordsCount>
      <action name="com.constellio.model.services.batch.actions.ReindexMetadatasBatchProcessAction">
        <argument type="java.util.ArrayList">
          <item type="java.lang.String">folder_default_copyStatus</item>
          <item type="java.lang.String">folder_default_applicableCopyRule</item>
        </argument>
      </action>
      <collection>zeCollection</collection>
    </batchProcess>
    <batchProcess id="43c41738-9830-493e-8edd-c3a8c6076f06">
      <requestDateTime>2015-10-23T13:28:09.060</requestDateTime>
      <recordsCount>40</recordsCount>
      <action name="com.constellio.model.services.batch.actions.ReindexMetadatasBatchProcessAction">
        <argument type="java.util.ArrayList">
          <item type="java.lang.String">folder_default_copyStatus</item>
          <item type="java.lang.String">folder_default_applicableCopyRule</item>
        </argument>
      </action>
      <collection>anotherCollection</collection>
    </batchProcess>
  </pendingBatchProcesses>
  <currentBatchProcess />
  <standbyBatchProcesses />
</root>
