<?xml version="1.0" encoding="UTF-8"?>
<display>
  <SchemaTypeDisplayConfigs>
    <facet manageable="false" simpleSearch="false" advancedSearch="false">
      <MetadataGroupsLabels>
        <MetadataGroupLabel name="Configuration" />
        <MetadataGroupLabel name="Valeurs" />
        <MetadataGroupLabel name="Requêtes" />
      </MetadataGroupsLabels>
    </facet>
    <robot manageable="false" simpleSearch="false" advancedSearch="false">
      <MetadataGroupsLabels>
        <MetadataGroupLabel name="Définition" />
        <MetadataGroupLabel name="Critère de recherche" />
        <MetadataGroupLabel name="Action" />
      </MetadataGroupsLabels>
    </robot>
  </SchemaTypeDisplayConfigs>
  <MetadataDisplayConfigs>
    <facet_default_title VisibleInAdvancedSearch="false" InputType="FIELD" Highlight="false" metadataGroup="Configuration" />
    <facet_default_fieldDatastoreCode VisibleInAdvancedSearch="false" InputType="FIELD" Highlight="false" metadataGroup="Configuration" />
    <facet_default_orderResult VisibleInAdvancedSearch="false" InputType="RADIO_BUTTONS" Highlight="false" metadataGroup="Configuration" />
    <facet_default_facetType VisibleInAdvancedSearch="false" InputType="RADIO_BUTTONS" Highlight="false" metadataGroup="Configuration" />
    <facet_default_elementPerPage VisibleInAdvancedSearch="false" InputType="FIELD" Highlight="false" metadataGroup="Configuration" />
    <facet_default_active VisibleInAdvancedSearch="false" InputType="FIELD" Highlight="false" metadataGroup="Configuration" />
    <facet_default_openByDefault VisibleInAdvancedSearch="false" InputType="FIELD" Highlight="false" metadataGroup="Configuration" />
    <facet_field_fieldValuesLabel VisibleInAdvancedSearch="false" InputType="FIELD" Highlight="false" metadataGroup="Valeurs" />
    <facet_query_listQueries VisibleInAdvancedSearch="false" InputType="FIELD" Highlight="false" metadataGroup="Requêtes" />
    <robot_default_parent VisibleInAdvancedSearch="false" InputType="HIDDEN" Highlight="false" metadataGroup="" />
    <robot_default_schemaFilter VisibleInAdvancedSearch="false" InputType="FIELD" Highlight="false" metadataGroup="Critère de recherche" />
    <robot_default_searchCriteria VisibleInAdvancedSearch="false" InputType="FIELD" Highlight="false" metadataGroup="Critère de recherche" />
    <robot_default_action VisibleInAdvancedSearch="false" InputType="FIELD" Highlight="false" metadataGroup="Action" />
    <robot_default_actionParameters VisibleInAdvancedSearch="false" InputType="LOOKUP" Highlight="false" metadataGroup="Action" />
    <robot_default_excludeProcessedByChildren VisibleInAdvancedSearch="false" InputType="FIELD" Highlight="false" metadataGroup="Action" />
  </MetadataDisplayConfigs>
  <SchemaDisplayConfigs SchemaCode="robot_default">
    <DisplayMetadataCodes>
      <robot_default_code />
      <robot_default_title />
      <robot_default_createdBy />
      <robot_default_createdOn />
      <robot_default_modifiedBy />
      <robot_default_modifiedOn />
      <robot_default_action />
      <robot_default_excludeProcessedByChildren />
      <robot_default_actionParameters />
      <robot_default_parent />
      <robot_default_schemaFilter />
      <robot_default_description />
    </DisplayMetadataCodes>
    <FormMetadataCodes>
      <robot_default_code />
      <robot_default_title />
      <robot_default_parent />
      <robot_default_schemaFilter />
      <robot_default_searchCriteria />
      <robot_default_description />
      <robot_default_action />
      <robot_default_actionParameters />
      <robot_default_excludeProcessedByChildren />
    </FormMetadataCodes>
    <SearchResultsMetadataCodes>
      <robot_default_title />
      <robot_default_modifiedOn />
    </SearchResultsMetadataCodes>
    <TableMetadataCodes>
      <robot_default_title />
      <robot_default_modifiedOn />
    </TableMetadataCodes>
  </SchemaDisplayConfigs>
  <SchemaDisplayConfigs SchemaCode="actionParameters_default">
    <DisplayMetadataCodes>
      <actionParameters_default_title />
    </DisplayMetadataCodes>
    <FormMetadataCodes />
    <SearchResultsMetadataCodes>
      <actionParameters_default_title />
      <actionParameters_default_modifiedOn />
    </SearchResultsMetadataCodes>
    <TableMetadataCodes>
      <actionParameters_default_title />
      <actionParameters_default_modifiedOn />
    </TableMetadataCodes>
  </SchemaDisplayConfigs>
</display>
