<?xml version="1.0" encoding="UTF-8"?>
<taxonomies principal="admUnits">
  <enables>
    <taxonomy code="containers">
      <title titlefr="Emplacements" titleen="Boxes" />
      <collection>zeCollection</collection>
      <schemaTypes>
        <schemaType>storageSpace</schemaType>
      </schemaTypes>
      <visibleInHomePage>false</visibleInHomePage>
      <showParentsInSearchResults>false</showParentsInSearchResults>
      <groupIds />
      <userIds />
    </taxonomy>
    <taxonomy code="plan">
      <title titlefr="Plan de classification" titleen="File plan" />
      <collection>zeCollection</collection>
      <schemaTypes>
        <schemaType>category</schemaType>
      </schemaTypes>
      <visibleInHomePage>true</visibleInHomePage>
      <showParentsInSearchResults>false</showParentsInSearchResults>
      <groupIds />
      <userIds />
    </taxonomy>
    <taxonomy code="admUnits">
      <title titlefr="Unités administratives" titleen="Departments" />
      <collection>zeCollection</collection>
      <schemaTypes>
        <schemaType>administrativeUnit</schemaType>
      </schemaTypes>
      <visibleInHomePage>true</visibleInHomePage>
      <showParentsInSearchResults>false</showParentsInSearchResults>
      <groupIds />
      <userIds />
    </taxonomy>
    <taxonomy code="taxo408">
      <title titlefr="Test1" titleen="Test1" />
      <collection>zeCollection</collection>
      <schemaTypes>
        <schemaType>taxo408Type</schemaType>
      </schemaTypes>
      <visibleInHomePage>true</visibleInHomePage>
      <showParentsInSearchResults>false</showParentsInSearchResults>
      <groupIds />
      <userIds />
    </taxonomy>
  </enables>
  <disables />
</taxonomies>
