<?xml version="1.0" encoding="UTF-8"?>
<collectionsEmailServerConfigs>
  <ff>
    <username>noreply.doculibre2@</username>
    <defaultSenderEmail>noreply.doculibre2@</defaultSenderEmail>
    <password>evee </password>
    <enabled>true</enabled>
    <properties>
      <property key="mail.smtp.socketFactory.port" value="465" />
      <property key="mail.smtp.port" value="465" />
      <property key="mail.smtp.host" value="smtp.ggmail.com" />
      <property key="mail.smtp.auth" value="true" />
      <property key="mail.smtp.socketFactory.class" value="javax.net.ssl.SSLSocketFactory" />
    </properties>
  </ff>
</collectionsEmailServerConfigs>
