<?xml version="1.0" encoding="UTF-8"?>
<taxonomies principal="admUnits">
  <enables>
    <taxonomy code="plan">
      <title>Plan de classification</title>
      <collection>newCollection</collection>
      <schemaTypes>
        <schemaType>category</schemaType>
      </schemaTypes>
      <visibleInHomePage>true</visibleInHomePage>
      <groupIds />
      <userIds />
    </taxonomy>
    <taxonomy code="containers">
      <title>Emplacements</title>
      <collection>newCollection</collection>
      <schemaTypes>
        <schemaType>storageSpace</schemaType>
      </schemaTypes>
      <visibleInHomePage>false</visibleInHomePage>
      <groupIds />
      <userIds />
    </taxonomy>
    <taxonomy code="admUnits">
      <title>Unités administratives</title>
      <collection>newCollection</collection>
      <schemaTypes>
        <schemaType>administrativeUnit</schemaType>
      </schemaTypes>
      <visibleInHomePage>true</visibleInHomePage>
      <groupIds />
      <userIds />
    </taxonomy>
  </enables>
  <disables />
</taxonomies>
