<?xml version="1.0" encoding="UTF-8"?>
<usersCredentials>
  <userCredential username="admin">
    <firstName>System</firstName>
    <lastName>Admin</lastName>
    <email>admin@organization.com</email>
    <serviceKey>adminkey</serviceKey>
    <tokens />
    <systemAdmin>true</systemAdmin>
    <globalGroups />
    <collections>
      <collection>zeCollection</collection>
    </collections>
    <status>a</status>
    <domain />
  </userCredential>
  <userCredential username="alice">
    <firstName>Alice</firstName>
    <lastName>Wonderland</lastName>
    <email>alice@doculibre.com</email>
    <serviceKey>null</serviceKey>
    <tokens />
    <systemAdmin>false</systemAdmin>
    <globalGroups>
      <globalGroup>legends</globalGroup>
    </globalGroups>
    <collections>
      <collection>zeCollection</collection>
    </collections>
    <status>a</status>
    <domain>domain</domain>
  </userCredential>
  <userCredential username="bob">
    <firstName>Bob 'Elvis'</firstName>
    <lastName>Gratton</lastName>
    <email>bob@doculibre.com</email>
    <serviceKey>null</serviceKey>
    <tokens />
    <systemAdmin>false</systemAdmin>
    <globalGroups />
    <collections>
      <collection>zeCollection</collection>
    </collections>
    <status>a</status>
    <domain>domain</domain>
  </userCredential>
  <userCredential username="charles">
    <firstName>Charles-François</firstName>
    <lastName>Xavier</lastName>
    <email>charles@doculibre.com</email>
    <serviceKey>null</serviceKey>
    <tokens />
    <systemAdmin>false</systemAdmin>
    <globalGroups>
      <globalGroup>heroes</globalGroup>
    </globalGroups>
    <collections>
      <collection>zeCollection</collection>
    </collections>
    <status>a</status>
    <domain>domain</domain>
  </userCredential>
  <userCredential username="chuck">
    <firstName>Chuck</firstName>
    <lastName>Norris</lastName>
    <email>chuck@doculibre.com</email>
    <serviceKey>null</serviceKey>
    <tokens />
    <systemAdmin>false</systemAdmin>
    <globalGroups />
    <collections>
      <collection>zeCollection</collection>
    </collections>
    <status>a</status>
    <domain>domain</domain>
  </userCredential>
  <userCredential username="dakota">
    <firstName>Dakota</firstName>
    <lastName>L'Indien</lastName>
    <email>dakota@doculibre.com</email>
    <serviceKey>null</serviceKey>
    <tokens />
    <systemAdmin>false</systemAdmin>
    <globalGroups>
      <globalGroup>heroes</globalGroup>
    </globalGroups>
    <collections>
      <collection>zeCollection</collection>
    </collections>
    <status>a</status>
    <domain>domain</domain>
  </userCredential>
  <userCredential username="edouard">
    <firstName>Edouard</firstName>
    <lastName>Lechat</lastName>
    <email>edouard@doculibre.com</email>
    <serviceKey>null</serviceKey>
    <tokens />
    <systemAdmin>false</systemAdmin>
    <globalGroups>
      <globalGroup>legends</globalGroup>
    </globalGroups>
    <collections>
      <collection>zeCollection</collection>
    </collections>
    <status>a</status>
    <domain>domain</domain>
  </userCredential>
  <userCredential username="gandalf">
    <firstName>Gandalf</firstName>
    <lastName>Leblanc</lastName>
    <email>gandalf@doculibre.com</email>
    <serviceKey>null</serviceKey>
    <tokens />
    <systemAdmin>false</systemAdmin>
    <globalGroups>
      <globalGroup>legends</globalGroup>
      <globalGroup>heroes</globalGroup>
    </globalGroups>
    <collections>
      <collection>zeCollection</collection>
    </collections>
    <status>a</status>
    <domain>domain</domain>
  </userCredential>
  <userCredential username="robin">
    <firstName>Good Guy</firstName>
    <lastName>Robin</lastName>
    <email>robin@doculibre.com</email>
    <serviceKey>null</serviceKey>
    <tokens />
    <systemAdmin>false</systemAdmin>
    <globalGroups>
      <globalGroup>sidekicks</globalGroup>
    </globalGroups>
    <collections>
      <collection>zeCollection</collection>
    </collections>
    <status>a</status>
    <domain>domain</domain>
  </userCredential>
  <userCredential username="sasquatch">
    <firstName>Big</firstName>
    <lastName>Foot</lastName>
    <email>sasquatch@doculibre.com</email>
    <serviceKey>null</serviceKey>
    <tokens />
    <systemAdmin>false</systemAdmin>
    <globalGroups>
      <globalGroup>rumors</globalGroup>
    </globalGroups>
    <collections>
      <collection>zeCollection</collection>
    </collections>
    <status>a</status>
    <domain>domain</domain>
  </userCredential>
</usersCredentials>
