<?xml version="1.0" encoding="UTF-8"?>
<display>
  <SchemaTypesDisplayConfig>
    <folder_default_schema />
    <folder_default_archivisticStatus />
    <folder_default_category />
    <folder_default_administrativeUnit />
    <folder_default_filingSpace />
    <folder_default_mediumTypes />
    <folder_default_copyStatus />
  </SchemaTypesDisplayConfig>
  <SchemaDisplayConfigs SchemaCode="ddvFolderType_default">
    <DisplayMetadataCodes>
      <ddvFolderType_default_title />
      <ddvFolderType_default_code />
      <ddvFolderType_default_description />
      <ddvFolderType_default_linkedSchema />
    </DisplayMetadataCodes>
    <FormMetadataCodes>
      <ddvFolderType_default_title />
      <ddvFolderType_default_code />
      <ddvFolderType_default_description />
      <ddvFolderType_default_linkedSchema />
    </FormMetadataCodes>
    <SearchResultsMetadataCodes>
      <ddvFolderType_default_title />
      <ddvFolderType_default_modifiedOn />
    </SearchResultsMetadataCodes>
  </SchemaDisplayConfigs>
  <SchemaDisplayConfigs SchemaCode="ddvContainerRecordType_default">
    <DisplayMetadataCodes>
      <ddvContainerRecordType_default_title />
      <ddvContainerRecordType_default_code />
      <ddvContainerRecordType_default_description />
      <ddvContainerRecordType_default_linkedSchema />
    </DisplayMetadataCodes>
    <FormMetadataCodes>
      <ddvContainerRecordType_default_title />
      <ddvContainerRecordType_default_code />
      <ddvContainerRecordType_default_description />
      <ddvContainerRecordType_default_linkedSchema />
    </FormMetadataCodes>
    <SearchResultsMetadataCodes>
      <ddvContainerRecordType_default_title />
      <ddvContainerRecordType_default_modifiedOn />
    </SearchResultsMetadataCodes>
  </SchemaDisplayConfigs>
  <SchemaDisplayConfigs SchemaCode="ddvMediumType_default">
    <DisplayMetadataCodes>
      <ddvMediumType_default_title />
      <ddvMediumType_default_code />
      <ddvMediumType_default_description />
      <ddvMediumType_default_analogical />
    </DisplayMetadataCodes>
    <FormMetadataCodes>
      <ddvMediumType_default_title />
      <ddvMediumType_default_code />
      <ddvMediumType_default_description />
      <ddvMediumType_default_analogical />
    </FormMetadataCodes>
    <SearchResultsMetadataCodes>
      <ddvMediumType_default_title />
      <ddvMediumType_default_modifiedOn />
    </SearchResultsMetadataCodes>
  </SchemaDisplayConfigs>
  <SchemaDisplayConfigs SchemaCode="category_default">
    <DisplayMetadataCodes>
      <category_default_code />
      <category_default_title />
      <category_default_description />
      <category_default_createdOn />
      <category_default_modifiedBy />
      <category_default_createdBy />
      <category_default_keywords />
      <category_default_parent />
      <category_default_retentionRules />
      <category_default_comments />
    </DisplayMetadataCodes>
    <FormMetadataCodes>
      <category_default_code />
      <category_default_title />
      <category_default_description />
      <category_default_keywords />
      <category_default_parent />
      <category_default_retentionRules />
    </FormMetadataCodes>
    <SearchResultsMetadataCodes>
      <category_default_title />
      <category_default_modifiedOn />
    </SearchResultsMetadataCodes>
  </SchemaDisplayConfigs>
  <SchemaDisplayConfigs SchemaCode="decommissioningList_default">
    <DisplayMetadataCodes>
      <decommissioningList_default_title />
      <decommissioningList_default_type />
      <decommissioningList_default_description />
      <decommissioningList_default_administrativeUnit />
      <decommissioningList_default_filingSpace />
      <decommissioningList_default_createdOn />
      <decommissioningList_default_createdBy />
      <decommissioningList_default_modifiedOn />
      <decommissioningList_default_modifiedBy />
      <decommissioningList_default_uniformCategory />
      <decommissioningList_default_uniformRule />
      <decommissioningList_default_status />
      <decommissioningList_default_approvalDate />
      <decommissioningList_default_approvalUser />
    </DisplayMetadataCodes>
    <FormMetadataCodes>
      <decommissioningList_default_title />
      <decommissioningList_default_description />
      <decommissioningList_default_approvalRequest />
      <decommissioningList_default_filingSpace />
      <decommissioningList_default_administrativeUnit />
      <decommissioningList_default_approvalUser />
      <decommissioningList_default_processingUser />
      <decommissioningList_default_validationUser />
      <decommissioningList_default_approvalDate />
      <decommissioningList_default_approvalRequestDate />
      <decommissioningList_default_processingDate />
      <decommissioningList_default_validationDate />
      <decommissioningList_default_containerDetails />
      <decommissioningList_default_folderDetails />
    </FormMetadataCodes>
    <SearchResultsMetadataCodes>
      <decommissioningList_default_title />
      <decommissioningList_default_modifiedOn />
    </SearchResultsMetadataCodes>
  </SchemaDisplayConfigs>
  <SchemaDisplayConfigs SchemaCode="filingSpace_default">
    <DisplayMetadataCodes>
      <filingSpace_default_code />
      <filingSpace_default_title />
      <filingSpace_default_description />
      <filingSpace_default_users />
      <filingSpace_default_administrators />
    </DisplayMetadataCodes>
    <FormMetadataCodes>
      <filingSpace_default_code />
      <filingSpace_default_title />
      <filingSpace_default_administrators />
      <filingSpace_default_users />
      <filingSpace_default_description />
    </FormMetadataCodes>
    <SearchResultsMetadataCodes>
      <filingSpace_default_title />
      <filingSpace_default_modifiedOn />
    </SearchResultsMetadataCodes>
  </SchemaDisplayConfigs>
  <SchemaDisplayConfigs SchemaCode="ddvStorageSpaceType_default">
    <DisplayMetadataCodes>
      <ddvStorageSpaceType_default_title />
      <ddvStorageSpaceType_default_code />
      <ddvStorageSpaceType_default_description />
      <ddvStorageSpaceType_default_linkedSchema />
    </DisplayMetadataCodes>
    <FormMetadataCodes>
      <ddvStorageSpaceType_default_title />
      <ddvStorageSpaceType_default_code />
      <ddvStorageSpaceType_default_description />
      <ddvStorageSpaceType_default_linkedSchema />
    </FormMetadataCodes>
    <SearchResultsMetadataCodes>
      <ddvStorageSpaceType_default_title />
      <ddvStorageSpaceType_default_modifiedOn />
    </SearchResultsMetadataCodes>
  </SchemaDisplayConfigs>
  <SchemaDisplayConfigs SchemaCode="storageSpace_default">
    <DisplayMetadataCodes>
      <storageSpace_default_type />
      <storageSpace_default_code />
      <storageSpace_default_title />
      <storageSpace_default_createdBy />
      <storageSpace_default_createdOn />
      <storageSpace_default_modifiedOn />
      <storageSpace_default_capacity />
      <storageSpace_default_decommissioningType />
      <storageSpace_default_parentStorageSpace />
      <storageSpace_default_description />
    </DisplayMetadataCodes>
    <FormMetadataCodes>
      <storageSpace_default_type />
      <storageSpace_default_code />
      <storageSpace_default_title />
      <storageSpace_default_description />
      <storageSpace_default_capacity />
      <storageSpace_default_decommissioningType />
      <storageSpace_default_parentStorageSpace />
    </FormMetadataCodes>
    <SearchResultsMetadataCodes>
      <storageSpace_default_title />
      <storageSpace_default_modifiedOn />
    </SearchResultsMetadataCodes>
  </SchemaDisplayConfigs>
  <SchemaDisplayConfigs SchemaCode="uniformSubdivision_default">
    <DisplayMetadataCodes>
      <uniformSubdivision_default_code />
      <uniformSubdivision_default_title />
      <uniformSubdivision_default_retentionRule />
      <uniformSubdivision_default_description />
    </DisplayMetadataCodes>
    <FormMetadataCodes>
      <uniformSubdivision_default_code />
      <uniformSubdivision_default_title />
      <uniformSubdivision_default_retentionRule />
      <uniformSubdivision_default_description />
    </FormMetadataCodes>
    <SearchResultsMetadataCodes>
      <uniformSubdivision_default_title />
      <uniformSubdivision_default_modifiedOn />
    </SearchResultsMetadataCodes>
  </SchemaDisplayConfigs>
  <SchemaTypeDisplayConfigs>
    <userTask manageable="false" simpleSearch="true" advancedSearch="true">
      <MetadataGroupsLabels>
        <MetadataGroupLabel name="Définition" />
        <MetadataGroupLabel name=" Fichiers" />
        <MetadataGroupLabel name=" Assignation" />
        <MetadataGroupLabel name=" Rappels" />
        <MetadataGroupLabel name=" Suivre" />
      </MetadataGroupsLabels>
    </userTask>
    <folder manageable="false" simpleSearch="true" advancedSearch="true">
      <MetadataGroupsLabels>
        <MetadataGroupLabel name="Métadonnées" />
        <MetadataGroupLabel name="Classé dans" />
      </MetadataGroupsLabels>
    </folder>
    <document manageable="false" simpleSearch="true" advancedSearch="true">
      <MetadataGroupsLabels>
        <MetadataGroupLabel name="Métadonnées" />
        <MetadataGroupLabel name="Classé dans" />
      </MetadataGroupsLabels>
    </document>
    <containerRecord manageable="false" simpleSearch="true" advancedSearch="true">
      <MetadataGroupsLabels>
        <MetadataGroupLabel name="Métadonnées" />
      </MetadataGroupsLabels>
    </containerRecord>
    <collection manageable="false" simpleSearch="false" advancedSearch="false">
      <MetadataGroupsLabels>
        <MetadataGroupLabel name="Métadonnées" />
      </MetadataGroupsLabels>
    </collection>
    <event manageable="false" simpleSearch="false" advancedSearch="false">
      <MetadataGroupsLabels>
        <MetadataGroupLabel name="Métadonnées" />
      </MetadataGroupsLabels>
    </event>
    <user manageable="false" simpleSearch="false" advancedSearch="false">
      <MetadataGroupsLabels>
        <MetadataGroupLabel name="Métadonnées" />
      </MetadataGroupsLabels>
    </user>
    <ddvFolderType manageable="false" simpleSearch="false" advancedSearch="false">
      <MetadataGroupsLabels>
        <MetadataGroupLabel name="Métadonnées" />
      </MetadataGroupsLabels>
    </ddvFolderType>
    <filingSpace manageable="false" simpleSearch="false" advancedSearch="false">
      <MetadataGroupsLabels>
        <MetadataGroupLabel name="Métadonnées" />
      </MetadataGroupsLabels>
    </filingSpace>
    <userDocument manageable="false" simpleSearch="false" advancedSearch="false">
      <MetadataGroupsLabels>
        <MetadataGroupLabel name="Métadonnées" />
      </MetadataGroupsLabels>
    </userDocument>
    <decommissioningList manageable="false" simpleSearch="false" advancedSearch="false">
      <MetadataGroupsLabels>
        <MetadataGroupLabel name="Métadonnées" />
      </MetadataGroupsLabels>
    </decommissioningList>
    <ddvMediumType manageable="false" simpleSearch="false" advancedSearch="false">
      <MetadataGroupsLabels>
        <MetadataGroupLabel name="Métadonnées" />
      </MetadataGroupsLabels>
    </ddvMediumType>
    <ddvStorageSpaceType manageable="false" simpleSearch="false" advancedSearch="false">
      <MetadataGroupsLabels>
        <MetadataGroupLabel name="Métadonnées" />
      </MetadataGroupsLabels>
    </ddvStorageSpaceType>
    <task manageable="false" simpleSearch="false" advancedSearch="false">
      <MetadataGroupsLabels>
        <MetadataGroupLabel name="Métadonnées" />
      </MetadataGroupsLabels>
    </task>
    <ddvDocumentType manageable="false" simpleSearch="false" advancedSearch="false">
      <MetadataGroupsLabels>
        <MetadataGroupLabel name="Métadonnées" />
      </MetadataGroupsLabels>
    </ddvDocumentType>
    <retentionRule manageable="false" simpleSearch="false" advancedSearch="false">
      <MetadataGroupsLabels>
        <MetadataGroupLabel name="Métadonnées" />
      </MetadataGroupsLabels>
    </retentionRule>
    <storageSpace manageable="false" simpleSearch="false" advancedSearch="false">
      <MetadataGroupsLabels>
        <MetadataGroupLabel name="Métadonnées" />
      </MetadataGroupsLabels>
    </storageSpace>
    <uniformSubdivision manageable="false" simpleSearch="false" advancedSearch="false">
      <MetadataGroupsLabels>
        <MetadataGroupLabel name="Métadonnées" />
      </MetadataGroupsLabels>
    </uniformSubdivision>
    <group manageable="false" simpleSearch="false" advancedSearch="false">
      <MetadataGroupsLabels>
        <MetadataGroupLabel name="Métadonnées" />
      </MetadataGroupsLabels>
    </group>
    <category manageable="false" simpleSearch="false" advancedSearch="false">
      <MetadataGroupsLabels>
        <MetadataGroupLabel name="Métadonnées" />
      </MetadataGroupsLabels>
    </category>
    <administrativeUnit manageable="false" simpleSearch="false" advancedSearch="false">
      <MetadataGroupsLabels>
        <MetadataGroupLabel name="Métadonnées" />
      </MetadataGroupsLabels>
    </administrativeUnit>
    <ddvContainerRecordType manageable="false" simpleSearch="false" advancedSearch="false">
      <MetadataGroupsLabels>
        <MetadataGroupLabel name="Métadonnées" />
      </MetadataGroupsLabels>
    </ddvContainerRecordType>
  </SchemaTypeDisplayConfigs>
  <SchemaDisplayConfigs SchemaCode="user_default">
    <DisplayMetadataCodes>
      <user_default_username />
      <user_default_firstname />
      <user_default_lastname />
      <user_default_title />
      <user_default_email />
      <user_default_userroles />
      <user_default_groups />
      <user_default_jobTitle />
      <user_default_phone />
      <user_default_status />
      <user_default_createdOn />
      <user_default_modifiedOn />
      <user_default_allroles />
    </DisplayMetadataCodes>
    <FormMetadataCodes>
      <user_default_email />
      <user_default_groups />
      <user_default_firstname />
      <user_default_username />
      <user_default_lastname />
      <user_default_userroles />
      <user_default_status />
      <user_default_defaultTabInFolderDisplay />
      <user_default_defaultTaxonomy />
      <user_default_jobTitle />
      <user_default_phone />
      <user_default_startTab />
      <user_default_collectionWriteAccess />
      <user_default_collectionReadAccess />
      <user_default_collectionDeleteAccess />
      <user_default_systemAdmin />
    </FormMetadataCodes>
    <SearchResultsMetadataCodes>
      <user_default_title />
      <user_default_modifiedOn />
    </SearchResultsMetadataCodes>
  </SchemaDisplayConfigs>
  <SchemaDisplayConfigs SchemaCode="ddvVariablePeriod_default">
    <DisplayMetadataCodes>
      <ddvVariablePeriod_default_code />
      <ddvVariablePeriod_default_title />
      <ddvVariablePeriod_default_createdBy />
      <ddvVariablePeriod_default_createdOn />
      <ddvVariablePeriod_default_modifiedBy />
      <ddvVariablePeriod_default_modifiedOn />
      <ddvVariablePeriod_default_description />
      <ddvVariablePeriod_default_comments />
    </DisplayMetadataCodes>
    <FormMetadataCodes>
      <ddvVariablePeriod_default_code />
      <ddvVariablePeriod_default_title />
      <ddvVariablePeriod_default_description />
    </FormMetadataCodes>
    <SearchResultsMetadataCodes>
      <ddvVariablePeriod_default_code />
      <ddvVariablePeriod_default_title />
      <ddvVariablePeriod_default_modifiedOn />
    </SearchResultsMetadataCodes>
  </SchemaDisplayConfigs>
  <SchemaDisplayConfigs SchemaCode="containerRecord_default">
    <DisplayMetadataCodes>
      <containerRecord_default_type />
      <containerRecord_default_temporaryIdentifier />
      <containerRecord_default_identifier />
      <containerRecord_default_full />
      <containerRecord_default_description />
      <containerRecord_default_administrativeUnit />
      <containerRecord_default_storageSpace />
      <containerRecord_default_capacity />
    </DisplayMetadataCodes>
    <FormMetadataCodes>
      <containerRecord_default_type />
      <containerRecord_default_temporaryIdentifier />
      <containerRecord_default_identifier />
      <containerRecord_default_storageSpace />
      <containerRecord_default_full />
      <containerRecord_default_description />
      <containerRecord_default_position />
      <containerRecord_default_borrower />
      <containerRecord_default_filingSpace />
      <containerRecord_default_decommissioningType />
      <containerRecord_default_administrativeUnit />
      <containerRecord_default_borrowDate />
      <containerRecord_default_completionDate />
      <containerRecord_default_realTransferDate />
      <containerRecord_default_realDepositDate />
      <containerRecord_default_planifiedReturnDate />
      <containerRecord_default_realReturnDate />
      <containerRecord_default_capacity />
      <containerRecord_default_fillRatioEntered />
    </FormMetadataCodes>
    <SearchResultsMetadataCodes>
      <containerRecord_default_title />
      <containerRecord_default_modifiedOn />
    </SearchResultsMetadataCodes>
  </SchemaDisplayConfigs>
  <SchemaDisplayConfigs SchemaCode="userTask_default">
    <DisplayMetadataCodes>
      <userTask_default_title />
      <userTask_default_type />
      <userTask_default_createdOn />
      <userTask_default_modifiedOn />
      <userTask_default_assignee />
      <userTask_default_assigner />
      <userTask_default_assignedOn />
      <userTask_default_dueDate />
      <userTask_default_parentTaskDueDate />
      <userTask_default_startDate />
      <userTask_default_endDate />
      <userTask_default_nextReminderOn />
      <userTask_default_assigneeGroupsCandidates />
      <userTask_default_taskFollowersIds />
      <userTask_default_progressPercentage />
      <userTask_default_status />
      <userTask_default_parentTask />
      <userTask_default_assigneeUsersCandidates />
      <userTask_default_description />
      <userTask_default_contents />
      <userTask_default_administrativeUnit />
      <userTask_default_linkedDocuments />
      <userTask_default_linkedFolders />
      <userTask_default_comments />
    </DisplayMetadataCodes>
    <FormMetadataCodes>
      <userTask_default_title />
      <userTask_default_type />
      <userTask_default_assignee />
      <userTask_default_assigner />
      <userTask_default_assigneeGroupsCandidates />
      <userTask_default_progressPercentage />
      <userTask_default_status />
      <userTask_default_parentTask />
      <userTask_default_assigneeUsersCandidates />
      <userTask_default_assignedOn />
      <userTask_default_dueDate />
      <userTask_default_startDate />
      <userTask_default_endDate />
      <userTask_default_description />
      <userTask_default_contents />
      <userTask_default_reminders />
      <userTask_default_taskFollowers />
      <userTask_default_linkedDocuments />
      <userTask_default_linkedFolders />
    </FormMetadataCodes>
    <SearchResultsMetadataCodes>
      <userTask_default_title />
      <userTask_default_status />
      <userTask_default_dueDate />
      <userTask_default_assignee />
    </SearchResultsMetadataCodes>
  </SchemaDisplayConfigs>
  <SchemaDisplayConfigs SchemaCode="retentionRule_default">
    <DisplayMetadataCodes>
      <retentionRule_default_code />
      <retentionRule_default_approved />
      <retentionRule_default_approvalDate />
      <retentionRule_default_title />
      <retentionRule_default_corpus />
      <retentionRule_default_corpusRuleNumber />
      <retentionRule_default_administrativeUnits />
      <retentionRule_default_responsibleAdministrativeUnits />
      <retentionRule_default_description />
      <retentionRule_default_juridicReference />
      <retentionRule_default_generalComment />
      <retentionRule_default_keywords />
      <retentionRule_default_history />
      <retentionRule_default_essentialDocuments />
      <retentionRule_default_confidentialDocuments />
      <retentionRule_default_copyRetentionRules />
      <retentionRule_default_documentTypesDetails />
      <retentionRule_default_copyRulesComment />
    </DisplayMetadataCodes>
    <FormMetadataCodes>
      <retentionRule_default_code />
      <retentionRule_default_approved />
      <retentionRule_default_approvalDate />
      <retentionRule_default_title />
      <retentionRule_default_corpus />
      <retentionRule_default_corpusRuleNumber />
      <retentionRule_default_administrativeUnits />
      <retentionRule_default_responsibleAdministrativeUnits />
      <retentionRule_default_description />
      <retentionRule_default_juridicReference />
      <retentionRule_default_generalComment />
      <retentionRule_default_keywords />
      <retentionRule_default_history />
      <retentionRule_default_essentialDocuments />
      <retentionRule_default_confidentialDocuments />
      <retentionRule_default_copyRetentionRules />
      <retentionRule_default_documentTypesDetails />
      <retentionRule_default_copyRulesComment />
    </FormMetadataCodes>
    <SearchResultsMetadataCodes>
      <retentionRule_default_code />
      <retentionRule_default_title />
      <retentionRule_default_modifiedOn />
    </SearchResultsMetadataCodes>
  </SchemaDisplayConfigs>
  <SchemaDisplayConfigs SchemaCode="administrativeUnit_default">
    <DisplayMetadataCodes>
      <administrativeUnit_default_code />
      <administrativeUnit_default_title />
      <administrativeUnit_default_parent />
      <administrativeUnit_default_createdOn />
      <administrativeUnit_default_modifiedBy />
      <administrativeUnit_default_createdBy />
      <administrativeUnit_default_decommissioningMonth />
    </DisplayMetadataCodes>
    <FormMetadataCodes>
      <administrativeUnit_default_code />
      <administrativeUnit_default_title />
      <administrativeUnit_default_parent />
      <administrativeUnit_default_decommissioningMonth />
      <administrativeUnit_default_adress />
      <administrativeUnit_default_description />
    </FormMetadataCodes>
    <SearchResultsMetadataCodes>
      <administrativeUnit_default_title />
      <administrativeUnit_default_modifiedOn />
    </SearchResultsMetadataCodes>
  </SchemaDisplayConfigs>
  <SchemaDisplayConfigs SchemaCode="ddvDocumentType_default">
    <DisplayMetadataCodes>
      <ddvDocumentType_default_title />
      <ddvDocumentType_default_code />
      <ddvDocumentType_default_description />
      <ddvDocumentType_default_linkedSchema />
    </DisplayMetadataCodes>
    <FormMetadataCodes>
      <ddvDocumentType_default_title />
      <ddvDocumentType_default_code />
      <ddvDocumentType_default_description />
      <ddvDocumentType_default_linkedSchema />
      <ddvDocumentType_default_templates />
    </FormMetadataCodes>
    <SearchResultsMetadataCodes>
      <ddvDocumentType_default_title />
      <ddvDocumentType_default_modifiedOn />
    </SearchResultsMetadataCodes>
  </SchemaDisplayConfigs>
  <SchemaDisplayConfigs SchemaCode="folder_default">
    <DisplayMetadataCodes>
      <folder_default_parentFolder />
      <folder_default_title />
      <folder_default_description />
      <folder_default_filingSpace />
      <folder_default_administrativeUnit />
      <folder_default_mediumTypes />
      <folder_default_copyStatus />
      <folder_default_archivisticStatus />
      <folder_default_container />
      <folder_default_category />
      <folder_default_uniformSubdivision />
      <folder_default_retentionRule />
      <folder_default_mainCopyRule />
      <folder_default_keywords />
      <folder_default_openingDate />
      <folder_default_closingDate />
      <folder_default_actualTransferDate />
      <folder_default_expectedTransferDate />
      <folder_default_actualDepositDate />
      <folder_default_expectedDepositDate />
      <folder_default_actualDestructionDate />
      <folder_default_expectedDestructionDate />
      <folder_default_followers />
      <folder_default_borrowed />
      <folder_default_borrowDate />
      <folder_default_borrowUserEntered />
      <folder_default_borrowPreviewReturnDate />
      <folder_default_borrowingType />
      <folder_default_linearSize />
      <folder_default_formCreatedBy />
      <folder_default_formCreatedOn />
      <folder_default_formModifiedBy />
      <folder_default_formModifiedOn />
      <folder_default_comments />
    </DisplayMetadataCodes>
    <FormMetadataCodes>
      <folder_default_type />
      <folder_default_title />
      <folder_default_parentFolder />
      <folder_default_categoryEntered />
      <folder_default_uniformSubdivisionEntered />
      <folder_default_retentionRuleEntered />
      <folder_default_copyStatusEntered />
      <folder_default_openingDate />
      <folder_default_enteredClosingDate />
      <folder_default_administrativeUnitEntered />
      <folder_default_mediumTypes />
      <folder_default_keywords />
      <folder_default_description />
      <folder_default_container />
      <folder_default_actualTransferDate />
      <folder_default_actualDepositDate />
      <folder_default_actualDestructionDate />
      <folder_default_borrowPreviewReturnDate />
      <folder_default_linearSize />
    </FormMetadataCodes>
    <SearchResultsMetadataCodes>
      <folder_default_title />
      <folder_default_modifiedOn />
    </SearchResultsMetadataCodes>
  </SchemaDisplayConfigs>
  <SchemaDisplayConfigs SchemaCode="document_email">
    <DisplayMetadataCodes>
      <document_email_title />
      <document_email_content />
      <document_email_type />
      <document_email_folder />
      <document_email_keywords />
      <document_email_emailTo />
      <document_email_emailFrom />
      <document_email_emailInNameOf />
      <document_email_emailCCTo />
      <document_email_emailBCCTo />
      <document_email_emailObject />
      <document_email_emailAttachmentsList />
      <document_email_emailSentOn />
      <document_email_emailReceivedOn />
      <document_email_company />
      <document_email_subjectToBroadcastRule />
      <document_email_author />
      <document_email_emailContent />
      <document_email_formCreatedBy />
      <document_email_formCreatedOn />
      <document_email_formModifiedBy />
      <document_email_formModifiedOn />
      <document_email_comments />
    </DisplayMetadataCodes>
    <FormMetadataCodes>
      <document_email_type />
      <document_email_title />
      <document_email_content />
      <document_email_folder />
      <document_email_keywords />
      <document_email_emailTo />
      <document_email_emailFrom />
      <document_email_emailInNameOf />
      <document_email_emailCCTo />
      <document_email_emailBCCTo />
      <document_email_emailObject />
      <document_email_emailAttachmentsList />
      <document_email_emailSentOn />
      <document_email_emailReceivedOn />
      <document_email_company />
      <document_email_subjectToBroadcastRule />
      <document_email_author />
      <document_email_description />
      <document_email_subject />
      <document_email_emailCompany />
      <document_email_emailContent />
    </FormMetadataCodes>
    <SearchResultsMetadataCodes>
      <document_email_title />
      <document_email_modifiedOn />
    </SearchResultsMetadataCodes>
  </SchemaDisplayConfigs>
  <SchemaDisplayConfigs SchemaCode="document_default">
    <DisplayMetadataCodes>
      <document_default_title />
      <document_default_content />
      <document_default_folder />
      <document_default_type />
      <document_default_keywords />
      <document_default_description />
      <document_default_author />
      <document_default_company />
      <document_default_subject />
      <document_default_formCreatedBy />
      <document_default_formCreatedOn />
      <document_default_formModifiedBy />
      <document_default_formModifiedOn />
      <document_default_comments />
    </DisplayMetadataCodes>
    <FormMetadataCodes>
      <document_default_type />
      <document_default_title />
      <document_default_folder />
      <document_default_keywords />
      <document_default_content />
      <document_default_description />
      <document_default_author />
      <document_default_company />
      <document_default_subject />
    </FormMetadataCodes>
    <SearchResultsMetadataCodes>
      <document_default_title />
      <document_default_modifiedOn />
    </SearchResultsMetadataCodes>
  </SchemaDisplayConfigs>
  <MetadataDisplayConfigs>
    <userTask_default_contents VisibleInAdvancedSearch="true" InputType="CONTENT" Highlight="false" metadataGroup=" Fichiers" />
    <userTask_default_description VisibleInAdvancedSearch="true" InputType="RICHTEXT" Highlight="false" metadataGroup="" />
    <userTask_default_assigneeUsersCandidates VisibleInAdvancedSearch="true" InputType="LOOKUP" Highlight="false" metadataGroup=" Assignation" />
    <userTask_default_assigneeGroupsCandidates VisibleInAdvancedSearch="true" InputType="LOOKUP" Highlight="false" metadataGroup=" Assignation" />
    <userTask_default_assignee VisibleInAdvancedSearch="true" InputType="LOOKUP" Highlight="false" metadataGroup=" Assignation" />
    <userTask_default_status VisibleInAdvancedSearch="true" InputType="LOOKUP" Highlight="false" metadataGroup="" />
    <userTask_default_assigner VisibleInAdvancedSearch="true" InputType="HIDDEN" Highlight="false" metadataGroup="" />
    <userTask_default_assignedOn VisibleInAdvancedSearch="true" InputType="HIDDEN" Highlight="false" metadataGroup="" />
    <userTask_default_endDate VisibleInAdvancedSearch="true" InputType="HIDDEN" Highlight="false" metadataGroup="" />
    <ddvTaskStatus_default_statusType VisibleInAdvancedSearch="true" InputType="DROPDOWN" Highlight="false" metadataGroup="" />
    <userTask_default_reminders VisibleInAdvancedSearch="false" InputType="FIELD" Highlight="false" metadataGroup=" Rappels" />
    <userTask_default_taskFollowers VisibleInAdvancedSearch="false" InputType="FIELD" Highlight="false" metadataGroup=" Suivre" />
    <userTask_default_parentTask VisibleInAdvancedSearch="true" InputType="HIDDEN" Highlight="false" metadataGroup="" />
    <userTask_default_startDate VisibleInAdvancedSearch="true" InputType="HIDDEN" Highlight="false" metadataGroup="" />
    <userTask_default_type VisibleInAdvancedSearch="true" InputType="LOOKUP" Highlight="false" metadataGroup="" />
    <userTask_default_title VisibleInAdvancedSearch="true" InputType="FIELD" Highlight="false" metadataGroup="" />
    <userTask_default_dueDate VisibleInAdvancedSearch="true" InputType="FIELD" Highlight="false" metadataGroup="" />
    <userTask_default_parentTaskDueDate VisibleInAdvancedSearch="true" InputType="FIELD" Highlight="false" metadataGroup="" />
    <userTask_default_taskFollowersIds VisibleInAdvancedSearch="true" InputType="LOOKUP" Highlight="false" metadataGroup="" />
    <userTask_default_progressPercentage VisibleInAdvancedSearch="true" InputType="FIELD" Highlight="false" metadataGroup="" />
    <administrativeUnit_default_adress VisibleInAdvancedSearch="false" InputType="HIDDEN" Highlight="false" metadataGroup="" />
    <administrativeUnit_default_description VisibleInAdvancedSearch="false" InputType="HIDDEN" Highlight="false" metadataGroup="" />
    <decommissioningList_default_approvalRequest VisibleInAdvancedSearch="false" InputType="HIDDEN" Highlight="false" metadataGroup="" />
    <decommissioningList_default_filingSpace VisibleInAdvancedSearch="false" InputType="HIDDEN" Highlight="false" metadataGroup="" />
    <decommissioningList_default_administrativeUnit VisibleInAdvancedSearch="false" InputType="HIDDEN" Highlight="false" metadataGroup="" />
    <decommissioningList_default_approvalUser VisibleInAdvancedSearch="false" InputType="HIDDEN" Highlight="false" metadataGroup="" />
    <decommissioningList_default_processingUser VisibleInAdvancedSearch="false" InputType="HIDDEN" Highlight="false" metadataGroup="" />
    <decommissioningList_default_validationUser VisibleInAdvancedSearch="false" InputType="HIDDEN" Highlight="false" metadataGroup="" />
    <decommissioningList_default_approvalDate VisibleInAdvancedSearch="false" InputType="HIDDEN" Highlight="false" metadataGroup="" />
    <decommissioningList_default_approvalRequestDate VisibleInAdvancedSearch="false" InputType="HIDDEN" Highlight="false" metadataGroup="" />
    <decommissioningList_default_processingDate VisibleInAdvancedSearch="false" InputType="HIDDEN" Highlight="false" metadataGroup="" />
    <decommissioningList_default_validationDate VisibleInAdvancedSearch="false" InputType="HIDDEN" Highlight="false" metadataGroup="" />
    <decommissioningList_default_containerDetails VisibleInAdvancedSearch="false" InputType="HIDDEN" Highlight="false" metadataGroup="" />
    <decommissioningList_default_folderDetails VisibleInAdvancedSearch="false" InputType="HIDDEN" Highlight="false" metadataGroup="" />
    <filingSpace_default_description VisibleInAdvancedSearch="false" InputType="HIDDEN" Highlight="false" metadataGroup="" />
    <document_email_description VisibleInAdvancedSearch="true" InputType="HIDDEN" Highlight="false" metadataGroup="Métadonnées" />
    <document_email_subject VisibleInAdvancedSearch="false" InputType="HIDDEN" Highlight="false" metadataGroup="" />
    <folder_default_activeRetentionType VisibleInAdvancedSearch="true" InputType="RADIO_BUTTONS" Highlight="false" metadataGroup="Métadonnées" />
    <folder_default_actualDepositDate VisibleInAdvancedSearch="true" InputType="FIELD" Highlight="false" metadataGroup="Métadonnées" />
    <folder_default_actualDestructionDate VisibleInAdvancedSearch="true" InputType="FIELD" Highlight="false" metadataGroup="Métadonnées" />
    <folder_default_actualTransferDate VisibleInAdvancedSearch="true" InputType="FIELD" Highlight="false" metadataGroup="Métadonnées" />
    <folder_default_administrativeUnit VisibleInAdvancedSearch="true" InputType="LOOKUP" Highlight="false" metadataGroup="Métadonnées" />
    <folder_default_archivisticStatus VisibleInAdvancedSearch="true" InputType="RADIO_BUTTONS" Highlight="false" metadataGroup="Métadonnées" />
    <folder_default_borrowDate VisibleInAdvancedSearch="true" InputType="FIELD" Highlight="false" metadataGroup="" />
    <folder_default_borrowPreviewReturnDate VisibleInAdvancedSearch="true" InputType="FIELD" Highlight="false" metadataGroup="" />
    <folder_default_borrowReturnDate VisibleInAdvancedSearch="true" InputType="FIELD" Highlight="false" metadataGroup="" />
    <folder_default_borrowUser VisibleInAdvancedSearch="true" InputType="LOOKUP" Highlight="false" metadataGroup="" />
    <folder_default_borrowed VisibleInAdvancedSearch="true" InputType="FIELD" Highlight="false" metadataGroup="" />
    <folder_default_category VisibleInAdvancedSearch="true" InputType="LOOKUP" Highlight="false" metadataGroup="Métadonnées" />
    <folder_default_categoryCode VisibleInAdvancedSearch="true" InputType="FIELD" Highlight="false" metadataGroup="Métadonnées" />
    <folder_default_closingDate VisibleInAdvancedSearch="true" InputType="FIELD" Highlight="false" metadataGroup="Métadonnées" />
    <folder_default_container VisibleInAdvancedSearch="true" InputType="LOOKUP" Highlight="false" metadataGroup="Métadonnées" />
    <folder_default_copyRulesExpectedDepositDates VisibleInAdvancedSearch="true" InputType="FIELD" Highlight="false" metadataGroup="Métadonnées" />
    <folder_default_copyRulesExpectedDestructionDates VisibleInAdvancedSearch="true" InputType="FIELD" Highlight="false" metadataGroup="Métadonnées" />
    <folder_default_copyRulesExpectedTransferDates VisibleInAdvancedSearch="true" InputType="FIELD" Highlight="false" metadataGroup="Métadonnées" />
    <folder_default_copyStatus VisibleInAdvancedSearch="true" InputType="RADIO_BUTTONS" Highlight="false" metadataGroup="Métadonnées" />
    <folder_default_decommissioningDate VisibleInAdvancedSearch="true" InputType="FIELD" Highlight="false" metadataGroup="Métadonnées" />
    <folder_default_description VisibleInAdvancedSearch="true" InputType="TEXTAREA" Highlight="false" metadataGroup="Métadonnées" />
    <folder_default_expectedDepositDate VisibleInAdvancedSearch="true" InputType="FIELD" Highlight="false" metadataGroup="Métadonnées" />
    <folder_default_expectedDestructionDate VisibleInAdvancedSearch="true" InputType="FIELD" Highlight="false" metadataGroup="Métadonnées" />
    <folder_default_expectedTransferDate VisibleInAdvancedSearch="true" InputType="FIELD" Highlight="false" metadataGroup="Métadonnées" />
    <folder_default_filingSpace VisibleInAdvancedSearch="true" InputType="LOOKUP" Highlight="false" metadataGroup="Métadonnées" />
    <folder_default_filingSpaceCode VisibleInAdvancedSearch="true" InputType="FIELD" Highlight="false" metadataGroup="Métadonnées" />
    <folder_default_id VisibleInAdvancedSearch="true" InputType="FIELD" Highlight="false" metadataGroup="Métadonnées" />
    <folder_default_inactiveDisposalType VisibleInAdvancedSearch="true" InputType="RADIO_BUTTONS" Highlight="false" metadataGroup="Métadonnées" />
    <folder_default_keywords VisibleInAdvancedSearch="true" InputType="FIELD" Highlight="false" metadataGroup="Métadonnées" />
    <folder_default_mediaType VisibleInAdvancedSearch="true" InputType="RADIO_BUTTONS" Highlight="false" metadataGroup="Métadonnées" />
    <folder_default_openingDate VisibleInAdvancedSearch="true" InputType="FIELD" Highlight="false" metadataGroup="Métadonnées" />
    <folder_default_parentFolder VisibleInAdvancedSearch="true" InputType="LOOKUP" Highlight="false" metadataGroup="Métadonnées" />
    <folder_default_retentionRule VisibleInAdvancedSearch="true" InputType="LOOKUP" Highlight="false" metadataGroup="Métadonnées" />
    <folder_default_ruleAdminUnit VisibleInAdvancedSearch="true" InputType="LOOKUP" Highlight="false" metadataGroup="Métadonnées" />
    <folder_default_semiactiveRetentionType VisibleInAdvancedSearch="true" InputType="RADIO_BUTTONS" Highlight="false" metadataGroup="Métadonnées" />
    <folder_default_title VisibleInAdvancedSearch="true" InputType="FIELD" Highlight="false" metadataGroup="Métadonnées" />
    <folder_default_type VisibleInAdvancedSearch="true" InputType="LOOKUP" Highlight="false" metadataGroup="Métadonnées" />
    <folder_default_uniformSubdivision VisibleInAdvancedSearch="true" InputType="LOOKUP" Highlight="false" metadataGroup="Métadonnées" />
    <document_default_actualDepositDate VisibleInAdvancedSearch="true" InputType="FIELD" Highlight="false" metadataGroup="Métadonnées" />
    <document_default_actualDestructionDate VisibleInAdvancedSearch="true" InputType="FIELD" Highlight="false" metadataGroup="Métadonnées" />
    <document_default_actualTransferDate VisibleInAdvancedSearch="true" InputType="FIELD" Highlight="false" metadataGroup="Métadonnées" />
    <document_default_administrativeUnit VisibleInAdvancedSearch="true" InputType="LOOKUP" Highlight="false" metadataGroup="Métadonnées" />
    <document_default_archivisticStatus VisibleInAdvancedSearch="true" InputType="RADIO_BUTTONS" Highlight="false" metadataGroup="Métadonnées" />
    <document_default_author VisibleInAdvancedSearch="true" InputType="FIELD" Highlight="false" metadataGroup="" />
    <document_default_borrowed VisibleInAdvancedSearch="true" InputType="FIELD" Highlight="false" metadataGroup="" />
    <document_default_category VisibleInAdvancedSearch="true" InputType="LOOKUP" Highlight="false" metadataGroup="Métadonnées" />
    <document_default_closingDate VisibleInAdvancedSearch="true" InputType="FIELD" Highlight="false" metadataGroup="Métadonnées" />
    <document_default_company VisibleInAdvancedSearch="true" InputType="FIELD" Highlight="false" metadataGroup="" />
    <document_default_description VisibleInAdvancedSearch="true" InputType="HIDDEN" Highlight="false" metadataGroup="Métadonnées" />
    <document_default_expectedDepositDate VisibleInAdvancedSearch="true" InputType="FIELD" Highlight="false" metadataGroup="Métadonnées" />
    <document_default_expectedDestructionDate VisibleInAdvancedSearch="true" InputType="FIELD" Highlight="false" metadataGroup="Métadonnées" />
    <document_default_expectedTransferDate VisibleInAdvancedSearch="true" InputType="FIELD" Highlight="false" metadataGroup="Métadonnées" />
    <document_default_filingSpace VisibleInAdvancedSearch="true" InputType="LOOKUP" Highlight="false" metadataGroup="Métadonnées" />
    <document_default_folder VisibleInAdvancedSearch="true" InputType="LOOKUP" Highlight="false" metadataGroup="Métadonnées" />
    <document_default_id VisibleInAdvancedSearch="true" InputType="FIELD" Highlight="false" metadataGroup="Métadonnées" />
    <document_default_keywords VisibleInAdvancedSearch="true" InputType="FIELD" Highlight="false" metadataGroup="Métadonnées" />
    <document_default_openingDate VisibleInAdvancedSearch="true" InputType="FIELD" Highlight="false" metadataGroup="Métadonnées" />
    <document_default_retentionRule VisibleInAdvancedSearch="true" InputType="LOOKUP" Highlight="false" metadataGroup="Métadonnées" />
    <document_default_subject VisibleInAdvancedSearch="true" InputType="FIELD" Highlight="false" metadataGroup="" />
    <document_default_title VisibleInAdvancedSearch="true" InputType="FIELD" Highlight="false" metadataGroup="Métadonnées" />
    <document_default_type VisibleInAdvancedSearch="true" InputType="LOOKUP" Highlight="false" metadataGroup="Métadonnées" />
    <document_email_emailAttachmentsList VisibleInAdvancedSearch="true" InputType="FIELD" Highlight="false" metadataGroup="" />
    <document_email_emailBCCTo VisibleInAdvancedSearch="true" InputType="FIELD" Highlight="false" metadataGroup="" />
    <document_email_emailCCTo VisibleInAdvancedSearch="true" InputType="FIELD" Highlight="false" metadataGroup="" />
    <document_email_emailCompany VisibleInAdvancedSearch="true" InputType="HIDDEN" Highlight="false" metadataGroup="Métadonnées" />
    <document_email_emailContent VisibleInAdvancedSearch="true" InputType="HIDDEN" Highlight="false" metadataGroup="Métadonnées" />
    <document_email_emailFrom VisibleInAdvancedSearch="true" InputType="FIELD" Highlight="false" metadataGroup="" />
    <document_email_emailInNameOf VisibleInAdvancedSearch="true" InputType="FIELD" Highlight="false" metadataGroup="" />
    <document_email_emailObject VisibleInAdvancedSearch="true" InputType="FIELD" Highlight="false" metadataGroup="" />
    <document_email_emailReceivedOn VisibleInAdvancedSearch="true" InputType="FIELD" Highlight="false" metadataGroup="" />
    <document_email_emailSentOn VisibleInAdvancedSearch="true" InputType="FIELD" Highlight="false" metadataGroup="" />
    <document_email_emailTo VisibleInAdvancedSearch="true" InputType="FIELD" Highlight="false" metadataGroup="" />
    <document_email_subjectToBroadcastRule VisibleInAdvancedSearch="true" InputType="FIELD" Highlight="false" metadataGroup="" />
    <containerRecord_default_administrativeUnit VisibleInAdvancedSearch="true" InputType="HIDDEN" Highlight="false" metadataGroup="Métadonnées" />
    <containerRecord_default_borrowDate VisibleInAdvancedSearch="true" InputType="HIDDEN" Highlight="false" metadataGroup="Métadonnées" />
    <containerRecord_default_borrowed VisibleInAdvancedSearch="true" InputType="FIELD" Highlight="false" metadataGroup="" />
    <containerRecord_default_borrower VisibleInAdvancedSearch="true" InputType="HIDDEN" Highlight="false" metadataGroup="Métadonnées" />
    <containerRecord_default_completionDate VisibleInAdvancedSearch="true" InputType="HIDDEN" Highlight="false" metadataGroup="Métadonnées" />
    <containerRecord_default_decommissioningType VisibleInAdvancedSearch="true" InputType="HIDDEN" Highlight="false" metadataGroup="Métadonnées" />
    <containerRecord_default_description VisibleInAdvancedSearch="true" InputType="FIELD" Highlight="false" metadataGroup="Métadonnées" />
    <containerRecord_default_filingSpace VisibleInAdvancedSearch="true" InputType="HIDDEN" Highlight="false" metadataGroup="Métadonnées" />
    <containerRecord_default_full VisibleInAdvancedSearch="true" InputType="FIELD" Highlight="false" metadataGroup="Métadonnées" />
    <containerRecord_default_id VisibleInAdvancedSearch="true" InputType="FIELD" Highlight="false" metadataGroup="Métadonnées" />
    <containerRecord_default_identifier VisibleInAdvancedSearch="true" InputType="FIELD" Highlight="false" metadataGroup="Métadonnées" />
    <containerRecord_default_planifiedReturnDate VisibleInAdvancedSearch="true" InputType="HIDDEN" Highlight="false" metadataGroup="Métadonnées" />
    <containerRecord_default_position VisibleInAdvancedSearch="true" InputType="FIELD" Highlight="false" metadataGroup="Métadonnées" />
    <containerRecord_default_realDepositDate VisibleInAdvancedSearch="true" InputType="HIDDEN" Highlight="false" metadataGroup="Métadonnées" />
    <containerRecord_default_realReturnDate VisibleInAdvancedSearch="true" InputType="HIDDEN" Highlight="false" metadataGroup="Métadonnées" />
    <containerRecord_default_realTransferDate VisibleInAdvancedSearch="true" InputType="HIDDEN" Highlight="false" metadataGroup="Métadonnées" />
    <containerRecord_default_temporaryIdentifier VisibleInAdvancedSearch="true" InputType="FIELD" Highlight="false" metadataGroup="Métadonnées" />
    <containerRecord_default_title VisibleInAdvancedSearch="true" InputType="FIELD" Highlight="false" metadataGroup="Métadonnées" />
    <containerRecord_default_type VisibleInAdvancedSearch="true" InputType="DROPDOWN" Highlight="false" metadataGroup="Métadonnées" />
    <folder_default_mediumTypes VisibleInAdvancedSearch="true" InputType="CHECKBOXES" Highlight="false" metadataGroup="Métadonnées" />
    <containerRecord_default_storageSpace VisibleInAdvancedSearch="true" InputType="LOOKUP" Highlight="false" metadataGroup="Métadonnées" />
    <userTask_default_linkedFolders VisibleInAdvancedSearch="false" InputType="LOOKUP" Highlight="false" metadataGroup=" Fichiers" />
    <userTask_default_linkedDocuments VisibleInAdvancedSearch="false" InputType="LOOKUP" Highlight="false" metadataGroup=" Fichiers" />
    <folder_default_formCreatedBy VisibleInAdvancedSearch="false" InputType="HIDDEN" Highlight="false" metadataGroup="" />
    <folder_default_formCreatedOn VisibleInAdvancedSearch="false" InputType="HIDDEN" Highlight="false" metadataGroup="" />
    <document_default_formCreatedBy VisibleInAdvancedSearch="false" InputType="HIDDEN" Highlight="false" metadataGroup="" />
    <document_default_formCreatedOn VisibleInAdvancedSearch="false" InputType="HIDDEN" Highlight="false" metadataGroup="" />
  </MetadataDisplayConfigs>
</display>
