<?xml version="1.0" encoding="UTF-8"?>
<ead:ead xmlns:ead="urn:isbn:1-931666-22-9" xmlns:xsi="http://www.w3.org/2001/XMLSchema-instance" xsi:schemaLocation="urn:isbn:1-931666-22-9 http://www.loc.gov/ead/ead.xsd">
  <ead:eadheader>
    <ead:eadid identifier="zeCollection_folder_default">zeCollection, folder_default</ead:eadid>
    <ead:filedesc>
      <ead:titlestmt>
        <ead:titleproper>zeCollection, Dossier</ead:titleproper>
      </ead:titlestmt>
    </ead:filedesc>
    <ead:profiledesc>
      <ead:langusage>
        <ead:language langcode="fra">français</ead:language>
        <ead:language langcode="eng">English</ead:language>
      </ead:langusage>
    </ead:profiledesc>
  </ead:eadheader>
  <ead:archdesc level="class">
    <ead:did>
      <ead:unitid type="Identifiant externe">zeFolderId</ead:unitid>
      <ead:unittitle>Ze folder</ead:unittitle>
      <ead:unitdate datechar="creation">2018-01-02T03:04:05.000</ead:unitdate>
      <ead:unitdate datechar="lastModification">2018-01-02T03:04:05.000</ead:unitdate>
      <ead:unitdate datechar="closure">2019-12-31</ead:unitdate>
      <ead:origination>
        <ead:corpname>10</ead:corpname>
      </ead:origination>
    </ead:did>
    <ead:relatedmaterial>
      <ead:list>
        <ead:item>document1 Document 1</ead:item>
      </ead:list>
    </ead:relatedmaterial>
    <ead:relatedmaterial>
      <ead:list>
        <ead:item>document2 Document 2</ead:item>
      </ead:list>
    </ead:relatedmaterial>
    <ead:fileplan>
      <ead:p>Agent Secreet</ead:p>
    </ead:fileplan>
    <ead:odd>
      <ead:odd id="activeRetentionPeriodCode" type="STRING">
        <ead:p>42</ead:p>
      </ead:odd>
      <ead:odd id="activeRetentionType" type="ENUM">
        <ead:p>OPEN</ead:p>
      </ead:odd>
      <ead:odd id="administrativeUnitAncestors" type="REFERENCE">
        <ead:table frame="none">
          <ead:tgroup cols="4">
            <ead:thead>
              <ead:row>
                <ead:entry colname="1">id</ead:entry>
                <ead:entry colname="2">code</ead:entry>
                <ead:entry colname="3">schema</ead:entry>
                <ead:entry colname="4">title</ead:entry>
              </ead:row>
            </ead:thead>
            <ead:tbody>
              <ead:row>
                <ead:entry colname="1">unitId_10</ead:entry>
                <ead:entry colname="2">10</ead:entry>
                <ead:entry colname="3">administrativeUnit_default</ead:entry>
                <ead:entry colname="4">Unité 10</ead:entry>
              </ead:row>
            </ead:tbody>
          </ead:tgroup>
        </ead:table>
      </ead:odd>
      <ead:odd id="administrativeUnitCode" type="STRING">
        <ead:p>10A</ead:p>
      </ead:odd>
      <ead:odd id="allReferences" type="STRING">
        <ead:list type="ordered">
          <ead:item>unitId_10</ead:item>
          <ead:item>ruleId_1</ead:item>
          <ead:item>unitId_10a</ead:item>
          <ead:item>categoryId_X13</ead:item>
        </ead:list>
      </ead:odd>
      <ead:odd id="applicableCopyRule" type="STRUCTURE">
        <ead:table frame="none">
          <ead:tgroup cols="9">
            <ead:thead>
              <ead:row>
                <ead:entry colname="1">semiActiveRetentionPeriod</ead:entry>
                <ead:entry colname="2">mediumTypes</ead:entry>
                <ead:entry colname="3">copyType</ead:entry>
                <ead:entry colname="4">activeRetentionPeriod</ead:entry>
                <ead:entry colname="5">ignoreActivePeriod</ead:entry>
                <ead:entry colname="6">inactiveDisposalType</ead:entry>
                <ead:entry colname="7">id</ead:entry>
                <ead:entry colname="8">contentTypesComment</ead:entry>
                <ead:entry colname="9">essential</ead:entry>
              </ead:row>
            </ead:thead>
            <ead:tbody>
              <ead:row>
                <ead:entry colname="1">5</ead:entry>
                <ead:entry colname="2">PA,DM</ead:entry>
                <ead:entry colname="3">P</ead:entry>
                <ead:entry colname="4">42</ead:entry>
                <ead:entry colname="5">false</ead:entry>
                <ead:entry colname="6">C</ead:entry>
                <ead:entry colname="7">1</ead:entry>
                <ead:entry colname="8">R1</ead:entry>
                <ead:entry colname="9">false</ead:entry>
              </ead:row>
            </ead:tbody>
          </ead:tgroup>
        </ead:table>
      </ead:odd>
      <ead:odd id="archivisticStatus" type="ENUM">
        <ead:p>ACTIVE</ead:p>
      </ead:odd>
      <ead:odd id="attachedAncestors" type="STRING">
        <ead:list type="ordered">
          <ead:item>unitId_10</ead:item>
          <ead:item>unitId_10a</ead:item>
          <ead:item>zeFolderId</ead:item>
        </ead:list>
      </ead:odd>
      <ead:odd id="autocomplete" type="STRING">
        <ead:list type="ordered">
          <ead:item>folder</ead:item>
          <ead:item>ze</ead:item>
        </ead:list>
      </ead:odd>
      <ead:odd id="caption" type="STRING">
        <ead:p>Ze folder</ead:p>
      </ead:odd>
      <ead:odd id="categoryCode" type="STRING">
        <ead:p>X13</ead:p>
      </ead:odd>
      <ead:odd id="closingDate" type="DATE">
        <ead:p>
          <ead:date>2019-12-31</ead:date>
        </ead:p>
      </ead:odd>
      <ead:odd id="copyRulesExpectedDepositDates" type="DATE">
        <ead:list type="ordered">
          <ead:item>
            <ead:date>2025-12-31</ead:date>
          </ead:item>
        </ead:list>
      </ead:odd>
      <ead:odd id="copyRulesExpectedTransferDates" type="DATE">
        <ead:list type="ordered">
          <ead:item>
            <ead:date>2020-12-31</ead:date>
          </ead:item>
        </ead:list>
      </ead:odd>
      <ead:odd id="copyStatus" type="ENUM">
        <ead:p>PRINCIPAL</ead:p>
      </ead:odd>
      <ead:odd id="createdOn" type="DATE_TIME">
        <ead:p>
          <ead:date>2018-01-02T03:04:05.000</ead:date>
        </ead:p>
      </ead:odd>
      <ead:odd id="expectedDepositDate" type="DATE">
        <ead:p>
          <ead:date>2025-12-31</ead:date>
        </ead:p>
      </ead:odd>
      <ead:odd id="expectedTransferDate" type="DATE">
        <ead:p>
          <ead:date>2020-12-31</ead:date>
        </ead:p>
      </ead:odd>
      <ead:odd id="hasContent" type="BOOLEAN">
        <ead:p>false</ead:p>
      </ead:odd>
      <ead:odd id="id" type="STRING">
        <ead:p>zeFolderId</ead:p>
      </ead:odd>
      <ead:odd id="inactiveDisposalType" type="ENUM">
        <ead:p>DEPOSIT</ead:p>
      </ead:odd>
      <ead:odd id="mainCopyRule" type="STRUCTURE">
        <ead:list type="deflist">
          <ead:defitem>
            <ead:label>semiActiveRetentionPeriod</ead:label>
            <ead:item>5</ead:item>
          </ead:defitem>
          <ead:defitem>
            <ead:label>mediumTypes</ead:label>
            <ead:item>PA,DM</ead:item>
          </ead:defitem>
          <ead:defitem>
            <ead:label>copyType</ead:label>
            <ead:item>P</ead:item>
          </ead:defitem>
          <ead:defitem>
            <ead:label>activeRetentionPeriod</ead:label>
            <ead:item>42</ead:item>
          </ead:defitem>
          <ead:defitem>
            <ead:label>ignoreActivePeriod</ead:label>
            <ead:item>false</ead:item>
          </ead:defitem>
          <ead:defitem>
            <ead:label>inactiveDisposalType</ead:label>
            <ead:item>C</ead:item>
          </ead:defitem>
          <ead:defitem>
            <ead:label>id</ead:label>
            <ead:item>1</ead:item>
          </ead:defitem>
          <ead:defitem>
            <ead:label>contentTypesComment</ead:label>
            <ead:item>R1</ead:item>
          </ead:defitem>
          <ead:defitem>
            <ead:label>essential</ead:label>
            <ead:item>false</ead:item>
          </ead:defitem>
        </ead:list>
      </ead:odd>
      <ead:odd id="markedForReindexing" type="BOOLEAN">
        <ead:p>true</ead:p>
      </ead:odd>
      <ead:odd id="mediaType" type="ENUM">
        <ead:p>UNKNOWN</ead:p>
      </ead:odd>
      <ead:odd id="migrationDataVersion" type="NUMBER">
        <ead:p>1.0</ead:p>
      </ead:odd>
      <ead:odd id="openingDate" type="DATE">
        <ead:p>
          <ead:date>2018-01-01</ead:date>
        </ead:p>
      </ead:odd>
      <ead:odd id="path" type="STRING">
        <ead:list type="ordered">
          <ead:item>/admUnits/unitId_10/unitId_10a/zeFolderId</ead:item>
          <ead:item>/plan/categoryId_X/categoryId_X13/zeFolderId</ead:item>
        </ead:list>
      </ead:odd>
      <ead:odd id="pathParts" type="STRING">
        <ead:list type="ordered">
          <ead:item>categoryId_X</ead:item>
          <ead:item>_LAST_categoryId_X13</ead:item>
          <ead:item>_LAST_unitId_10a</ead:item>
          <ead:item>unitId_10</ead:item>
          <ead:item>unitId_10a</ead:item>
          <ead:item>categoryId_X13</ead:item>
        </ead:list>
      </ead:odd>
      <ead:odd id="permissionStatus" type="ENUM">
        <ead:p>ACTIVE</ead:p>
      </ead:odd>
      <ead:odd id="principalpath" type="STRING">
        <ead:p>/admUnits/unitId_10/unitId_10a/zeFolderId</ead:p>
      </ead:odd>
      <ead:odd id="schema" type="STRING">
        <ead:p>folder_default</ead:p>
      </ead:odd>
      <ead:odd id="semiactiveRetentionType" type="ENUM">
        <ead:p>FIXED</ead:p>
      </ead:odd>
      <ead:odd id="visibleInTrees" type="BOOLEAN">
        <ead:p>true</ead:p>
      </ead:odd>
    </ead:odd>
  </ead:archdesc>
</ead:ead>
