<?xml version="1.0" encoding="UTF-8"?>
<authorizations>
  <authorization id="_U_63c83c46-03e8-4380-a287-e263519cdea5">
    <startDate>1969-12-06</startDate>
    <endDate>1970-01-25</endDate>
    <collection>anotherCollection</collection>
    <roles>
      <role>U</role>
    </roles>
    <synced>false</synced>
  </authorization>
  <authorization id="rw__e17c614d-416a-4a97-92ee-a9eba41858a2">
    <startDate>1969-12-06</startDate>
    <endDate>1970-01-25</endDate>
    <collection>anotherCollection</collection>
    <roles>
      <role>READ</role>
      <role>WRITE</role>
    </roles>
    <synced>false</synced>
  </authorization>
  <authorization id="_M_f4be0e7c-04f1-4486-bb5e-99fe07ae8f5c">
    <startDate>1969-12-06</startDate>
    <endDate>1970-01-25</endDate>
    <collection>anotherCollection</collection>
    <roles>
      <role>M</role>
    </roles>
    <synced>false</synced>
  </authorization>
  <authorization id="rwd__220bc199-63a3-41ef-90c3-482f3628e277">
    <startDate>1969-12-06</startDate>
    <endDate>1970-01-25</endDate>
    <collection>anotherCollection</collection>
    <roles>
      <role>READ</role>
      <role>WRITE</role>
      <role>DELETE</role>
    </roles>
    <synced>false</synced>
  </authorization>
  <authorization id="_U_84dc1889-a836-4846-88b2-5f32b37c8730">
    <startDate>1969-12-06</startDate>
    <endDate>1970-01-25</endDate>
    <collection>anotherCollection</collection>
    <roles>
      <role>U</role>
    </roles>
    <synced>false</synced>
  </authorization>
  <authorization id="rw__67bd5772-e0c4-445d-b671-eeda75f50bc2">
    <startDate>1969-12-06</startDate>
    <endDate>1970-01-25</endDate>
    <collection>anotherCollection</collection>
    <roles>
      <role>READ</role>
      <role>WRITE</role>
    </roles>
    <synced>false</synced>
  </authorization>
  <authorization id="_M_e58c9bf6-5fec-46b0-9fb4-7ac61eeaa621">
    <startDate>1969-12-06</startDate>
    <endDate>1970-01-25</endDate>
    <collection>anotherCollection</collection>
    <roles>
      <role>M</role>
    </roles>
    <synced>false</synced>
  </authorization>
  <authorization id="rwd__18c69f4f-c9b6-4228-a625-98a581dbec97">
    <startDate>1969-12-06</startDate>
    <endDate>1970-01-25</endDate>
    <collection>anotherCollection</collection>
    <roles>
      <role>READ</role>
      <role>WRITE</role>
      <role>DELETE</role>
    </roles>
    <synced>false</synced>
  </authorization>
  <authorization id="_U_83d2e8b1-e36a-46a2-bcb7-57c05c0f3840">
    <startDate>1969-12-06</startDate>
    <endDate>1970-01-25</endDate>
    <collection>anotherCollection</collection>
    <roles>
      <role>U</role>
    </roles>
    <synced>false</synced>
  </authorization>
  <authorization id="rw__6061d30b-22f9-4466-863b-589917eef3d2">
    <startDate>1969-12-06</startDate>
    <endDate>1970-01-25</endDate>
    <collection>anotherCollection</collection>
    <roles>
      <role>READ</role>
      <role>WRITE</role>
    </roles>
    <synced>false</synced>
  </authorization>
  <authorization id="_M_2f041a5f-cce3-449e-bcd3-9808780252d1">
    <startDate>1969-12-06</startDate>
    <endDate>1970-01-25</endDate>
    <collection>anotherCollection</collection>
    <roles>
      <role>M</role>
    </roles>
    <synced>false</synced>
  </authorization>
  <authorization id="rwd__07a3b696-cd62-4b1f-acb8-6727fda87bb0">
    <startDate>1969-12-06</startDate>
    <endDate>1970-01-25</endDate>
    <collection>anotherCollection</collection>
    <roles>
      <role>READ</role>
      <role>WRITE</role>
      <role>DELETE</role>
    </roles>
    <synced>false</synced>
  </authorization>
</authorizations>
