<?xml version="1.0" encoding="UTF-8"?>
<display>
  <SchemaTypeDisplayConfigs>
    <folder manageable="false" simpleSearch="true" advancedSearch="true">
      <MetadataGroupsLabels>
        <MetadataGroupLabel name="Default" />
      </MetadataGroupsLabels>
    </folder>
    <document manageable="false" simpleSearch="true" advancedSearch="true">
      <MetadataGroupsLabels>
        <MetadataGroupLabel name="Default" />
      </MetadataGroupsLabels>
    </document>
    <containerRecord manageable="false" simpleSearch="true" advancedSearch="true">
      <MetadataGroupsLabels>
        <MetadataGroupLabel name="Default" />
      </MetadataGroupsLabels>
    </containerRecord>
  </SchemaTypeDisplayConfigs>
  <SchemaTypesDisplayConfig>
    <folder_default_schema />
    <folder_default_archivisticStatus />
    <folder_default_category />
    <folder_default_administrativeUnit />
    <folder_default_filingSpace />
    <folder_default_mediumTypes />
    <folder_default_copyStatus />
  </SchemaTypesDisplayConfig>
  <SchemaDisplayConfigs SchemaCode="ddvFolderType_default">
    <DisplayMetadataCodes>
      <ddvFolderType_default_title />
      <ddvFolderType_default_code />
      <ddvFolderType_default_description />
      <ddvFolderType_default_linkedSchema />
    </DisplayMetadataCodes>
    <FormMetadataCodes>
      <ddvFolderType_default_title />
      <ddvFolderType_default_code />
      <ddvFolderType_default_description />
      <ddvFolderType_default_linkedSchema />
      <ddvFolderType_default_comments />
    </FormMetadataCodes>
    <SearchResultsMetadataCodes>
      <ddvFolderType_default_title />
      <ddvFolderType_default_modifiedOn />
    </SearchResultsMetadataCodes>
  </SchemaDisplayConfigs>
  <SchemaDisplayConfigs SchemaCode="folder_default">
    <DisplayMetadataCodes>
      <folder_default_parentFolder />
      <folder_default_title />
      <folder_default_createdBy />
      <folder_default_description />
      <folder_default_filingSpace />
      <folder_default_administrativeUnit />
      <folder_default_mediumTypes />
      <folder_default_copyStatus />
      <folder_default_archivisticStatus />
      <folder_default_container />
      <folder_default_category />
      <folder_default_uniformSubdivision />
      <folder_default_retentionRule />
      <folder_default_mainCopyRule />
      <folder_default_ruleAdminUnit />
      <folder_default_keywords />
      <folder_default_createdOn />
      <folder_default_openingDate />
      <folder_default_closingDate />
      <folder_default_actualTransferDate />
      <folder_default_expectedTransferDate />
      <folder_default_actualDepositDate />
      <folder_default_expectedDepositDate />
      <folder_default_actualDestructionDate />
      <folder_default_expectedDestructionDate />
      <folder_default_followers />
      <folder_default_comments />
    </DisplayMetadataCodes>
    <FormMetadataCodes>
      <folder_default_type />
      <folder_default_title />
      <folder_default_parentFolder />
      <folder_default_categoryEntered />
      <folder_default_uniformSubdivisionEntered />
      <folder_default_retentionRuleEntered />
      <folder_default_copyStatusEntered />
      <folder_default_openingDate />
      <folder_default_enteredClosingDate />
      <folder_default_filingSpaceEntered />
      <folder_default_administrativeUnitEntered />
      <folder_default_mediumTypes />
      <folder_default_keywords />
      <folder_default_description />
      <folder_default_container />
      <folder_default_actualTransferDate />
      <folder_default_actualDepositDate />
      <folder_default_actualDestructionDate />
      <folder_default_comments />
    </FormMetadataCodes>
    <SearchResultsMetadataCodes>
      <folder_default_title />
      <folder_default_modifiedOn />
    </SearchResultsMetadataCodes>
  </SchemaDisplayConfigs>
  <SchemaDisplayConfigs SchemaCode="user_default">
    <DisplayMetadataCodes>
      <user_default_username />
      <user_default_firstname />
      <user_default_lastname />
      <user_default_title />
      <user_default_email />
      <user_default_userroles />
      <user_default_groups />
      <user_default_jobTitle />
      <user_default_phone />
      <user_default_status />
      <user_default_createdOn />
      <user_default_modifiedOn />
    </DisplayMetadataCodes>
    <FormMetadataCodes>
      <user_default_authorizations />
      <user_default_collectionDeleteAccess />
      <user_default_collectionReadAccess />
      <user_default_collectionWriteAccess />
      <user_default_createdOn />
      <user_default_defaultTaxonomy />
      <user_default_deleted />
      <user_default_detachedauthorizations />
      <user_default_email />
      <user_default_firstname />
      <user_default_followers />
      <user_default_groups />
      <user_default_id />
      <user_default_jobTitle />
      <user_default_lastIPAddress />
      <user_default_lastLogin />
      <user_default_lastname />
      <user_default_modifiedOn />
      <user_default_phone />
      <user_default_previoussystemidentifier />
      <user_default_removedauthorizations />
      <user_default_schema />
      <user_default_startTab />
      <user_default_status />
      <user_default_systemAdmin />
      <user_default_username />
      <user_default_userroles />
    </FormMetadataCodes>
    <SearchResultsMetadataCodes>
      <user_default_title />
      <user_default_modifiedOn />
    </SearchResultsMetadataCodes>
  </SchemaDisplayConfigs>
  <SchemaDisplayConfigs SchemaCode="ddvDocumentType_default">
    <DisplayMetadataCodes>
      <ddvDocumentType_default_title />
      <ddvDocumentType_default_code />
      <ddvDocumentType_default_description />
      <ddvDocumentType_default_linkedSchema />
    </DisplayMetadataCodes>
    <FormMetadataCodes>
      <ddvDocumentType_default_title />
      <ddvDocumentType_default_code />
      <ddvDocumentType_default_description />
      <ddvDocumentType_default_linkedSchema />
      <ddvDocumentType_default_comments />
    </FormMetadataCodes>
    <SearchResultsMetadataCodes>
      <ddvDocumentType_default_title />
      <ddvDocumentType_default_modifiedOn />
    </SearchResultsMetadataCodes>
  </SchemaDisplayConfigs>
  <SchemaDisplayConfigs SchemaCode="document_default">
    <DisplayMetadataCodes>
      <document_default_title />
      <document_default_content />
      <document_default_folder />
      <document_default_type />
      <document_default_createdOn />
      <document_default_keywords />
      <document_default_description />
      <document_default_comments />
    </DisplayMetadataCodes>
    <FormMetadataCodes>
      <document_default_type />
      <document_default_title />
      <document_default_folder />
      <document_default_keywords />
      <document_default_content />
      <document_default_comments />
      <document_default_description />
    </FormMetadataCodes>
    <SearchResultsMetadataCodes>
      <document_default_title />
      <document_default_modifiedOn />
    </SearchResultsMetadataCodes>
  </SchemaDisplayConfigs>
  <SchemaDisplayConfigs SchemaCode="ddvContainerRecordType_default">
    <DisplayMetadataCodes>
      <ddvContainerRecordType_default_title />
      <ddvContainerRecordType_default_code />
      <ddvContainerRecordType_default_description />
      <ddvContainerRecordType_default_linkedSchema />
    </DisplayMetadataCodes>
    <FormMetadataCodes>
      <ddvContainerRecordType_default_title />
      <ddvContainerRecordType_default_code />
      <ddvContainerRecordType_default_description />
      <ddvContainerRecordType_default_linkedSchema />
      <ddvContainerRecordType_default_comments />
    </FormMetadataCodes>
    <SearchResultsMetadataCodes>
      <ddvContainerRecordType_default_title />
      <ddvContainerRecordType_default_modifiedOn />
    </SearchResultsMetadataCodes>
  </SchemaDisplayConfigs>
  <SchemaDisplayConfigs SchemaCode="containerRecord_default">
    <DisplayMetadataCodes>
      <containerRecord_default_type />
      <containerRecord_default_temporaryIdentifier />
      <containerRecord_default_identifier />
      <containerRecord_default_full />
      <containerRecord_default_description />
      <containerRecord_default_administrativeUnit />
      <containerRecord_default_storageSpace />
    </DisplayMetadataCodes>
    <FormMetadataCodes>
      <containerRecord_default_type />
      <containerRecord_default_temporaryIdentifier />
      <containerRecord_default_identifier />
      <containerRecord_default_full />
      <containerRecord_default_description />
      <containerRecord_default_position />
      <containerRecord_default_administrativeUnit />
      <containerRecord_default_borrowDate />
      <containerRecord_default_borrower />
      <containerRecord_default_comments />
      <containerRecord_default_completionDate />
      <containerRecord_default_decommissioningType />
      <containerRecord_default_filingSpace />
      <containerRecord_default_planifiedReturnDate />
      <containerRecord_default_realDepositDate />
      <containerRecord_default_realReturnDate />
      <containerRecord_default_realTransferDate />
      <containerRecord_default_storageSpace />
    </FormMetadataCodes>
    <SearchResultsMetadataCodes>
      <containerRecord_default_title />
      <containerRecord_default_modifiedOn />
    </SearchResultsMetadataCodes>
  </SchemaDisplayConfigs>
  <SchemaDisplayConfigs SchemaCode="ddvMediumType_default">
    <DisplayMetadataCodes>
      <ddvMediumType_default_title />
      <ddvMediumType_default_code />
      <ddvMediumType_default_description />
      <ddvMediumType_default_analogical />
    </DisplayMetadataCodes>
    <FormMetadataCodes>
      <ddvMediumType_default_title />
      <ddvMediumType_default_code />
      <ddvMediumType_default_description />
      <ddvMediumType_default_analogical />
      <ddvMediumType_default_comments />
    </FormMetadataCodes>
    <SearchResultsMetadataCodes>
      <ddvMediumType_default_title />
      <ddvMediumType_default_modifiedOn />
    </SearchResultsMetadataCodes>
  </SchemaDisplayConfigs>
  <SchemaDisplayConfigs SchemaCode="administrativeUnit_default">
    <DisplayMetadataCodes>
      <administrativeUnit_default_code />
      <administrativeUnit_default_title />
      <administrativeUnit_default_parent />
      <administrativeUnit_default_filingSpaces />
      <administrativeUnit_default_createdOn />
      <administrativeUnit_default_modifiedBy />
      <administrativeUnit_default_createdBy />
    </DisplayMetadataCodes>
    <FormMetadataCodes>
      <administrativeUnit_default_code />
      <administrativeUnit_default_filingSpaces />
      <administrativeUnit_default_title />
      <administrativeUnit_default_parent />
      <administrativeUnit_default_adress />
      <administrativeUnit_default_description />
    </FormMetadataCodes>
    <SearchResultsMetadataCodes>
      <administrativeUnit_default_title />
      <administrativeUnit_default_modifiedOn />
    </SearchResultsMetadataCodes>
  </SchemaDisplayConfigs>
  <SchemaDisplayConfigs SchemaCode="category_default">
    <DisplayMetadataCodes>
      <category_default_code />
      <category_default_title />
      <category_default_description />
      <category_default_createdOn />
      <category_default_modifiedBy />
      <category_default_createdBy />
      <category_default_keywords />
      <category_default_parent />
      <category_default_retentionRules />
      <category_default_comments />
    </DisplayMetadataCodes>
    <FormMetadataCodes>
      <category_default_code />
      <category_default_title />
      <category_default_description />
      <category_default_keywords />
      <category_default_parent />
      <category_default_retentionRules />
      <category_default_comments />
    </FormMetadataCodes>
    <SearchResultsMetadataCodes>
      <category_default_title />
      <category_default_modifiedOn />
    </SearchResultsMetadataCodes>
  </SchemaDisplayConfigs>
  <SchemaDisplayConfigs SchemaCode="decommissioningList_default">
    <DisplayMetadataCodes>
      <decommissioningList_default_title />
      <decommissioningList_default_type />
      <decommissioningList_default_description />
      <decommissioningList_default_administrativeUnit />
      <decommissioningList_default_filingSpace />
      <decommissioningList_default_createdOn />
      <decommissioningList_default_createdBy />
      <decommissioningList_default_modifiedOn />
      <decommissioningList_default_modifiedBy />
      <decommissioningList_default_uniformCategory />
      <decommissioningList_default_uniformRule />
      <decommissioningList_default_status />
      <decommissioningList_default_approvalDate />
      <decommissioningList_default_approvalUser />
    </DisplayMetadataCodes>
    <FormMetadataCodes>
      <decommissioningList_default_title />
      <decommissioningList_default_description />
      <decommissioningList_default_administrativeUnit />
      <decommissioningList_default_approvalDate />
      <decommissioningList_default_approvalRequest />
      <decommissioningList_default_approvalRequestDate />
      <decommissioningList_default_approvalUser />
      <decommissioningList_default_comments />
      <decommissioningList_default_containerDetails />
      <decommissioningList_default_filingSpace />
      <decommissioningList_default_folderDetails />
      <decommissioningList_default_processingDate />
      <decommissioningList_default_processingUser />
      <decommissioningList_default_validationDate />
      <decommissioningList_default_validationUser />
    </FormMetadataCodes>
    <SearchResultsMetadataCodes>
      <decommissioningList_default_title />
      <decommissioningList_default_modifiedOn />
    </SearchResultsMetadataCodes>
  </SchemaDisplayConfigs>
  <SchemaDisplayConfigs SchemaCode="filingSpace_default">
    <DisplayMetadataCodes>
      <filingSpace_default_code />
      <filingSpace_default_title />
      <filingSpace_default_description />
      <filingSpace_default_users />
      <filingSpace_default_administrators />
    </DisplayMetadataCodes>
    <FormMetadataCodes>
      <filingSpace_default_code />
      <filingSpace_default_title />
      <filingSpace_default_administrators />
      <filingSpace_default_users />
      <filingSpace_default_description />
    </FormMetadataCodes>
    <SearchResultsMetadataCodes>
      <filingSpace_default_title />
      <filingSpace_default_modifiedOn />
    </SearchResultsMetadataCodes>
  </SchemaDisplayConfigs>
  <SchemaDisplayConfigs SchemaCode="retentionRule_default">
    <DisplayMetadataCodes>
      <retentionRule_default_code />
      <retentionRule_default_approved />
      <retentionRule_default_approvalDate />
      <retentionRule_default_title />
      <retentionRule_default_corpus />
      <retentionRule_default_corpusRuleNumber />
      <retentionRule_default_administrativeUnits />
      <retentionRule_default_responsibleAdministrativeUnits />
      <retentionRule_default_description />
      <retentionRule_default_juridicReference />
      <retentionRule_default_generalComment />
      <retentionRule_default_keywords />
      <retentionRule_default_history />
      <retentionRule_default_essentialDocuments />
      <retentionRule_default_confidentialDocuments />
      <retentionRule_default_copyRetentionRules />
      <retentionRule_default_documentTypesDetails />
      <retentionRule_default_copyRulesComment />
    </DisplayMetadataCodes>
    <FormMetadataCodes>
      <retentionRule_default_code />
      <retentionRule_default_approved />
      <retentionRule_default_approvalDate />
      <retentionRule_default_title />
      <retentionRule_default_corpus />
      <retentionRule_default_corpusRuleNumber />
      <retentionRule_default_administrativeUnits />
      <retentionRule_default_responsibleAdministrativeUnits />
      <retentionRule_default_description />
      <retentionRule_default_juridicReference />
      <retentionRule_default_generalComment />
      <retentionRule_default_keywords />
      <retentionRule_default_history />
      <retentionRule_default_essentialDocuments />
      <retentionRule_default_confidentialDocuments />
      <retentionRule_default_copyRetentionRules />
      <retentionRule_default_documentTypesDetails />
      <retentionRule_default_copyRulesComment />
    </FormMetadataCodes>
    <SearchResultsMetadataCodes>
      <retentionRule_default_title />
      <retentionRule_default_modifiedOn />
    </SearchResultsMetadataCodes>
  </SchemaDisplayConfigs>
  <SchemaDisplayConfigs SchemaCode="ddvStorageSpaceType_default">
    <DisplayMetadataCodes>
      <ddvStorageSpaceType_default_title />
      <ddvStorageSpaceType_default_code />
      <ddvStorageSpaceType_default_description />
      <ddvStorageSpaceType_default_linkedSchema />
    </DisplayMetadataCodes>
    <FormMetadataCodes>
      <ddvStorageSpaceType_default_title />
      <ddvStorageSpaceType_default_code />
      <ddvStorageSpaceType_default_description />
      <ddvStorageSpaceType_default_linkedSchema />
      <ddvStorageSpaceType_default_comments />
    </FormMetadataCodes>
    <SearchResultsMetadataCodes>
      <ddvStorageSpaceType_default_title />
      <ddvStorageSpaceType_default_modifiedOn />
    </SearchResultsMetadataCodes>
  </SchemaDisplayConfigs>
  <SchemaDisplayConfigs SchemaCode="storageSpace_default">
    <DisplayMetadataCodes>
      <storageSpace_default_type />
      <storageSpace_default_code />
      <storageSpace_default_title />
      <storageSpace_default_createdBy />
      <storageSpace_default_createdOn />
      <storageSpace_default_modifiedOn />
      <storageSpace_default_capacity />
      <storageSpace_default_decommissioningType />
      <storageSpace_default_parentStorageSpace />
      <storageSpace_default_description />
    </DisplayMetadataCodes>
    <FormMetadataCodes>
      <storageSpace_default_type />
      <storageSpace_default_code />
      <storageSpace_default_title />
      <storageSpace_default_description />
      <storageSpace_default_capacity />
      <storageSpace_default_decommissioningType />
      <storageSpace_default_parentStorageSpace />
      <storageSpace_default_comments />
    </FormMetadataCodes>
    <SearchResultsMetadataCodes>
      <storageSpace_default_title />
      <storageSpace_default_modifiedOn />
    </SearchResultsMetadataCodes>
  </SchemaDisplayConfigs>
  <MetadataDisplayConfigs>
    <folder_default_activeRetentionType VisibleInAdvancedSearch="true" InputType="RADIO_BUTTONS" Highlight="false" metadataGroup="" />
    <folder_default_actualDepositDate VisibleInAdvancedSearch="true" InputType="FIELD" Highlight="false" metadataGroup="" />
    <folder_default_actualDestructionDate VisibleInAdvancedSearch="true" InputType="FIELD" Highlight="false" metadataGroup="" />
    <folder_default_actualTransferDate VisibleInAdvancedSearch="true" InputType="FIELD" Highlight="false" metadataGroup="" />
    <folder_default_administrativeUnit VisibleInAdvancedSearch="true" InputType="LOOKUP" Highlight="false" metadataGroup="" />
    <folder_default_archivisticStatus VisibleInAdvancedSearch="true" InputType="RADIO_BUTTONS" Highlight="false" metadataGroup="" />
    <folder_default_category VisibleInAdvancedSearch="true" InputType="LOOKUP" Highlight="false" metadataGroup="" />
    <folder_default_categoryCode VisibleInAdvancedSearch="true" InputType="FIELD" Highlight="false" metadataGroup="" />
    <folder_default_closingDate VisibleInAdvancedSearch="true" InputType="FIELD" Highlight="false" metadataGroup="" />
    <folder_default_container VisibleInAdvancedSearch="true" InputType="LOOKUP" Highlight="false" metadataGroup="" />
    <folder_default_copyRulesExpectedDepositDates VisibleInAdvancedSearch="true" InputType="FIELD" Highlight="false" metadataGroup="" />
    <folder_default_copyRulesExpectedDestructionDates VisibleInAdvancedSearch="true" InputType="FIELD" Highlight="false" metadataGroup="" />
    <folder_default_copyRulesExpectedTransferDates VisibleInAdvancedSearch="true" InputType="FIELD" Highlight="false" metadataGroup="" />
    <folder_default_copyStatus VisibleInAdvancedSearch="true" InputType="RADIO_BUTTONS" Highlight="false" metadataGroup="" />
    <folder_default_decommissioningDate VisibleInAdvancedSearch="true" InputType="FIELD" Highlight="false" metadataGroup="" />
    <folder_default_description VisibleInAdvancedSearch="true" InputType="TEXTAREA" Highlight="false" metadataGroup="" />
    <folder_default_expectedDepositDate VisibleInAdvancedSearch="true" InputType="FIELD" Highlight="false" metadataGroup="" />
    <folder_default_expectedDestructionDate VisibleInAdvancedSearch="true" InputType="FIELD" Highlight="false" metadataGroup="" />
    <folder_default_expectedTransferDate VisibleInAdvancedSearch="true" InputType="FIELD" Highlight="false" metadataGroup="" />
    <folder_default_filingSpace VisibleInAdvancedSearch="true" InputType="LOOKUP" Highlight="false" metadataGroup="" />
    <folder_default_filingSpaceCode VisibleInAdvancedSearch="true" InputType="FIELD" Highlight="false" metadataGroup="" />
    <folder_default_id VisibleInAdvancedSearch="true" InputType="FIELD" Highlight="false" metadataGroup="" />
    <folder_default_inactiveDisposalType VisibleInAdvancedSearch="true" InputType="RADIO_BUTTONS" Highlight="false" metadataGroup="" />
    <folder_default_keywords VisibleInAdvancedSearch="true" InputType="FIELD" Highlight="false" metadataGroup="" />
    <folder_default_mediaType VisibleInAdvancedSearch="true" InputType="RADIO_BUTTONS" Highlight="false" metadataGroup="" />
    <folder_default_openingDate VisibleInAdvancedSearch="true" InputType="FIELD" Highlight="false" metadataGroup="" />
    <folder_default_parentFolder VisibleInAdvancedSearch="true" InputType="LOOKUP" Highlight="false" metadataGroup="" />
    <folder_default_retentionRule VisibleInAdvancedSearch="true" InputType="LOOKUP" Highlight="false" metadataGroup="" />
    <folder_default_ruleAdminUnit VisibleInAdvancedSearch="true" InputType="LOOKUP" Highlight="false" metadataGroup="" />
    <folder_default_semiactiveRetentionType VisibleInAdvancedSearch="true" InputType="RADIO_BUTTONS" Highlight="false" metadataGroup="" />
    <folder_default_title VisibleInAdvancedSearch="true" InputType="FIELD" Highlight="false" metadataGroup="" />
    <folder_default_type VisibleInAdvancedSearch="true" InputType="LOOKUP" Highlight="false" metadataGroup="" />
    <folder_default_uniformSubdivision VisibleInAdvancedSearch="true" InputType="LOOKUP" Highlight="false" metadataGroup="" />
    <document_default_actualDepositDate VisibleInAdvancedSearch="true" InputType="FIELD" Highlight="false" metadataGroup="" />
    <document_default_actualDestructionDate VisibleInAdvancedSearch="true" InputType="FIELD" Highlight="false" metadataGroup="" />
    <document_default_actualTransferDate VisibleInAdvancedSearch="true" InputType="FIELD" Highlight="false" metadataGroup="" />
    <document_default_administrativeUnit VisibleInAdvancedSearch="true" InputType="LOOKUP" Highlight="false" metadataGroup="" />
    <document_default_archivisticStatus VisibleInAdvancedSearch="true" InputType="RADIO_BUTTONS" Highlight="false" metadataGroup="" />
    <document_default_category VisibleInAdvancedSearch="true" InputType="LOOKUP" Highlight="false" metadataGroup="" />
    <document_default_closingDate VisibleInAdvancedSearch="true" InputType="FIELD" Highlight="false" metadataGroup="" />
    <document_default_expectedDepositDate VisibleInAdvancedSearch="true" InputType="FIELD" Highlight="false" metadataGroup="" />
    <document_default_expectedDestructionDate VisibleInAdvancedSearch="true" InputType="FIELD" Highlight="false" metadataGroup="" />
    <document_default_expectedTransferDate VisibleInAdvancedSearch="true" InputType="FIELD" Highlight="false" metadataGroup="" />
    <document_default_filingSpace VisibleInAdvancedSearch="true" InputType="LOOKUP" Highlight="false" metadataGroup="" />
    <document_default_folder VisibleInAdvancedSearch="true" InputType="LOOKUP" Highlight="false" metadataGroup="" />
    <document_default_id VisibleInAdvancedSearch="true" InputType="FIELD" Highlight="false" metadataGroup="" />
    <document_default_keywords VisibleInAdvancedSearch="true" InputType="FIELD" Highlight="false" metadataGroup="" />
    <document_default_openingDate VisibleInAdvancedSearch="true" InputType="FIELD" Highlight="false" metadataGroup="" />
    <document_default_retentionRule VisibleInAdvancedSearch="true" InputType="LOOKUP" Highlight="false" metadataGroup="" />
    <document_default_title VisibleInAdvancedSearch="true" InputType="FIELD" Highlight="false" metadataGroup="" />
    <document_default_type VisibleInAdvancedSearch="true" InputType="LOOKUP" Highlight="false" metadataGroup="" />
    <containerRecord_default_description VisibleInAdvancedSearch="true" InputType="FIELD" Highlight="false" metadataGroup="" />
    <containerRecord_default_full VisibleInAdvancedSearch="true" InputType="FIELD" Highlight="false" metadataGroup="" />
    <containerRecord_default_id VisibleInAdvancedSearch="true" InputType="FIELD" Highlight="false" metadataGroup="" />
    <containerRecord_default_identifier VisibleInAdvancedSearch="true" InputType="FIELD" Highlight="false" metadataGroup="" />
    <containerRecord_default_position VisibleInAdvancedSearch="true" InputType="FIELD" Highlight="false" metadataGroup="" />
    <containerRecord_default_temporaryIdentifier VisibleInAdvancedSearch="true" InputType="FIELD" Highlight="false" metadataGroup="" />
    <containerRecord_default_title VisibleInAdvancedSearch="true" InputType="FIELD" Highlight="false" metadataGroup="" />
    <ddvFolderType_default_comments VisibleInAdvancedSearch="false" InputType="HIDDEN" Highlight="false" metadataGroup="" />
    <folder_default_comments VisibleInAdvancedSearch="true" InputType="HIDDEN" Highlight="false" metadataGroup="" />
    <folder_default_mediumTypes VisibleInAdvancedSearch="true" InputType="CHECKBOXES" Highlight="false" metadataGroup="" />
    <ddvDocumentType_default_comments VisibleInAdvancedSearch="false" InputType="HIDDEN" Highlight="false" metadataGroup="" />
    <document_default_comments VisibleInAdvancedSearch="false" InputType="HIDDEN" Highlight="false" metadataGroup="" />
    <document_default_description VisibleInAdvancedSearch="true" InputType="HIDDEN" Highlight="false" metadataGroup="" />
    <ddvContainerRecordType_default_comments VisibleInAdvancedSearch="false" InputType="HIDDEN" Highlight="false" metadataGroup="" />
    <containerRecord_default_administrativeUnit VisibleInAdvancedSearch="true" InputType="HIDDEN" Highlight="false" metadataGroup="" />
    <containerRecord_default_borrowDate VisibleInAdvancedSearch="true" InputType="HIDDEN" Highlight="false" metadataGroup="" />
    <containerRecord_default_borrower VisibleInAdvancedSearch="true" InputType="HIDDEN" Highlight="false" metadataGroup="" />
    <containerRecord_default_comments VisibleInAdvancedSearch="true" InputType="HIDDEN" Highlight="false" metadataGroup="" />
    <containerRecord_default_completionDate VisibleInAdvancedSearch="true" InputType="HIDDEN" Highlight="false" metadataGroup="" />
    <containerRecord_default_decommissioningType VisibleInAdvancedSearch="true" InputType="HIDDEN" Highlight="false" metadataGroup="" />
    <containerRecord_default_filingSpace VisibleInAdvancedSearch="true" InputType="HIDDEN" Highlight="false" metadataGroup="" />
    <containerRecord_default_planifiedReturnDate VisibleInAdvancedSearch="true" InputType="HIDDEN" Highlight="false" metadataGroup="" />
    <containerRecord_default_realDepositDate VisibleInAdvancedSearch="true" InputType="HIDDEN" Highlight="false" metadataGroup="" />
    <containerRecord_default_realReturnDate VisibleInAdvancedSearch="true" InputType="HIDDEN" Highlight="false" metadataGroup="" />
    <containerRecord_default_realTransferDate VisibleInAdvancedSearch="true" InputType="HIDDEN" Highlight="false" metadataGroup="" />
    <containerRecord_default_storageSpace VisibleInAdvancedSearch="true" InputType="HIDDEN" Highlight="false" metadataGroup="" />
    <containerRecord_default_type VisibleInAdvancedSearch="true" InputType="DROPDOWN" Highlight="false" metadataGroup="" />
    <ddvMediumType_default_comments VisibleInAdvancedSearch="false" InputType="HIDDEN" Highlight="false" metadataGroup="" />
    <administrativeUnit_default_adress VisibleInAdvancedSearch="false" InputType="HIDDEN" Highlight="false" metadataGroup="" />
    <administrativeUnit_default_description VisibleInAdvancedSearch="false" InputType="HIDDEN" Highlight="false" metadataGroup="" />
    <category_default_comments VisibleInAdvancedSearch="false" InputType="HIDDEN" Highlight="false" metadataGroup="" />
    <decommissioningList_default_administrativeUnit VisibleInAdvancedSearch="false" InputType="HIDDEN" Highlight="false" metadataGroup="" />
    <decommissioningList_default_approvalDate VisibleInAdvancedSearch="false" InputType="HIDDEN" Highlight="false" metadataGroup="" />
    <decommissioningList_default_approvalRequest VisibleInAdvancedSearch="false" InputType="HIDDEN" Highlight="false" metadataGroup="" />
    <decommissioningList_default_approvalRequestDate VisibleInAdvancedSearch="false" InputType="HIDDEN" Highlight="false" metadataGroup="" />
    <decommissioningList_default_approvalUser VisibleInAdvancedSearch="false" InputType="HIDDEN" Highlight="false" metadataGroup="" />
    <decommissioningList_default_comments VisibleInAdvancedSearch="false" InputType="HIDDEN" Highlight="false" metadataGroup="" />
    <decommissioningList_default_containerDetails VisibleInAdvancedSearch="false" InputType="HIDDEN" Highlight="false" metadataGroup="" />
    <decommissioningList_default_filingSpace VisibleInAdvancedSearch="false" InputType="HIDDEN" Highlight="false" metadataGroup="" />
    <decommissioningList_default_folderDetails VisibleInAdvancedSearch="false" InputType="HIDDEN" Highlight="false" metadataGroup="" />
    <decommissioningList_default_processingDate VisibleInAdvancedSearch="false" InputType="HIDDEN" Highlight="false" metadataGroup="" />
    <decommissioningList_default_processingUser VisibleInAdvancedSearch="false" InputType="HIDDEN" Highlight="false" metadataGroup="" />
    <decommissioningList_default_validationDate VisibleInAdvancedSearch="false" InputType="HIDDEN" Highlight="false" metadataGroup="" />
    <decommissioningList_default_validationUser VisibleInAdvancedSearch="false" InputType="HIDDEN" Highlight="false" metadataGroup="" />
    <filingSpace_default_description VisibleInAdvancedSearch="false" InputType="HIDDEN" Highlight="false" metadataGroup="" />
    <ddvStorageSpaceType_default_comments VisibleInAdvancedSearch="false" InputType="HIDDEN" Highlight="false" metadataGroup="" />
    <storageSpace_default_comments VisibleInAdvancedSearch="false" InputType="HIDDEN" Highlight="false" metadataGroup="" />
    <uniformSubdivision_default_comments VisibleInAdvancedSearch="false" InputType="HIDDEN" Highlight="false" metadataGroup="" />
  </MetadataDisplayConfigs>
  <SchemaDisplayConfigs SchemaCode="uniformSubdivision_default">
    <DisplayMetadataCodes>
      <uniformSubdivision_default_code />
      <uniformSubdivision_default_title />
      <uniformSubdivision_default_retentionRule />
      <uniformSubdivision_default_description />
    </DisplayMetadataCodes>
    <FormMetadataCodes>
      <uniformSubdivision_default_code />
      <uniformSubdivision_default_title />
      <uniformSubdivision_default_retentionRule />
      <uniformSubdivision_default_description />
      <uniformSubdivision_default_comments />
    </FormMetadataCodes>
    <SearchResultsMetadataCodes>
      <uniformSubdivision_default_title />
      <uniformSubdivision_default_modifiedOn />
    </SearchResultsMetadataCodes>
  </SchemaDisplayConfigs>
</display>
