<?xml version="1.0" encoding="UTF-8"?>
<usersCredentials>
  <userCredential username="admin">
    <firstName>System</firstName>
    <lastName>Admin</lastName>
    <email>bnouha1@gmail.com</email>
    <serviceKey>null</serviceKey>
    <tokens />
    <systemAdmin>true</systemAdmin>
    <globalGroups />
    <collections>
      <collection>collection2</collection>
      <collection>ff</collection>
    </collections>
    <status>a</status>
    <domain />
  </userCredential>
</usersCredentials>
