<?xml version="1.0" encoding="UTF-8"?>
<collectionsEmailServerConfigs>
  <zeCollection>
    <username>noreply.doculibre2@gmail.com</username>
    <defaultSenderEmail>noreply.doculibre2@gmail.com</defaultSenderEmail>
    <password>DCne8kpLbGXLfKAxMHFKo/7RdvA8uHQYJ6lXq4BGuy8=</password>
    <enabled>true</enabled>
    <properties>
      <property key="mail.smtp.socketFactory.class" value="javax.net.ssl.SSLSocketFactory" />
      <property key="mail.smtp.port" value="465" />
      <property key="mail.smtp.auth" value="true" />
      <property key="mail.smtp.host" value="smtp.gmail.com" />
      <property key="mail.smtp.socketFactory.port" value="465" />
    </properties>
  </zeCollection>
</collectionsEmailServerConfigs>
