<?xml version="1.0" encoding="UTF-8"?>
<collectionsEmailServerConfigs>
  <zeCollection2>
    <username>Jonathan Plamondon</username>
    <defaultSenderEmail>jonathanplamondon1@gmail.com</defaultSenderEmail>
    <password>Rv6kHn06sVfHe9A8ikHRxfeUx2/GJI4LY0L776E3zJY=</password>
    <enabled>false</enabled>
    <properties>
      <property key="mail.smtp.socketFactory.class" value="javax.net.ssl.SSLSocketFactory" />
      <property key="mail.smtp.port" value="465" />
      <property key="mail.smtp.auth" value="true" />
      <property key="mail.smtp.host" value="smtp.gmail.com" />
      <property key="mail.smtp.socketFactory.port" value="465" />
    </properties>
  </zeCollection2>
</collectionsEmailServerConfigs>
