<?xml version="1.0" encoding="UTF-8"?>
<authorizations>
  <authorization id="_U_5b2bd245-1579-4046-9e01-6e64592b9b49">
    <startDate>1969-12-06</startDate>
    <endDate>1970-01-25</endDate>
    <collection>zeCollection</collection>
    <roles>
      <role>U</role>
    </roles>
    <synced>false</synced>
  </authorization>
  <authorization id="rw__88668579-5e44-47db-aac0-5c7618e05625">
    <startDate>1969-12-06</startDate>
    <endDate>1970-01-25</endDate>
    <collection>zeCollection</collection>
    <roles>
      <role>READ</role>
      <role>WRITE</role>
    </roles>
    <synced>false</synced>
  </authorization>
  <authorization id="_M_11398f5e-7a40-4d1c-9293-3febb4bce5df">
    <startDate>1969-12-06</startDate>
    <endDate>1970-01-25</endDate>
    <collection>zeCollection</collection>
    <roles>
      <role>M</role>
    </roles>
    <synced>false</synced>
  </authorization>
  <authorization id="rwd__529c7a4a-b377-4383-9fd1-73f21947b0b2">
    <startDate>1969-12-06</startDate>
    <endDate>1970-01-25</endDate>
    <collection>zeCollection</collection>
    <roles>
      <role>READ</role>
      <role>WRITE</role>
      <role>DELETE</role>
    </roles>
    <synced>false</synced>
  </authorization>
  <authorization id="_U_6e276e3d-0712-4485-877b-ecf723752249">
    <startDate>1969-12-06</startDate>
    <endDate>1970-01-25</endDate>
    <collection>zeCollection</collection>
    <roles>
      <role>U</role>
    </roles>
    <synced>false</synced>
  </authorization>
  <authorization id="rw__fcd9fdd3-6dad-4f83-9ac3-5b7a15d0e2a0">
    <startDate>1969-12-06</startDate>
    <endDate>1970-01-25</endDate>
    <collection>zeCollection</collection>
    <roles>
      <role>READ</role>
      <role>WRITE</role>
    </roles>
    <synced>false</synced>
  </authorization>
  <authorization id="_M_64b7e3d1-2e37-46bc-a9cf-b686bcf04ddc">
    <startDate>1969-12-06</startDate>
    <endDate>1970-01-25</endDate>
    <collection>zeCollection</collection>
    <roles>
      <role>M</role>
    </roles>
    <synced>false</synced>
  </authorization>
  <authorization id="rwd__5bc4ef10-bc33-40f7-a468-01f387d9f051">
    <startDate>1969-12-06</startDate>
    <endDate>1970-01-25</endDate>
    <collection>zeCollection</collection>
    <roles>
      <role>READ</role>
      <role>WRITE</role>
      <role>DELETE</role>
    </roles>
    <synced>false</synced>
  </authorization>
  <authorization id="_U_483e13fb-09e9-4fde-8ea4-5e9b9356238e">
    <startDate>1969-12-06</startDate>
    <endDate>1970-01-25</endDate>
    <collection>zeCollection</collection>
    <roles>
      <role>U</role>
    </roles>
    <synced>false</synced>
  </authorization>
  <authorization id="rw__1f6d46aa-d747-4a3d-97df-068b02fced4a">
    <startDate>1969-12-06</startDate>
    <endDate>1970-01-25</endDate>
    <collection>zeCollection</collection>
    <roles>
      <role>READ</role>
      <role>WRITE</role>
    </roles>
    <synced>false</synced>
  </authorization>
  <authorization id="_M_4edc5963-8b5d-42a8-af76-dd84f670a2e0">
    <startDate>1969-12-06</startDate>
    <endDate>1970-01-25</endDate>
    <collection>zeCollection</collection>
    <roles>
      <role>M</role>
    </roles>
    <synced>false</synced>
  </authorization>
  <authorization id="rwd__2880b4e2-ccb4-457a-86b2-250652d90e1a">
    <startDate>1969-12-06</startDate>
    <endDate>1970-01-25</endDate>
    <collection>zeCollection</collection>
    <roles>
      <role>READ</role>
      <role>WRITE</role>
      <role>DELETE</role>
    </roles>
    <synced>false</synced>
  </authorization>
  <authorization id="_U_4ada9aaa-4b65-43b5-bd0c-9a0e995aca67">
    <startDate>1969-12-06</startDate>
    <endDate>1970-01-25</endDate>
    <collection>zeCollection</collection>
    <roles>
      <role>U</role>
    </roles>
    <synced>false</synced>
  </authorization>
  <authorization id="rw__e09d2d1d-4e58-439d-b65c-d31d525a7132">
    <startDate>1969-12-06</startDate>
    <endDate>1970-01-25</endDate>
    <collection>zeCollection</collection>
    <roles>
      <role>READ</role>
      <role>WRITE</role>
    </roles>
    <synced>false</synced>
  </authorization>
  <authorization id="_M_70bae3ed-1852-4548-8d5d-2a5b6b3a08c7">
    <startDate>1969-12-06</startDate>
    <endDate>1970-01-25</endDate>
    <collection>zeCollection</collection>
    <roles>
      <role>M</role>
    </roles>
    <synced>false</synced>
  </authorization>
  <authorization id="rwd__69d7ee56-faef-4a9f-b0a9-5228a593a7e8">
    <startDate>1969-12-06</startDate>
    <endDate>1970-01-25</endDate>
    <collection>zeCollection</collection>
    <roles>
      <role>READ</role>
      <role>WRITE</role>
      <role>DELETE</role>
    </roles>
    <synced>false</synced>
  </authorization>
</authorizations>
