<?xml version="1.0" encoding="UTF-8"?>
<ead:ead xmlns:ead="urn:isbn:1-931666-22-9" xmlns:xsi="http://www.w3.org/2001/XMLSchema-instance" xsi:schemaLocation="urn:isbn:1-931666-22-9 http://www.loc.gov/ead/ead.xsd">
  <ead:eadheader>
    <ead:eadid identifier="zeCollection_storageSpace_default">zeCollection, storageSpace_default</ead:eadid>
    <ead:filedesc>
      <ead:titlestmt>
        <ead:titleproper>zeCollection, Emplacement</ead:titleproper>
      </ead:titlestmt>
    </ead:filedesc>
    <ead:profiledesc>
      <ead:langusage>
        <ead:language langcode="fra">français</ead:language>
        <ead:language langcode="eng">English</ead:language>
      </ead:langusage>
    </ead:profiledesc>
  </ead:eadheader>
  <ead:archdesc level="class">
    <ead:did>
      <ead:unitid type="Identifiant externe">S01-02</ead:unitid>
      <ead:unittitle>Tablette 2</ead:unittitle>
      <ead:unitdate datechar="creation">2018-01-02T03:04:05.000</ead:unitdate>
      <ead:unitdate datechar="lastModification">2018-01-02T03:04:05.000</ead:unitdate>
    </ead:did>
    <ead:odd>
      <ead:odd id="allReferences" type="STRING">
        <ead:list type="ordered">
          <ead:item>S01</ead:item>
        </ead:list>
      </ead:odd>
      <ead:odd id="autocomplete" type="STRING">
        <ead:list type="ordered">
          <ead:item>2</ead:item>
          <ead:item>s01-02</ead:item>
          <ead:item>tablette</ead:item>
        </ead:list>
      </ead:odd>
      <ead:odd id="childLinearSizeSum" type="NUMBER">
        <ead:p>0.0</ead:p>
      </ead:odd>
      <ead:odd id="code" type="STRING">
        <ead:p>S01-02</ead:p>
      </ead:odd>
      <ead:odd id="createdOn" type="DATE_TIME">
        <ead:p>
          <ead:date>2018-01-02T03:04:05.000</ead:date>
        </ead:p>
      </ead:odd>
      <ead:odd id="decommissioningType" type="ENUM">
        <ead:p>DEPOSIT</ead:p>
      </ead:odd>
      <ead:odd id="id" type="STRING">
        <ead:p>S01-02</ead:p>
      </ead:odd>
      <ead:odd id="linearSize" type="NUMBER">
        <ead:p>0.0</ead:p>
      </ead:odd>
      <ead:odd id="linearSizeSum" type="NUMBER">
        <ead:p>0.0</ead:p>
      </ead:odd>
      <ead:odd id="markedForReindexing" type="BOOLEAN">
        <ead:p>true</ead:p>
      </ead:odd>
      <ead:odd id="migrationDataVersion" type="NUMBER">
        <ead:p>0.0</ead:p>
      </ead:odd>
      <ead:odd id="modifiedOn" type="DATE_TIME">
        <ead:p>
          <ead:date>2018-01-02T03:04:05.000</ead:date>
        </ead:p>
      </ead:odd>
      <ead:odd id="numberOfChild" type="NUMBER">
        <ead:p>0.0</ead:p>
      </ead:odd>
      <ead:odd id="numberOfContainers" type="NUMBER">
        <ead:p>0.0</ead:p>
      </ead:odd>
      <ead:odd id="path" type="STRING">
        <ead:list type="ordered">
          <ead:item>/containers/S01/S01-02</ead:item>
        </ead:list>
      </ead:odd>
      <ead:odd id="pathParts" type="STRING">
        <ead:list type="ordered">
          <ead:item>S01</ead:item>
          <ead:item>_LAST_S01</ead:item>
        </ead:list>
      </ead:odd>
      <ead:odd id="schema" type="STRING">
        <ead:p>storageSpace_default</ead:p>
      </ead:odd>
      <ead:odd id="title" type="STRING">
        <ead:p>Tablette 2</ead:p>
      </ead:odd>
    </ead:odd>
  </ead:archdesc>
</ead:ead>
