<?xml version="1.0" encoding="UTF-8"?>
<!--
  Licensed to the Apache Software Foundation (ASF) under one
  or more contributor license agreements.  See the NOTICE file
  distributed with this work for additional information
  regarding copyright ownership.  The ASF licenses this file
  to you under the Apache License, Version 2.0 (the
  "License"); you may not use this file except in compliance
  with the License.  You may obtain a copy of the License at

    http://www.apache.org/licenses/LICENSE-2.0

  Unless required by applicable law or agreed to in writing,
  software distributed under the License is distributed on an
  "AS IS" BASIS, WITHOUT WARRANTIES OR CONDITIONS OF ANY
  KIND, either express or implied.  See the License for the
  specific language governing permissions and limitations
  under the License. 
-->
<endpoints xmlns="http://java.sun.com/xml/ns/jax-ws/ri/runtime" version="2.0">

    <!-- CMIS 1.0 endpoints -->

    <endpoint name="RepositoryService"
              implementation="org.apache.chemistry.opencmis.server.impl.webservices.RepositoryService10"
              service="{http://docs.oasis-open.org/ns/cmis/ws/200908/}RepositoryService"
              port="{http://docs.oasis-open.org/ns/cmis/ws/200908/}RepositoryServicePort"
              url-pattern="/services/RepositoryService" enable-mtom="true">
        <handler-chains xmlns="http://java.sun.com/xml/ns/javaee">
            <handler-chain>
                <handler>
                    <handler-class>org.apache.chemistry.opencmis.server.impl.webservices.AuthHandler</handler-class>
                </handler>
            </handler-chain>
        </handler-chains>
    </endpoint>

    <endpoint name="NavigationService"
              implementation="org.apache.chemistry.opencmis.server.impl.webservices.NavigationService"
              service="{http://docs.oasis-open.org/ns/cmis/ws/200908/}NavigationService"
              port="{http://docs.oasis-open.org/ns/cmis/ws/200908/}NavigationServicePort"
              url-pattern="/services/NavigationService" enable-mtom="true">
        <handler-chains xmlns="http://java.sun.com/xml/ns/javaee">
            <handler-chain>
                <handler>
                    <handler-class>org.apache.chemistry.opencmis.server.impl.webservices.AuthHandler</handler-class>
                </handler>
            </handler-chain>
        </handler-chains>
    </endpoint>

    <endpoint name="ObjectService"
              implementation="org.apache.chemistry.opencmis.server.impl.webservices.ObjectService10"
              service="{http://docs.oasis-open.org/ns/cmis/ws/200908/}ObjectService"
              port="{http://docs.oasis-open.org/ns/cmis/ws/200908/}ObjectServicePort"
              url-pattern="/services/ObjectService" enable-mtom="true">
        <handler-chains xmlns="http://java.sun.com/xml/ns/javaee">
            <handler-chain>
                <handler>
                    <handler-class>org.apache.chemistry.opencmis.server.impl.webservices.AuthHandler</handler-class>
                </handler>
            </handler-chain>
        </handler-chains>
    </endpoint>

    <endpoint name="VersioningService"
              implementation="org.apache.chemistry.opencmis.server.impl.webservices.VersioningService"
              service="{http://docs.oasis-open.org/ns/cmis/ws/200908/}VersioningService"
              port="{http://docs.oasis-open.org/ns/cmis/ws/200908/}VersioningServicePort"
              url-pattern="/services/VersioningService" enable-mtom="true">
        <handler-chains xmlns="http://java.sun.com/xml/ns/javaee">
            <handler-chain>
                <handler>
                    <handler-class>org.apache.chemistry.opencmis.server.impl.webservices.AuthHandler</handler-class>
                </handler>
            </handler-chain>
        </handler-chains>
    </endpoint>

    <endpoint name="RelationshipService"
              implementation="org.apache.chemistry.opencmis.server.impl.webservices.RelationshipService"
              service="{http://docs.oasis-open.org/ns/cmis/ws/200908/}RelationshipService"
              port="{http://docs.oasis-open.org/ns/cmis/ws/200908/}RelationshipServicePort"
              url-pattern="/services/RelationshipService" enable-mtom="true">
        <handler-chains xmlns="http://java.sun.com/xml/ns/javaee">
            <handler-chain>
                <handler>
                    <handler-class>org.apache.chemistry.opencmis.server.impl.webservices.AuthHandler</handler-class>
                </handler>
            </handler-chain>
        </handler-chains>
    </endpoint>

    <endpoint name="DiscoveryService"
              implementation="org.apache.chemistry.opencmis.server.impl.webservices.DiscoveryService"
              service="{http://docs.oasis-open.org/ns/cmis/ws/200908/}DiscoveryService"
              port="{http://docs.oasis-open.org/ns/cmis/ws/200908/}DiscoveryServicePort"
              url-pattern="/services/DiscoveryService" enable-mtom="true">
        <handler-chains xmlns="http://java.sun.com/xml/ns/javaee">
            <handler-chain>
                <handler>
                    <handler-class>org.apache.chemistry.opencmis.server.impl.webservices.AuthHandler</handler-class>
                </handler>
            </handler-chain>
        </handler-chains>
    </endpoint>

    <endpoint name="MultiFilingService"
              implementation="org.apache.chemistry.opencmis.server.impl.webservices.MultiFilingService"
              service="{http://docs.oasis-open.org/ns/cmis/ws/200908/}MultiFilingService"
              port="{http://docs.oasis-open.org/ns/cmis/ws/200908/}MultiFilingServicePort"
              url-pattern="/services/MultiFilingService" enable-mtom="true">
        <handler-chains xmlns="http://java.sun.com/xml/ns/javaee">
            <handler-chain>
                <handler>
                    <handler-class>org.apache.chemistry.opencmis.server.impl.webservices.AuthHandler</handler-class>
                </handler>
            </handler-chain>
        </handler-chains>
    </endpoint>

    <endpoint name="ACLService"
              implementation="org.apache.chemistry.opencmis.server.impl.webservices.AclService"
              service="{http://docs.oasis-open.org/ns/cmis/ws/200908/}ACLService"
              port="{http://docs.oasis-open.org/ns/cmis/ws/200908/}ACLServicePort"
              url-pattern="/services/ACLService" enable-mtom="true">
        <handler-chains xmlns="http://java.sun.com/xml/ns/javaee">
            <handler-chain>
                <handler>
                    <handler-class>org.apache.chemistry.opencmis.server.impl.webservices.AuthHandler</handler-class>
                </handler>
            </handler-chain>
        </handler-chains>
    </endpoint>

    <endpoint name="PolicyService"
              implementation="org.apache.chemistry.opencmis.server.impl.webservices.PolicyService"
              service="{http://docs.oasis-open.org/ns/cmis/ws/200908/}PolicyService"
              port="{http://docs.oasis-open.org/ns/cmis/ws/200908/}PolicyServicePort"
              url-pattern="/services/PolicyService" enable-mtom="true">
        <handler-chains xmlns="http://java.sun.com/xml/ns/javaee">
            <handler-chain>
                <handler>
                    <handler-class>org.apache.chemistry.opencmis.server.impl.webservices.AuthHandler</handler-class>
                </handler>
            </handler-chain>
        </handler-chains>
    </endpoint>

    <!-- CMIS 1.1 endpoints -->

    <endpoint name="RepositoryService11"
              implementation="org.apache.chemistry.opencmis.server.impl.webservices.RepositoryService"
              service="{http://docs.oasis-open.org/ns/cmis/ws/200908/}RepositoryService"
              port="{http://docs.oasis-open.org/ns/cmis/ws/200908/}RepositoryServicePort"
              url-pattern="/services11/RepositoryService" enable-mtom="true">
        <handler-chains xmlns="http://java.sun.com/xml/ns/javaee">
            <handler-chain>
                <handler>
                    <handler-class>org.apache.chemistry.opencmis.server.impl.webservices.AuthHandler</handler-class>
                </handler>
            </handler-chain>
        </handler-chains>
    </endpoint>

    <endpoint name="NavigationService11"
              implementation="org.apache.chemistry.opencmis.server.impl.webservices.NavigationService"
              service="{http://docs.oasis-open.org/ns/cmis/ws/200908/}NavigationService"
              port="{http://docs.oasis-open.org/ns/cmis/ws/200908/}NavigationServicePort"
              url-pattern="/services11/NavigationService" enable-mtom="true">
        <handler-chains xmlns="http://java.sun.com/xml/ns/javaee">
            <handler-chain>
                <handler>
                    <handler-class>org.apache.chemistry.opencmis.server.impl.webservices.AuthHandler</handler-class>
                </handler>
            </handler-chain>
        </handler-chains>
    </endpoint>

    <endpoint name="ObjectService11"
              implementation="org.apache.chemistry.opencmis.server.impl.webservices.ObjectService"
              service="{http://docs.oasis-open.org/ns/cmis/ws/200908/}ObjectService"
              port="{http://docs.oasis-open.org/ns/cmis/ws/200908/}ObjectServicePort"
              url-pattern="/services11/ObjectService" enable-mtom="true">
        <handler-chains xmlns="http://java.sun.com/xml/ns/javaee">
            <handler-chain>
                <handler>
                    <handler-class>org.apache.chemistry.opencmis.server.impl.webservices.AuthHandler</handler-class>
                </handler>
            </handler-chain>
        </handler-chains>
    </endpoint>

    <endpoint name="VersioningService11"
              implementation="org.apache.chemistry.opencmis.server.impl.webservices.VersioningService"
              service="{http://docs.oasis-open.org/ns/cmis/ws/200908/}VersioningService"
              port="{http://docs.oasis-open.org/ns/cmis/ws/200908/}VersioningServicePort"
              url-pattern="/services11/VersioningService" enable-mtom="true">
        <handler-chains xmlns="http://java.sun.com/xml/ns/javaee">
            <handler-chain>
                <handler>
                    <handler-class>org.apache.chemistry.opencmis.server.impl.webservices.AuthHandler</handler-class>
                </handler>
            </handler-chain>
        </handler-chains>
    </endpoint>

    <endpoint name="RelationshipService11"
              implementation="org.apache.chemistry.opencmis.server.impl.webservices.RelationshipService"
              service="{http://docs.oasis-open.org/ns/cmis/ws/200908/}RelationshipService"
              port="{http://docs.oasis-open.org/ns/cmis/ws/200908/}RelationshipServicePort"
              url-pattern="/services11/RelationshipService" enable-mtom="true">
        <handler-chains xmlns="http://java.sun.com/xml/ns/javaee">
            <handler-chain>
                <handler>
                    <handler-class>org.apache.chemistry.opencmis.server.impl.webservices.AuthHandler</handler-class>
                </handler>
            </handler-chain>
        </handler-chains>
    </endpoint>

    <endpoint name="DiscoveryService11"
              implementation="org.apache.chemistry.opencmis.server.impl.webservices.DiscoveryService"
              service="{http://docs.oasis-open.org/ns/cmis/ws/200908/}DiscoveryService"
              port="{http://docs.oasis-open.org/ns/cmis/ws/200908/}DiscoveryServicePort"
              url-pattern="/services11/DiscoveryService" enable-mtom="true">
        <handler-chains xmlns="http://java.sun.com/xml/ns/javaee">
            <handler-chain>
                <handler>
                    <handler-class>org.apache.chemistry.opencmis.server.impl.webservices.AuthHandler</handler-class>
                </handler>
            </handler-chain>
        </handler-chains>
    </endpoint>

    <endpoint name="MultiFilingService11"
              implementation="org.apache.chemistry.opencmis.server.impl.webservices.MultiFilingService"
              service="{http://docs.oasis-open.org/ns/cmis/ws/200908/}MultiFilingService"
              port="{http://docs.oasis-open.org/ns/cmis/ws/200908/}MultiFilingServicePort"
              url-pattern="/services11/MultiFilingService" enable-mtom="true">
        <handler-chains xmlns="http://java.sun.com/xml/ns/javaee">
            <handler-chain>
                <handler>
                    <handler-class>org.apache.chemistry.opencmis.server.impl.webservices.AuthHandler</handler-class>
                </handler>
            </handler-chain>
        </handler-chains>
    </endpoint>

    <endpoint name="ACLService11"
              implementation="org.apache.chemistry.opencmis.server.impl.webservices.AclService"
              service="{http://docs.oasis-open.org/ns/cmis/ws/200908/}ACLService"
              port="{http://docs.oasis-open.org/ns/cmis/ws/200908/}ACLServicePort"
              url-pattern="/services11/ACLService" enable-mtom="true">
        <handler-chains xmlns="http://java.sun.com/xml/ns/javaee">
            <handler-chain>
                <handler>
                    <handler-class>org.apache.chemistry.opencmis.server.impl.webservices.AuthHandler</handler-class>
                </handler>
            </handler-chain>
        </handler-chains>
    </endpoint>

    <endpoint name="PolicyService11"
              implementation="org.apache.chemistry.opencmis.server.impl.webservices.PolicyService"
              service="{http://docs.oasis-open.org/ns/cmis/ws/200908/}PolicyService"
              port="{http://docs.oasis-open.org/ns/cmis/ws/200908/}PolicyServicePort"
              url-pattern="/services11/PolicyService" enable-mtom="true">
        <handler-chains xmlns="http://java.sun.com/xml/ns/javaee">
            <handler-chain>
                <handler>
                    <handler-class>org.apache.chemistry.opencmis.server.impl.webservices.AuthHandler</handler-class>
                </handler>
            </handler-chain>
        </handler-chains>
    </endpoint>

</endpoints>
