<?xml version="1.0" encoding="UTF-8"?>
<root>
  <previousBatchProcesses>
    <batchProcess id="3e5d1430-f3fd-4540-9461-2adf87f2b884">
      <requestDateTime>2015-12-15T15:22:00.425</requestDateTime>
      <recordsCount>24</recordsCount>
      <action name="com.constellio.model.services.batch.actions.ReindexMetadatasBatchProcessAction">
        <argument type="java.util.ArrayList">
          <item type="java.lang.String">category_default_linkable</item>
        </argument>
      </action>
      <query>(*:*) AND ((*:* -type_s:index)) AND (collection_s:LaCollectionDeRida) AND (schema_s:category_*) AND (( *:* ))</query>
      <collection>LaCollectionDeRida</collection>
      <startDateTime>2015-12-15T15:22:00.453</startDateTime>
      <errors>0</errors>
    </batchProcess>
    <batchProcess id="c7ee3c75-08f4-4320-8051-52293a43e1fc">
      <requestDateTime>2015-12-15T15:22:05.906</requestDateTime>
      <recordsCount>3</recordsCount>
      <action name="com.constellio.model.services.batch.actions.ReindexMetadatasBatchProcessAction">
        <argument type="java.util.ArrayList">
          <item type="java.lang.String">administrativeUnit_default_inheritedauthorizations</item>
        </argument>
      </action>
      <query>(*:*) AND ((*:* -type_s:index)) AND (collection_s:zeCollection) AND (schema_s:administrativeUnit_*) AND (( parentPId_s:"unitId_10" ))</query>
      <collection>zeCollection</collection>
      <startDateTime>2015-12-15T15:22:05.944</startDateTime>
      <errors>0</errors>
    </batchProcess>
    <batchProcess id="97ea590b-42f6-4633-94d2-931d1eedfdd0">
      <requestDateTime>2015-12-15T15:22:05.986</requestDateTime>
      <recordsCount>3</recordsCount>
      <action name="com.constellio.model.services.batch.actions.ReindexMetadatasBatchProcessAction">
        <argument type="java.util.ArrayList">
          <item type="java.lang.String">administrativeUnit_default_inheritedauthorizations</item>
        </argument>
      </action>
      <query>(*:*) AND ((*:* -type_s:index)) AND (collection_s:zeCollection) AND (schema_s:administrativeUnit_*) AND (( parentPId_s:"unitId_10" ))</query>
      <collection>zeCollection</collection>
      <startDateTime>2015-12-15T15:22:06.057</startDateTime>
      <errors>0</errors>
    </batchProcess>
    <batchProcess id="192342f9-bfc7-4eec-89bf-e898e1743120">
      <requestDateTime>2015-12-15T15:22:06.077</requestDateTime>
      <recordsCount>3</recordsCount>
      <action name="com.constellio.model.services.batch.actions.ReindexMetadatasBatchProcessAction">
        <argument type="java.util.ArrayList">
          <item type="java.lang.String">administrativeUnit_default_inheritedauthorizations</item>
        </argument>
      </action>
      <query>(*:*) AND ((*:* -type_s:index)) AND (collection_s:zeCollection) AND (schema_s:administrativeUnit_*) AND (( parentPId_s:"unitId_10" ))</query>
      <collection>zeCollection</collection>
      <startDateTime>2015-12-15T15:22:06.186</startDateTime>
      <errors>0</errors>
    </batchProcess>
    <batchProcess id="e048ad96-88c6-4b38-87f7-7f2dac7f4eb8">
      <requestDateTime>2015-12-15T15:22:06.169</requestDateTime>
      <recordsCount>3</recordsCount>
      <action name="com.constellio.model.services.batch.actions.ReindexMetadatasBatchProcessAction">
        <argument type="java.util.ArrayList">
          <item type="java.lang.String">administrativeUnit_default_inheritedauthorizations</item>
        </argument>
      </action>
      <query>(*:*) AND ((*:* -type_s:index)) AND (collection_s:zeCollection) AND (schema_s:administrativeUnit_*) AND (( parentPId_s:"unitId_10" ))</query>
      <collection>zeCollection</collection>
      <startDateTime>2015-12-15T15:22:06.308</startDateTime>
      <errors>0</errors>
    </batchProcess>
    <batchProcess id="b554ef48-76df-465f-ba7d-5c6981098af5">
      <requestDateTime>2015-12-15T15:22:06.458</requestDateTime>
      <recordsCount>1</recordsCount>
      <action name="com.constellio.model.services.batch.actions.ReindexMetadatasBatchProcessAction">
        <argument type="java.util.ArrayList">
          <item type="java.lang.String">administrativeUnit_default_inheritedauthorizations</item>
        </argument>
      </action>
      <query>(*:*) AND ((*:* -type_s:index)) AND (collection_s:zeCollection) AND (schema_s:administrativeUnit_*) AND (( parentPId_s:"unitId_11" ))</query>
      <collection>zeCollection</collection>
      <startDateTime>2015-12-15T15:22:06.511</startDateTime>
      <errors>0</errors>
    </batchProcess>
    <batchProcess id="35353857-bc3b-4777-8224-3b07633b56f9">
      <requestDateTime>2015-12-15T15:22:06.554</requestDateTime>
      <recordsCount>1</recordsCount>
      <action name="com.constellio.model.services.batch.actions.ReindexMetadatasBatchProcessAction">
        <argument type="java.util.ArrayList">
          <item type="java.lang.String">administrativeUnit_default_inheritedauthorizations</item>
        </argument>
      </action>
      <query>(*:*) AND ((*:* -type_s:index)) AND (collection_s:zeCollection) AND (schema_s:administrativeUnit_*) AND (( parentPId_s:"unitId_11" ))</query>
      <collection>zeCollection</collection>
      <startDateTime>2015-12-15T15:22:06.600</startDateTime>
      <errors>0</errors>
    </batchProcess>
    <batchProcess id="47f12340-7a8e-4c12-8c46-1f96390798a2">
      <requestDateTime>2015-12-15T15:22:06.646</requestDateTime>
      <recordsCount>1</recordsCount>
      <action name="com.constellio.model.services.batch.actions.ReindexMetadatasBatchProcessAction">
        <argument type="java.util.ArrayList">
          <item type="java.lang.String">administrativeUnit_default_inheritedauthorizations</item>
        </argument>
      </action>
      <query>(*:*) AND ((*:* -type_s:index)) AND (collection_s:zeCollection) AND (schema_s:administrativeUnit_*) AND (( parentPId_s:"unitId_11" ))</query>
      <collection>zeCollection</collection>
      <startDateTime>2015-12-15T15:22:06.695</startDateTime>
      <errors>0</errors>
    </batchProcess>
    <batchProcess id="314e06f9-8dc2-4349-aafc-056300b2e7b8">
      <requestDateTime>2015-12-15T15:22:06.732</requestDateTime>
      <recordsCount>1</recordsCount>
      <action name="com.constellio.model.services.batch.actions.ReindexMetadatasBatchProcessAction">
        <argument type="java.util.ArrayList">
          <item type="java.lang.String">administrativeUnit_default_inheritedauthorizations</item>
        </argument>
      </action>
      <query>(*:*) AND ((*:* -type_s:index)) AND (collection_s:zeCollection) AND (schema_s:administrativeUnit_*) AND (( parentPId_s:"unitId_11" ))</query>
      <collection>zeCollection</collection>
      <startDateTime>2015-12-15T15:22:06.773</startDateTime>
      <errors>0</errors>
    </batchProcess>
    <batchProcess id="a9b7fe14-fe78-4986-9ae7-4755a86e5e78">
      <requestDateTime>2015-12-15T15:22:06.824</requestDateTime>
      <recordsCount>2</recordsCount>
      <action name="com.constellio.model.services.batch.actions.ReindexMetadatasBatchProcessAction">
        <argument type="java.util.ArrayList">
          <item type="java.lang.String">administrativeUnit_default_inheritedauthorizations</item>
        </argument>
      </action>
      <query>(*:*) AND ((*:* -type_s:index)) AND (collection_s:zeCollection) AND (schema_s:administrativeUnit_*) AND (( parentPId_s:"unitId_12" ))</query>
      <collection>zeCollection</collection>
      <startDateTime>2015-12-15T15:22:06.884</startDateTime>
      <errors>0</errors>
    </batchProcess>
    <batchProcess id="a83270b7-ff2b-4951-af2d-d6ac7a990fcd">
      <requestDateTime>2015-12-15T15:22:06.924</requestDateTime>
      <recordsCount>2</recordsCount>
      <action name="com.constellio.model.services.batch.actions.ReindexMetadatasBatchProcessAction">
        <argument type="java.util.ArrayList">
          <item type="java.lang.String">administrativeUnit_default_inheritedauthorizations</item>
        </argument>
      </action>
      <query>(*:*) AND ((*:* -type_s:index)) AND (collection_s:zeCollection) AND (schema_s:administrativeUnit_*) AND (( parentPId_s:"unitId_12" ))</query>
      <collection>zeCollection</collection>
      <startDateTime>2015-12-15T15:22:06.966</startDateTime>
      <errors>0</errors>
    </batchProcess>
    <batchProcess id="0235db45-356a-45a2-a040-31de77a9ec5d">
      <requestDateTime>2015-12-15T15:22:07.002</requestDateTime>
      <recordsCount>2</recordsCount>
      <action name="com.constellio.model.services.batch.actions.ReindexMetadatasBatchProcessAction">
        <argument type="java.util.ArrayList">
          <item type="java.lang.String">administrativeUnit_default_inheritedauthorizations</item>
        </argument>
      </action>
      <query>(*:*) AND ((*:* -type_s:index)) AND (collection_s:zeCollection) AND (schema_s:administrativeUnit_*) AND (( parentPId_s:"unitId_12" ))</query>
      <collection>zeCollection</collection>
      <startDateTime>2015-12-15T15:22:07.058</startDateTime>
      <errors>0</errors>
    </batchProcess>
    <batchProcess id="eb744ae6-e1fd-4528-991b-4a1c2bbfd66f">
      <requestDateTime>2015-12-15T15:22:07.112</requestDateTime>
      <recordsCount>2</recordsCount>
      <action name="com.constellio.model.services.batch.actions.ReindexMetadatasBatchProcessAction">
        <argument type="java.util.ArrayList">
          <item type="java.lang.String">administrativeUnit_default_inheritedauthorizations</item>
        </argument>
      </action>
      <query>(*:*) AND ((*:* -type_s:index)) AND (collection_s:zeCollection) AND (schema_s:administrativeUnit_*) AND (( parentPId_s:"unitId_12" ))</query>
      <collection>zeCollection</collection>
      <startDateTime>2015-12-15T15:22:07.157</startDateTime>
      <errors>0</errors>
    </batchProcess>
    <batchProcess id="e5c26322-d9cc-4b85-80db-85ae6fcf4fe2">
      <requestDateTime>2015-12-15T15:22:07.202</requestDateTime>
      <recordsCount>1</recordsCount>
      <action name="com.constellio.model.services.batch.actions.ReindexMetadatasBatchProcessAction">
        <argument type="java.util.ArrayList">
          <item type="java.lang.String">administrativeUnit_default_inheritedauthorizations</item>
        </argument>
      </action>
      <query>(*:*) AND ((*:* -type_s:index)) AND (collection_s:zeCollection) AND (schema_s:administrativeUnit_*) AND (( parentPId_s:"unitId_30" ))</query>
      <collection>zeCollection</collection>
      <startDateTime>2015-12-15T15:22:07.247</startDateTime>
      <errors>0</errors>
    </batchProcess>
    <batchProcess id="34969cd7-1ae5-4477-8214-27c68695bbe3">
      <requestDateTime>2015-12-15T15:22:07.291</requestDateTime>
      <recordsCount>1</recordsCount>
      <action name="com.constellio.model.services.batch.actions.ReindexMetadatasBatchProcessAction">
        <argument type="java.util.ArrayList">
          <item type="java.lang.String">administrativeUnit_default_inheritedauthorizations</item>
        </argument>
      </action>
      <query>(*:*) AND ((*:* -type_s:index)) AND (collection_s:zeCollection) AND (schema_s:administrativeUnit_*) AND (( parentPId_s:"unitId_30" ))</query>
      <collection>zeCollection</collection>
      <startDateTime>2015-12-15T15:22:07.340</startDateTime>
      <errors>0</errors>
    </batchProcess>
    <batchProcess id="451be71b-d69a-4b13-bd69-0dff2bcd6519">
      <requestDateTime>2015-12-15T15:22:07.382</requestDateTime>
      <recordsCount>1</recordsCount>
      <action name="com.constellio.model.services.batch.actions.ReindexMetadatasBatchProcessAction">
        <argument type="java.util.ArrayList">
          <item type="java.lang.String">administrativeUnit_default_inheritedauthorizations</item>
        </argument>
      </action>
      <query>(*:*) AND ((*:* -type_s:index)) AND (collection_s:zeCollection) AND (schema_s:administrativeUnit_*) AND (( parentPId_s:"unitId_30" ))</query>
      <collection>zeCollection</collection>
      <startDateTime>2015-12-15T15:22:07.428</startDateTime>
      <errors>0</errors>
    </batchProcess>
    <batchProcess id="8f665960-eb57-4300-98a7-e64a3c817d55">
      <requestDateTime>2015-12-15T15:22:07.480</requestDateTime>
      <recordsCount>1</recordsCount>
      <action name="com.constellio.model.services.batch.actions.ReindexMetadatasBatchProcessAction">
        <argument type="java.util.ArrayList">
          <item type="java.lang.String">administrativeUnit_default_inheritedauthorizations</item>
        </argument>
      </action>
      <query>(*:*) AND ((*:* -type_s:index)) AND (collection_s:zeCollection) AND (schema_s:administrativeUnit_*) AND (( parentPId_s:"unitId_30" ))</query>
      <collection>zeCollection</collection>
      <startDateTime>2015-12-15T15:22:07.528</startDateTime>
      <errors>0</errors>
    </batchProcess>
    <batchProcess id="4d9f2e41-eed7-4d43-9b05-f20620964e39">
      <requestDateTime>2015-12-15T15:22:07.591</requestDateTime>
      <recordsCount>110</recordsCount>
      <action name="com.constellio.model.services.batch.actions.ReindexMetadatasBatchProcessAction">
        <argument type="java.util.ArrayList">
          <item type="java.lang.String">folder_default_closingDate</item>
        </argument>
      </action>
      <query>(*:*) AND ((*:* -type_s:index)) AND (collection_s:LaCollectionDeRida) AND (schema_s:folder_*) AND (( *:* ))</query>
      <collection>LaCollectionDeRida</collection>
      <startDateTime>2015-12-15T15:22:07.620</startDateTime>
      <errors>0</errors>
    </batchProcess>
    <batchProcess id="7ed56402-1cd3-4874-a048-5903efe39467">
      <requestDateTime>2015-12-15T15:22:07.630</requestDateTime>
      <recordsCount>110</recordsCount>
      <action name="com.constellio.model.services.batch.actions.ReindexMetadatasBatchProcessAction">
        <argument type="java.util.ArrayList">
          <item type="java.lang.String">folder_default_copyRulesExpectedTransferDates</item>
          <item type="java.lang.String">folder_default_copyRulesExpectedDestructionDates</item>
          <item type="java.lang.String">folder_default_closingDate</item>
          <item type="java.lang.String">folder_default_copyRulesExpectedDepositDates</item>
          <item type="java.lang.String">folder_default_decommissioningDate</item>
        </argument>
      </action>
      <query>(*:*) AND ((*:* -type_s:index)) AND (collection_s:LaCollectionDeRida) AND (schema_s:folder_*) AND (( *:* ))</query>
      <collection>LaCollectionDeRida</collection>
      <startDateTime>2015-12-15T15:22:07.767</startDateTime>
      <errors>0</errors>
    </batchProcess>
  </previousBatchProcesses>
  <pendingBatchProcesses />
  <standbyBatchProcesses />
  <currentBatchProcess />
</root>
