<?xml version="1.0" encoding="UTF-8"?>
<root>
  <previousBatchProcesses>
    <batchProcess id="cc1eb93e-7230-4d35-9894-f5f227f7df7f">
      <requestDateTime>2015-10-14T18:57:24.718</requestDateTime>
      <recordsCount>4</recordsCount>
      <action name="com.constellio.model.services.batch.actions.ReindexMetadatasBatchProcessAction">
        <argument type="java.util.ArrayList">
          <item type="java.lang.String">category_default_linkable</item>
        </argument>
      </action>
      <collection>ff</collection>
      <startDateTime>2015-10-14T18:57:24.737</startDateTime>
      <progression>4</progression>
      <errors>0</errors>
    </batchProcess>
  </previousBatchProcesses>
  <pendingBatchProcesses />
  <standbyBatchProcesses />
  <currentBatchProcess />
</root>
