<?xml version="1.0" encoding="UTF-8"?>
<mets xmlns="http://www.loc.gov/METS/" xmlns:PREMIS="info:lc/xmlns/premis-v2" xmlns:constellio="http://www.constellio.com" xmlns:xlink="http://www.w3.org/1999/xlink" xmlns:xsi="http://www.w3.org/2001/XMLSchema-instance" xsi:schemaLocation="http://www.loc.gov/METS/ http://www.loc.gov/standards/mets/mets.xsd http://www.w3.org/1999/xlink http://www.loc.gov/standards/mets/xlink.xsd" TYPE="sa_all-formats-01_dss-01">
  <metsHdr CREATEDATE="2018-01-02T03:04:05" RECORDSTATUS="COMPLETE">
    <agent ROLE="CREATOR" TYPE="ORGANIZATION">
      <name />
    </agent>
  </metsHdr>
  <dmdSec ID="storageSpace-S01">
    <mdRef LOCTYPE="URN" MDTYPE="EAD" xlink:href="/data/storageSpace-S01.xml" />
  </dmdSec>
  <dmdSec ID="containerRecord-bac13">
    <mdRef LOCTYPE="URN" MDTYPE="EAD" xlink:href="/data/storageSpace-S01/containerRecord-bac13.xml" />
  </dmdSec>
  <dmdSec ID="storageSpace-S01-01">
    <mdRef LOCTYPE="URN" MDTYPE="EAD" xlink:href="/data/storageSpace-S01/storageSpace-S01-01.xml" />
  </dmdSec>
  <dmdSec ID="containerRecord-bac11extra1">
    <mdRef LOCTYPE="URN" MDTYPE="EAD" xlink:href="/data/storageSpace-S01/storageSpace-S01-01/containerRecord-bac11extra1.xml" />
  </dmdSec>
  <dmdSec ID="containerRecord-bac12">
    <mdRef LOCTYPE="URN" MDTYPE="EAD" xlink:href="/data/storageSpace-S01/storageSpace-S01-01/containerRecord-bac12.xml" />
  </dmdSec>
  <dmdSec ID="storageSpace-storageSpaceId_S01_02_01">
    <mdRef LOCTYPE="URN" MDTYPE="EAD" xlink:href="/data/storageSpace-S01/storageSpace-S01-01/storageSpace-storageSpaceId_S01_02_01.xml" />
  </dmdSec>
  <dmdSec ID="containerRecord-bac11extra2">
    <mdRef LOCTYPE="URN" MDTYPE="EAD" xlink:href="/data/storageSpace-S01/storageSpace-S01-01/storageSpace-storageSpaceId_S01_02_01/containerRecord-bac11extra2.xml" />
  </dmdSec>
  <dmdSec ID="storageSpace-S01-02">
    <mdRef LOCTYPE="URN" MDTYPE="EAD" xlink:href="/data/storageSpace-S01/storageSpace-S01-02.xml" />
  </dmdSec>
  <dmdSec ID="containerRecord-bac11">
    <mdRef LOCTYPE="URN" MDTYPE="EAD" xlink:href="/data/storageSpace-S01/storageSpace-S01-02/containerRecord-bac11.xml" />
  </dmdSec>
  <dmdSec ID="containerRecord-bac11_Orphan">
    <mdRef LOCTYPE="URN" MDTYPE="EAD" xlink:href="/data/containerRecord-bac11_Orphan.xml" />
  </dmdSec>
  <dmdSec ID="containerRecord-bac12_Orphan">
    <mdRef LOCTYPE="URN" MDTYPE="EAD" xlink:href="/data/containerRecord-bac12_Orphan.xml" />
  </dmdSec>
  <fileSec>
    <fileGrp />
  </fileSec>
  <structMap>
    <div LABEL="bag" TYPE="folder">
      <div DMDID="containerRecord-bac11_Orphan" LABEL="10_A_04_Orphan" TYPE="containerRecord" />
      <div DMDID="containerRecord-bac12_Orphan" LABEL="10_A_05_Orphan" TYPE="containerRecord" />
      <div DMDID="storageSpace-S01" LABEL="Etagere 1" TYPE="storageSpace">
        <div DMDID="containerRecord-bac13" LABEL="10_A_06" TYPE="containerRecord" />
        <div DMDID="storageSpace-S01-01" LABEL="Tablette 1" TYPE="storageSpace">
          <div DMDID="containerRecord-bac11extra1" LABEL="10_A_04_extra1" TYPE="containerRecord" />
          <div DMDID="containerRecord-bac12" LABEL="10_A_05" TYPE="containerRecord" />
          <div DMDID="storageSpace-storageSpaceId_S01_02_01" LABEL="Tablette 2" TYPE="storageSpace">
            <div DMDID="containerRecord-bac11extra2" LABEL="10_A_04_extra2" TYPE="containerRecord" />
          </div>
        </div>
        <div DMDID="storageSpace-S01-02" LABEL="Tablette 2" TYPE="storageSpace">
          <div DMDID="containerRecord-bac11" LABEL="10_A_04" TYPE="containerRecord" />
        </div>
      </div>
    </div>
  </structMap>
</mets>
