<?xml version="1.0" encoding="UTF-8"?>
<ead:ead xmlns:ead="urn:isbn:1-931666-22-9" xmlns:xsi="http://www.w3.org/2001/XMLSchema-instance" xsi:schemaLocation="urn:isbn:1-931666-22-9 http://www.loc.gov/ead/ead.xsd">
  <ead:eadheader>
    <ead:eadid identifier="zeCollection_containerRecord_default">zeCollection, containerRecord_default</ead:eadid>
    <ead:filedesc>
      <ead:titlestmt>
        <ead:titleproper>zeCollection, Contenant</ead:titleproper>
      </ead:titlestmt>
    </ead:filedesc>
    <ead:profiledesc>
      <ead:langusage>
        <ead:language langcode="fra">français</ead:language>
        <ead:language langcode="eng">English</ead:language>
      </ead:langusage>
    </ead:profiledesc>
  </ead:eadheader>
  <ead:archdesc level="class">
    <ead:did>
      <ead:unitid type="Identifiant externe">bac12</ead:unitid>
      <ead:unittitle>10_A_05</ead:unittitle>
      <ead:unitdate datechar="creation">2018-01-02T03:04:05.000</ead:unitdate>
      <ead:unitdate datechar="lastModification">2018-01-02T03:04:05.000</ead:unitdate>
    </ead:did>
    <ead:odd>
      <ead:odd id="administrativeUnits" type="REFERENCE">
        <ead:table frame="none">
          <ead:tgroup cols="4">
            <ead:thead>
              <ead:row>
                <ead:entry colname="1">id</ead:entry>
                <ead:entry colname="2">code</ead:entry>
                <ead:entry colname="3">schema</ead:entry>
                <ead:entry colname="4">title</ead:entry>
              </ead:row>
            </ead:thead>
            <ead:tbody>
              <ead:row>
                <ead:entry colname="1">unitId_10a</ead:entry>
                <ead:entry colname="2">10A</ead:entry>
                <ead:entry colname="3">administrativeUnit_default</ead:entry>
                <ead:entry colname="4">Unité 10-A</ead:entry>
              </ead:row>
            </ead:tbody>
          </ead:tgroup>
        </ead:table>
      </ead:odd>
      <ead:odd id="allReferences" type="STRING">
        <ead:list type="ordered">
          <ead:item>boite22x22</ead:item>
          <ead:item>unitId_10a</ead:item>
          <ead:item>S01-01</ead:item>
          <ead:item>storageSpaceId_S01_02_01</ead:item>
        </ead:list>
      </ead:odd>
      <ead:odd id="autocomplete" type="STRING">
        <ead:list type="ordered">
          <ead:item>10_a_05</ead:item>
        </ead:list>
      </ead:odd>
      <ead:odd id="createdOn" type="DATE_TIME">
        <ead:p>
          <ead:date>2018-01-02T03:04:05.000</ead:date>
        </ead:p>
      </ead:odd>
      <ead:odd id="decommissioningType" type="ENUM">
        <ead:p>TRANSFERT_TO_SEMI_ACTIVE</ead:p>
      </ead:odd>
      <ead:odd id="full" type="BOOLEAN">
        <ead:p>false</ead:p>
      </ead:odd>
      <ead:odd id="id" type="STRING">
        <ead:p>bac12</ead:p>
      </ead:odd>
      <ead:odd id="linearSize" type="NUMBER">
        <ead:p>0.0</ead:p>
      </ead:odd>
      <ead:odd id="linearSizeSum" type="NUMBER">
        <ead:p>0.0</ead:p>
      </ead:odd>
      <ead:odd id="migrationDataVersion" type="NUMBER">
        <ead:p>1.0</ead:p>
      </ead:odd>
      <ead:odd id="modifiedOn" type="DATE_TIME">
        <ead:p>
          <ead:date>2018-01-02T03:04:05.000</ead:date>
        </ead:p>
      </ead:odd>
      <ead:odd id="path" type="STRING">
        <ead:list type="ordered">
          <ead:item>/admUnits/unitId_10/unitId_10a/bac12</ead:item>
          <ead:item>/containers/S01/S01-01/storageSpaceId_S01_02_01/bac12</ead:item>
        </ead:list>
      </ead:odd>
      <ead:odd id="pathParts" type="STRING">
        <ead:list type="ordered">
          <ead:item>_LAST_storageSpaceId_S01_02_01</ead:item>
          <ead:item>_LAST_unitId_10a</ead:item>
          <ead:item>unitId_10</ead:item>
          <ead:item>S01</ead:item>
          <ead:item>unitId_10a</ead:item>
          <ead:item>S01-01</ead:item>
          <ead:item>storageSpaceId_S01_02_01</ead:item>
        </ead:list>
      </ead:odd>
      <ead:odd id="principalpath" type="STRING">
        <ead:p>/admUnits/unitId_10/unitId_10a/bac12</ead:p>
      </ead:odd>
      <ead:odd id="realTransferDate" type="DATE">
        <ead:p>
          <ead:date>2006-10-31</ead:date>
        </ead:p>
      </ead:odd>
      <ead:odd id="schema" type="STRING">
        <ead:p>containerRecord_default</ead:p>
      </ead:odd>
      <ead:odd id="storageSpace" type="REFERENCE">
        <ead:table frame="none">
          <ead:tgroup cols="4">
            <ead:thead>
              <ead:row>
                <ead:entry colname="1">id</ead:entry>
                <ead:entry colname="2">code</ead:entry>
                <ead:entry colname="3">schema</ead:entry>
                <ead:entry colname="4">title</ead:entry>
              </ead:row>
            </ead:thead>
            <ead:tbody>
              <ead:row>
                <ead:entry colname="1">storageSpaceId_S01_02_01</ead:entry>
                <ead:entry colname="2">storageSpaceId_S01_02_01</ead:entry>
                <ead:entry colname="3">storageSpace_default</ead:entry>
                <ead:entry colname="4">Tablette 2</ead:entry>
              </ead:row>
              <ead:row>
                <ead:entry colname="1">S01-01</ead:entry>
                <ead:entry colname="2">S01-01</ead:entry>
                <ead:entry colname="3">storageSpace_default</ead:entry>
                <ead:entry colname="4">Tablette 1</ead:entry>
              </ead:row>
            </ead:tbody>
          </ead:tgroup>
        </ead:table>
      </ead:odd>
      <ead:odd id="temporaryIdentifier" type="STRING">
        <ead:p>10_A_05</ead:p>
      </ead:odd>
      <ead:odd id="title" type="STRING">
        <ead:p>10_A_05</ead:p>
      </ead:odd>
      <ead:odd id="visibleInTrees" type="BOOLEAN">
        <ead:p>false</ead:p>
      </ead:odd>
    </ead:odd>
  </ead:archdesc>
</ead:ead>
