<?xml version="1.0" encoding="UTF-8"?>
<globalGroups>
  <globalGroup code="heroes">
    <name>The heroes</name>
    <parent />
    <status>ACTIVE</status>
    <usersAutomaticallyAddedToCollections />
  </globalGroup>
  <globalGroup code="legends">
    <name>The legends</name>
    <parent />
    <status>ACTIVE</status>
    <usersAutomaticallyAddedToCollections />
  </globalGroup>
  <globalGroup code="sidekicks">
    <name>The sidekicks</name>
    <parent>heroes</parent>
    <status>ACTIVE</status>
    <usersAutomaticallyAddedToCollections />
  </globalGroup>
  <globalGroup code="rumors">
    <name>The rumors</name>
    <parent>legends</parent>
    <status>ACTIVE</status>
    <usersAutomaticallyAddedToCollections />
  </globalGroup>
  <globalGroup code="group1InBothCollections">
    <name>group1InBothCollections</name>
    <parent />
    <status>ACTIVE</status>
    <usersAutomaticallyAddedToCollections>
      <userAutomaticallyAddedToCollections>zeCollection</userAutomaticallyAddedToCollections>
      <userAutomaticallyAddedToCollections>collection2</userAutomaticallyAddedToCollections>
    </usersAutomaticallyAddedToCollections>
  </globalGroup>
  <globalGroup code="group2InZeCollection">
    <name>group2InZeCollection</name>
    <parent />
    <status>ACTIVE</status>
    <usersAutomaticallyAddedToCollections>
      <userAutomaticallyAddedToCollections>zeCollection</userAutomaticallyAddedToCollections>
    </usersAutomaticallyAddedToCollections>
  </globalGroup>
  <globalGroup code="group3InCollection2">
    <name>group3InCollection2</name>
    <parent />
    <status>ACTIVE</status>
    <usersAutomaticallyAddedToCollections>
      <userAutomaticallyAddedToCollections>collection2</userAutomaticallyAddedToCollections>
    </usersAutomaticallyAddedToCollections>
  </globalGroup>
  <globalGroup code="group11">
    <name>group11</name>
    <parent>group1InBothCollections</parent>
    <status>ACTIVE</status>
    <usersAutomaticallyAddedToCollections>
      <userAutomaticallyAddedToCollections>zeCollection</userAutomaticallyAddedToCollections>
      <userAutomaticallyAddedToCollections>collection2</userAutomaticallyAddedToCollections>
    </usersAutomaticallyAddedToCollections>
  </globalGroup>
  <globalGroup code="group11InZeCollection">
    <name>group11InZeCollection</name>
    <parent>group1InBothCollections</parent>
    <status>ACTIVE</status>
    <usersAutomaticallyAddedToCollections>
      <userAutomaticallyAddedToCollections>zeCollection</userAutomaticallyAddedToCollections>
    </usersAutomaticallyAddedToCollections>
  </globalGroup>
  <globalGroup code="group11InCollection2">
    <name>group11InCollection2</name>
    <parent>group1InBothCollections</parent>
    <status>ACTIVE</status>
    <usersAutomaticallyAddedToCollections>
      <userAutomaticallyAddedToCollections>collection2</userAutomaticallyAddedToCollections>
    </usersAutomaticallyAddedToCollections>
  </globalGroup>
  <globalGroup code="group11InNoCollection">
    <name>group11InNoCollection</name>
    <parent>group1InBothCollections</parent>
    <status>ACTIVE</status>
    <usersAutomaticallyAddedToCollections />
  </globalGroup>
  <globalGroup code="group111">
    <name>group111</name>
    <parent>group11</parent>
    <status>ACTIVE</status>
    <usersAutomaticallyAddedToCollections>
      <userAutomaticallyAddedToCollections>zeCollection</userAutomaticallyAddedToCollections>
      <userAutomaticallyAddedToCollections>collection2</userAutomaticallyAddedToCollections>
    </usersAutomaticallyAddedToCollections>
  </globalGroup>
  <globalGroup code="group1111">
    <name>group1111</name>
    <parent>group111</parent>
    <status>ACTIVE</status>
    <usersAutomaticallyAddedToCollections>
      <userAutomaticallyAddedToCollections>zeCollection</userAutomaticallyAddedToCollections>
      <userAutomaticallyAddedToCollections>collection2</userAutomaticallyAddedToCollections>
    </usersAutomaticallyAddedToCollections>
  </globalGroup>
  <globalGroup code="group11111">
    <name>group11111</name>
    <parent>group1111</parent>
    <status>ACTIVE</status>
    <usersAutomaticallyAddedToCollections>
      <userAutomaticallyAddedToCollections>zeCollection</userAutomaticallyAddedToCollections>
      <userAutomaticallyAddedToCollections>collection2</userAutomaticallyAddedToCollections>
    </usersAutomaticallyAddedToCollections>
  </globalGroup>
</globalGroups>
