<?xml version="1.0" encoding="UTF-8"?>
<usersCredentials apiVersion="2">
  <userCredential username="alice">
    <firstName>Alice</firstName>
    <lastName>Wonderland</lastName>
    <email>alice@doculibre.com</email>
    <serviceKey>null</serviceKey>
    <tokens />
    <systemAdmin>false</systemAdmin>
    <globalGroups>
      <globalGroup>legends</globalGroup>
    </globalGroups>
    <collections>
      <collection>zeCollection</collection>
    </collections>
    <status>a</status>
    <domain>domain</domain>
    <msExchDelegateListBL>
      <msExchDelegateBL />
    </msExchDelegateListBL>
    <ldapDN>null</ldapDN>
  </userCredential>
  <userCredential username="bob">
    <firstName>Bob 'Elvis'</firstName>
    <lastName>Gratton</lastName>
    <email>bob@doculibre.com</email>
    <serviceKey>null</serviceKey>
    <tokens />
    <systemAdmin>false</systemAdmin>
    <globalGroups />
    <collections>
      <collection>zeCollection</collection>
    </collections>
    <status>a</status>
    <domain>domain</domain>
    <msExchDelegateListBL>
      <msExchDelegateBL />
    </msExchDelegateListBL>
    <ldapDN>null</ldapDN>
  </userCredential>
  <userCredential username="charles">
    <firstName>Charles-François</firstName>
    <lastName>Xavier</lastName>
    <email>charles@doculibre.com</email>
    <serviceKey>null</serviceKey>
    <tokens />
    <systemAdmin>false</systemAdmin>
    <globalGroups>
      <globalGroup>heroes</globalGroup>
    </globalGroups>
    <collections>
      <collection>zeCollection</collection>
    </collections>
    <status>a</status>
    <domain>domain</domain>
    <msExchDelegateListBL>
      <msExchDelegateBL />
    </msExchDelegateListBL>
    <ldapDN>null</ldapDN>
  </userCredential>
  <userCredential username="chuck">
    <firstName>Chuck</firstName>
    <lastName>Norris</lastName>
    <email>chuck@doculibre.com</email>
    <serviceKey>null</serviceKey>
    <tokens />
    <systemAdmin>false</systemAdmin>
    <globalGroups />
    <collections>
      <collection>zeCollection</collection>
    </collections>
    <status>a</status>
    <domain>domain</domain>
    <msExchDelegateListBL>
      <msExchDelegateBL />
    </msExchDelegateListBL>
    <ldapDN>null</ldapDN>
  </userCredential>
  <userCredential username="dakota">
    <firstName>Dakota</firstName>
    <lastName>L'Indien</lastName>
    <email>dakota@doculibre.com</email>
    <serviceKey>null</serviceKey>
    <tokens />
    <systemAdmin>false</systemAdmin>
    <globalGroups>
      <globalGroup>heroes</globalGroup>
    </globalGroups>
    <collections>
      <collection>zeCollection</collection>
    </collections>
    <status>a</status>
    <domain>domain</domain>
    <msExchDelegateListBL>
      <msExchDelegateBL />
    </msExchDelegateListBL>
    <ldapDN>null</ldapDN>
  </userCredential>
  <userCredential username="edouard">
    <firstName>Edouard</firstName>
    <lastName>Lechat</lastName>
    <email>edouard@doculibre.com</email>
    <serviceKey>null</serviceKey>
    <tokens />
    <systemAdmin>false</systemAdmin>
    <globalGroups>
      <globalGroup>legends</globalGroup>
    </globalGroups>
    <collections>
      <collection>zeCollection</collection>
    </collections>
    <status>a</status>
    <domain>domain</domain>
    <msExchDelegateListBL>
      <msExchDelegateBL />
    </msExchDelegateListBL>
    <ldapDN>null</ldapDN>
  </userCredential>
  <userCredential username="gandalf">
    <firstName>Gandalf</firstName>
    <lastName>Leblanc</lastName>
    <email>gandalf@doculibre.com</email>
    <serviceKey>null</serviceKey>
    <tokens />
    <systemAdmin>false</systemAdmin>
    <globalGroups>
      <globalGroup>legends</globalGroup>
      <globalGroup>heroes</globalGroup>
    </globalGroups>
    <collections>
      <collection>zeCollection</collection>
    </collections>
    <status>a</status>
    <domain>domain</domain>
    <msExchDelegateListBL>
      <msExchDelegateBL />
    </msExchDelegateListBL>
    <ldapDN>null</ldapDN>
  </userCredential>
  <userCredential username="robin">
    <firstName>Good Guy</firstName>
    <lastName>Robin</lastName>
    <email>robin@doculibre.com</email>
    <serviceKey>null</serviceKey>
    <tokens />
    <systemAdmin>false</systemAdmin>
    <globalGroups>
      <globalGroup>sidekicks</globalGroup>
    </globalGroups>
    <collections>
      <collection>zeCollection</collection>
    </collections>
    <status>a</status>
    <domain>domain</domain>
    <msExchDelegateListBL>
      <msExchDelegateBL />
    </msExchDelegateListBL>
    <ldapDN>null</ldapDN>
  </userCredential>
  <userCredential username="sasquatch">
    <firstName>Big</firstName>
    <lastName>Foot</lastName>
    <email>sasquatch@doculibre.com</email>
    <serviceKey>null</serviceKey>
    <tokens />
    <systemAdmin>false</systemAdmin>
    <globalGroups>
      <globalGroup>rumors</globalGroup>
    </globalGroups>
    <collections>
      <collection>zeCollection</collection>
    </collections>
    <status>a</status>
    <domain>domain</domain>
    <msExchDelegateListBL>
      <msExchDelegateBL />
    </msExchDelegateListBL>
    <ldapDN>null</ldapDN>
  </userCredential>
  <userCredential username="admin">
    <firstName>System</firstName>
    <lastName>Admin</lastName>
    <email>admin@organization.com</email>
    <serviceKey>adminkey</serviceKey>
    <tokens>
      <token>
        <tokenId>yBwTi33ZjPfXmfAEroOElg+4rX4CXZB+PmZHGjIpRkKAqbXQRCBDUqxWIItRyCrE</tokenId>
        <tokenEndDate>2016-04-04T20:24:27.718</tokenEndDate>
      </token>
    </tokens>
    <systemAdmin>true</systemAdmin>
    <globalGroups />
    <collections>
      <collection>zeCollection</collection>
      <collection>collection2</collection>
    </collections>
    <status>a</status>
    <domain />
    <msExchDelegateListBL>
      <msExchDelegateBL />
    </msExchDelegateListBL>
    <ldapDN>null</ldapDN>
  </userCredential>
  <userCredential username="user2InCollection2">
    <firstName>user2InCollection2Prenom</firstName>
    <lastName>user2InCollection2Nom</lastName>
    <email>user2InCollection2Courriel@constellio.com</email>
    <serviceKey>null</serviceKey>
    <tokens />
    <systemAdmin>false</systemAdmin>
    <globalGroups />
    <collections>
      <collection>collection2</collection>
    </collections>
    <status>a</status>
    <domain />
    <msExchDelegateListBL>
      <msExchDelegateBL />
    </msExchDelegateListBL>
    <ldapDN>null</ldapDN>
  </userCredential>
  <userCredential username="user3InZeCollcetion">
    <firstName>user3InZeCollcetionPrenom</firstName>
    <lastName>user3InZeCollcetionNom</lastName>
    <email>user3InZeCollcetionCourriel@constellio.com</email>
    <serviceKey>null</serviceKey>
    <tokens />
    <systemAdmin>false</systemAdmin>
    <globalGroups />
    <collections>
      <collection>zeCollection</collection>
    </collections>
    <status>a</status>
    <domain />
    <msExchDelegateListBL>
      <msExchDelegateBL />
    </msExchDelegateListBL>
    <ldapDN>null</ldapDN>
  </userCredential>
  <userCredential username="user4InNoCollection">
    <firstName>user4InNoCollectionPrenom</firstName>
    <lastName>user4InNoCollectionNom</lastName>
    <email>user4InNoCollectionCourriel@constellio.com</email>
    <serviceKey>null</serviceKey>
    <tokens />
    <systemAdmin>false</systemAdmin>
    <globalGroups />
    <collections />
    <status>a</status>
    <domain />
    <msExchDelegateListBL>
      <msExchDelegateBL />
    </msExchDelegateListBL>
    <ldapDN>null</ldapDN>
  </userCredential>
  <userCredential username="user5Apporval">
    <firstName>user5ApporvalPrenom</firstName>
    <lastName>user5ApporvalNom</lastName>
    <email>user5ApporvalCourriel@constellio.com</email>
    <serviceKey>null</serviceKey>
    <tokens />
    <systemAdmin>false</systemAdmin>
    <globalGroups />
    <collections>
      <collection>zeCollection</collection>
      <collection>collection2</collection>
    </collections>
    <status>p</status>
    <domain />
    <msExchDelegateListBL>
      <msExchDelegateBL />
    </msExchDelegateListBL>
    <ldapDN>null</ldapDN>
  </userCredential>
  <userCredential username="user6Suspended">
    <firstName>user6SuspendedPrenom</firstName>
    <lastName>user6SuspendedNom</lastName>
    <email>user6SuspendedCourriel@constellio.com</email>
    <serviceKey>null</serviceKey>
    <tokens />
    <systemAdmin>false</systemAdmin>
    <globalGroups />
    <collections>
      <collection>zeCollection</collection>
      <collection>collection2</collection>
    </collections>
    <status>s</status>
    <domain />
    <msExchDelegateListBL>
      <msExchDelegateBL />
    </msExchDelegateListBL>
    <ldapDN>null</ldapDN>
  </userCredential>
  <userCredential username="user7Deleted">
    <firstName>user7DeletedPrenom</firstName>
    <lastName>user7DeletedNom</lastName>
    <email>user7DeletedCourriel@constellio.com</email>
    <serviceKey>null</serviceKey>
    <tokens />
    <systemAdmin>false</systemAdmin>
    <globalGroups />
    <collections>
      <collection>zeCollection</collection>
      <collection>collection2</collection>
    </collections>
    <status>d</status>
    <domain />
    <msExchDelegateListBL>
      <msExchDelegateBL />
    </msExchDelegateListBL>
    <ldapDN>null</ldapDN>
  </userCredential>
  <userCredential username="user1">
    <firstName>user1Prenom</firstName>
    <lastName>user1Nom</lastName>
    <email>user1Courriel@constellio.com</email>
    <serviceKey>null</serviceKey>
    <tokens />
    <systemAdmin>false</systemAdmin>
    <globalGroups>
      <globalGroup>group1InBothCollections</globalGroup>
    </globalGroups>
    <collections>
      <collection>zeCollection</collection>
      <collection>collection2</collection>
    </collections>
    <status>a</status>
    <domain />
    <msExchDelegateListBL>
      <msExchDelegateBL />
    </msExchDelegateListBL>
    <ldapDN>null</ldapDN>
  </userCredential>
  <userCredential username="user11">
    <firstName>user11Prenom</firstName>
    <lastName>user11Nom</lastName>
    <email>user11Courriel@constellio.com</email>
    <serviceKey>01815527-fd93-43bc-ab08-bc7c6c91c518</serviceKey>
    <tokens>
      <token>
        <tokenId>g2+/wZNFA0g4pUrgQy1VqCqd6nR2UbvQk99BMKG/Ss4OxQ67tIk3tC7Qo08iQB93</tokenId>
        <tokenEndDate>2016-07-13T10:43:08.293</tokenEndDate>
      </token>
    </tokens>
    <systemAdmin>false</systemAdmin>
    <globalGroups>
      <globalGroup>group11</globalGroup>
    </globalGroups>
    <collections>
      <collection>zeCollection</collection>
      <collection>collection2</collection>
    </collections>
    <status>a</status>
    <domain />
    <msExchDelegateListBL>
      <msExchDelegateBL />
    </msExchDelegateListBL>
    <ldapDN>null</ldapDN>
  </userCredential>
  <userCredential username="user111">
    <firstName>user111Prenom</firstName>
    <lastName>user111Nom</lastName>
    <email>user111Courriel@constellio.com</email>
    <serviceKey>null</serviceKey>
    <tokens />
    <systemAdmin>false</systemAdmin>
    <globalGroups>
      <globalGroup>group111</globalGroup>
    </globalGroups>
    <collections>
      <collection>collection2</collection>
      <collection>zeCollection</collection>
    </collections>
    <status>a</status>
    <domain />
    <msExchDelegateListBL>
      <msExchDelegateBL />
    </msExchDelegateListBL>
    <ldapDN>null</ldapDN>
  </userCredential>
  <userCredential username="user1111">
    <firstName>user1111Prenom</firstName>
    <lastName>user1111Nom</lastName>
    <email>user1111Courriel@constellio.com</email>
    <serviceKey>null</serviceKey>
    <tokens />
    <systemAdmin>false</systemAdmin>
    <globalGroups>
      <globalGroup>group1111</globalGroup>
    </globalGroups>
    <collections>
      <collection>zeCollection</collection>
      <collection>collection2</collection>
    </collections>
    <status>a</status>
    <domain />
    <msExchDelegateListBL>
      <msExchDelegateBL />
    </msExchDelegateListBL>
    <ldapDN>null</ldapDN>
  </userCredential>
  <userCredential username="user11111">
    <firstName>user11111Prenom</firstName>
    <lastName>user11111Nom</lastName>
    <email>user11111Courriel@constellio.com</email>
    <serviceKey>null</serviceKey>
    <tokens />
    <systemAdmin>false</systemAdmin>
    <globalGroups>
      <globalGroup>group11111</globalGroup>
    </globalGroups>
    <collections>
      <collection>zeCollection</collection>
      <collection>collection2</collection>
    </collections>
    <status>a</status>
    <domain />
    <msExchDelegateListBL>
      <msExchDelegateBL />
    </msExchDelegateListBL>
    <ldapDN>null</ldapDN>
  </userCredential>
  <userCredential username="user1InAllGroups">
    <firstName>user1InAllGroupsPrenom</firstName>
    <lastName>user1InAllGroupsNom</lastName>
    <email>user1InAllGroupsCourriel@constellio.com</email>
    <serviceKey>null</serviceKey>
    <tokens />
    <systemAdmin>false</systemAdmin>
    <globalGroups>
      <globalGroup>group11</globalGroup>
      <globalGroup>group111</globalGroup>
      <globalGroup>group1111</globalGroup>
      <globalGroup>group11111</globalGroup>
      <globalGroup>group11InCollection2</globalGroup>
      <globalGroup>group11InNoCollection</globalGroup>
      <globalGroup>group11InZeCollection</globalGroup>
      <globalGroup>group2InZeCollection</globalGroup>
      <globalGroup>group1InBothCollections</globalGroup>
      <globalGroup>group3InCollection2</globalGroup>
      <globalGroup>heroes</globalGroup>
      <globalGroup>legends</globalGroup>
      <globalGroup>rumors</globalGroup>
      <globalGroup>sidekicks</globalGroup>
    </globalGroups>
    <collections>
      <collection>zeCollection</collection>
      <collection>collection2</collection>
    </collections>
    <status>a</status>
    <domain />
    <msExchDelegateListBL>
      <msExchDelegateBL />
    </msExchDelegateListBL>
    <ldapDN>null</ldapDN>
  </userCredential>
  <userCredential username="userPartageReseau">
    <firstName>userPartageReseauPrenom</firstName>
    <lastName>userPartageReseauNom</lastName>
    <email>userPartageReseauCourriel@constellio.com</email>
    <serviceKey>null</serviceKey>
    <tokens />
    <systemAdmin>false</systemAdmin>
    <globalGroups />
    <collections>
      <collection>zeCollection</collection>
      <collection>collection2</collection>
    </collections>
    <status>a</status>
    <domain />
    <msExchDelegateListBL>
      <msExchDelegateBL />
    </msExchDelegateListBL>
    <ldapDN>null</ldapDN>
  </userCredential>
  <userCredential username="userPhone1">
    <firstName>userPhone1Prenom</firstName>
    <lastName>userPhone1Nom</lastName>
    <email>userPhone1Courriel@constellio.com</email>
    <serviceKey>null</serviceKey>
    <tokens />
    <systemAdmin>false</systemAdmin>
    <globalGroups />
    <collections>
      <collection>zeCollection</collection>
      <collection>collection2</collection>
    </collections>
    <status>a</status>
    <domain />
    <msExchDelegateListBL>
      <msExchDelegateBL />
    </msExchDelegateListBL>
    <ldapDN>null</ldapDN>
  </userCredential>
  <userCredential username="userDossierRecent">
    <firstName>userDossierRecentPrenom</firstName>
    <lastName>userDossierRecentNom</lastName>
    <email>userDossierRecentCourriel@constellio.com</email>
    <serviceKey>null</serviceKey>
    <tokens />
    <systemAdmin>false</systemAdmin>
    <globalGroups />
    <collections>
      <collection>zeCollection</collection>
      <collection>collection2</collection>
    </collections>
    <status>a</status>
    <domain />
    <msExchDelegateListBL>
      <msExchDelegateBL />
    </msExchDelegateListBL>
    <ldapDN>null</ldapDN>
  </userCredential>
  <userCredential username="userSousDossiers">
    <firstName>userSousDossiersPrenom</firstName>
    <lastName>userSousDossiersNom</lastName>
    <email>userSousDossiersCourriel@constellio.com</email>
    <serviceKey>null</serviceKey>
    <tokens />
    <systemAdmin>false</systemAdmin>
    <globalGroups />
    <collections>
      <collection>zeCollection</collection>
      <collection>collection2</collection>
    </collections>
    <status>a</status>
    <domain />
    <msExchDelegateListBL>
      <msExchDelegateBL />
    </msExchDelegateListBL>
    <ldapDN>null</ldapDN>
  </userCredential>
</usersCredentials>
