<?xml version="1.0" encoding="UTF-8"?>
<root>
  <previousBatchProcesses>
    <batchProcess id="6c228c3a-bd25-4d38-a1d2-e19a8c7c97fd">
      <requestDateTime>2016-08-01T13:48:44.609</requestDateTime>
      <recordsCount>3</recordsCount>
      <action name="com.constellio.model.services.batch.actions.ReindexMetadatasBatchProcessAction">
        <argument type="java.util.ArrayList">
          <item type="java.lang.String">administrativeUnit_default_inheritedauthorizations</item>
        </argument>
      </action>
      <query>(*:*) AND ((*:* -type_s:index)) AND (collection_s:zeCollection) AND (schema_s:administrativeUnit_*) AND (( parentPId_s:"unitId_10" ))</query>
      <collection>zeCollection</collection>
      <startDateTime>2016-08-01T13:48:44.648</startDateTime>
      <errors>0</errors>
    </batchProcess>
    <batchProcess id="6a553547-316a-4070-ae71-e2e0062c16a9">
      <requestDateTime>2016-08-01T13:48:44.683</requestDateTime>
      <recordsCount>3</recordsCount>
      <action name="com.constellio.model.services.batch.actions.ReindexMetadatasBatchProcessAction">
        <argument type="java.util.ArrayList">
          <item type="java.lang.String">administrativeUnit_default_inheritedauthorizations</item>
        </argument>
      </action>
      <query>(*:*) AND ((*:* -type_s:index)) AND (collection_s:zeCollection) AND (schema_s:administrativeUnit_*) AND (( parentPId_s:"unitId_10" ))</query>
      <collection>zeCollection</collection>
      <startDateTime>2016-08-01T13:48:44.755</startDateTime>
      <errors>0</errors>
    </batchProcess>
    <batchProcess id="b9541995-acf9-4312-a691-cb77b01020ab">
      <requestDateTime>2016-08-01T13:48:44.764</requestDateTime>
      <recordsCount>3</recordsCount>
      <action name="com.constellio.model.services.batch.actions.ReindexMetadatasBatchProcessAction">
        <argument type="java.util.ArrayList">
          <item type="java.lang.String">administrativeUnit_default_inheritedauthorizations</item>
        </argument>
      </action>
      <query>(*:*) AND ((*:* -type_s:index)) AND (collection_s:zeCollection) AND (schema_s:administrativeUnit_*) AND (( parentPId_s:"unitId_10" ))</query>
      <collection>zeCollection</collection>
      <startDateTime>2016-08-01T13:48:44.858</startDateTime>
      <errors>0</errors>
    </batchProcess>
    <batchProcess id="d45c14d0-ca10-40d3-b7b2-428213e2d68b">
      <requestDateTime>2016-08-01T13:48:44.834</requestDateTime>
      <recordsCount>3</recordsCount>
      <action name="com.constellio.model.services.batch.actions.ReindexMetadatasBatchProcessAction">
        <argument type="java.util.ArrayList">
          <item type="java.lang.String">administrativeUnit_default_inheritedauthorizations</item>
        </argument>
      </action>
      <query>(*:*) AND ((*:* -type_s:index)) AND (collection_s:zeCollection) AND (schema_s:administrativeUnit_*) AND (( parentPId_s:"unitId_10" ))</query>
      <collection>zeCollection</collection>
      <startDateTime>2016-08-01T13:48:44.966</startDateTime>
      <errors>0</errors>
    </batchProcess>
    <batchProcess id="7b6a6546-543e-4265-9c85-028a5355a4c1">
      <requestDateTime>2016-08-01T13:48:44.949</requestDateTime>
      <recordsCount>1</recordsCount>
      <action name="com.constellio.model.services.batch.actions.ReindexMetadatasBatchProcessAction">
        <argument type="java.util.ArrayList">
          <item type="java.lang.String">administrativeUnit_default_inheritedauthorizations</item>
        </argument>
      </action>
      <query>(*:*) AND ((*:* -type_s:index)) AND (collection_s:zeCollection) AND (schema_s:administrativeUnit_*) AND (( parentPId_s:"unitId_11" ))</query>
      <collection>zeCollection</collection>
      <startDateTime>2016-08-01T13:48:45.014</startDateTime>
      <errors>0</errors>
    </batchProcess>
    <batchProcess id="811414b0-22db-4b0e-ac4b-68471d492103">
      <requestDateTime>2016-08-01T13:48:45.048</requestDateTime>
      <recordsCount>1</recordsCount>
      <action name="com.constellio.model.services.batch.actions.ReindexMetadatasBatchProcessAction">
        <argument type="java.util.ArrayList">
          <item type="java.lang.String">administrativeUnit_default_inheritedauthorizations</item>
        </argument>
      </action>
      <query>(*:*) AND ((*:* -type_s:index)) AND (collection_s:zeCollection) AND (schema_s:administrativeUnit_*) AND (( parentPId_s:"unitId_11" ))</query>
      <collection>zeCollection</collection>
      <startDateTime>2016-08-01T13:48:45.082</startDateTime>
      <errors>0</errors>
    </batchProcess>
    <batchProcess id="a64fba18-3c98-4848-aa60-3ba9b4d56957">
      <requestDateTime>2016-08-01T13:48:45.124</requestDateTime>
      <recordsCount>1</recordsCount>
      <action name="com.constellio.model.services.batch.actions.ReindexMetadatasBatchProcessAction">
        <argument type="java.util.ArrayList">
          <item type="java.lang.String">administrativeUnit_default_inheritedauthorizations</item>
        </argument>
      </action>
      <query>(*:*) AND ((*:* -type_s:index)) AND (collection_s:zeCollection) AND (schema_s:administrativeUnit_*) AND (( parentPId_s:"unitId_11" ))</query>
      <collection>zeCollection</collection>
      <startDateTime>2016-08-01T13:48:45.153</startDateTime>
      <errors>0</errors>
    </batchProcess>
    <batchProcess id="4bef8b3f-7e31-4710-a6ae-d1e16de9b781">
      <requestDateTime>2016-08-01T13:48:45.192</requestDateTime>
      <recordsCount>1</recordsCount>
      <action name="com.constellio.model.services.batch.actions.ReindexMetadatasBatchProcessAction">
        <argument type="java.util.ArrayList">
          <item type="java.lang.String">administrativeUnit_default_inheritedauthorizations</item>
        </argument>
      </action>
      <query>(*:*) AND ((*:* -type_s:index)) AND (collection_s:zeCollection) AND (schema_s:administrativeUnit_*) AND (( parentPId_s:"unitId_11" ))</query>
      <collection>zeCollection</collection>
      <startDateTime>2016-08-01T13:48:45.228</startDateTime>
      <errors>0</errors>
    </batchProcess>
    <batchProcess id="6fb1d696-3ffb-47d9-a5fb-924353eb8638">
      <requestDateTime>2016-08-01T13:48:45.263</requestDateTime>
      <recordsCount>2</recordsCount>
      <action name="com.constellio.model.services.batch.actions.ReindexMetadatasBatchProcessAction">
        <argument type="java.util.ArrayList">
          <item type="java.lang.String">administrativeUnit_default_inheritedauthorizations</item>
        </argument>
      </action>
      <query>(*:*) AND ((*:* -type_s:index)) AND (collection_s:zeCollection) AND (schema_s:administrativeUnit_*) AND (( parentPId_s:"unitId_12" ))</query>
      <collection>zeCollection</collection>
      <startDateTime>2016-08-01T13:48:45.298</startDateTime>
      <errors>0</errors>
    </batchProcess>
    <batchProcess id="1041b2d8-a9d6-4d88-850c-9a1731cbd1d3">
      <requestDateTime>2016-08-01T13:48:45.333</requestDateTime>
      <recordsCount>2</recordsCount>
      <action name="com.constellio.model.services.batch.actions.ReindexMetadatasBatchProcessAction">
        <argument type="java.util.ArrayList">
          <item type="java.lang.String">administrativeUnit_default_inheritedauthorizations</item>
        </argument>
      </action>
      <query>(*:*) AND ((*:* -type_s:index)) AND (collection_s:zeCollection) AND (schema_s:administrativeUnit_*) AND (( parentPId_s:"unitId_12" ))</query>
      <collection>zeCollection</collection>
      <startDateTime>2016-08-01T13:48:45.366</startDateTime>
      <errors>0</errors>
    </batchProcess>
    <batchProcess id="e25cc26b-be1c-42f7-8352-aa429f5e2baa">
      <requestDateTime>2016-08-01T13:48:45.401</requestDateTime>
      <recordsCount>2</recordsCount>
      <action name="com.constellio.model.services.batch.actions.ReindexMetadatasBatchProcessAction">
        <argument type="java.util.ArrayList">
          <item type="java.lang.String">administrativeUnit_default_inheritedauthorizations</item>
        </argument>
      </action>
      <query>(*:*) AND ((*:* -type_s:index)) AND (collection_s:zeCollection) AND (schema_s:administrativeUnit_*) AND (( parentPId_s:"unitId_12" ))</query>
      <collection>zeCollection</collection>
      <startDateTime>2016-08-01T13:48:45.434</startDateTime>
      <errors>0</errors>
    </batchProcess>
    <batchProcess id="10b7ab9e-f5ef-4b06-868a-944a2d5d096d">
      <requestDateTime>2016-08-01T13:48:45.468</requestDateTime>
      <recordsCount>2</recordsCount>
      <action name="com.constellio.model.services.batch.actions.ReindexMetadatasBatchProcessAction">
        <argument type="java.util.ArrayList">
          <item type="java.lang.String">administrativeUnit_default_inheritedauthorizations</item>
        </argument>
      </action>
      <query>(*:*) AND ((*:* -type_s:index)) AND (collection_s:zeCollection) AND (schema_s:administrativeUnit_*) AND (( parentPId_s:"unitId_12" ))</query>
      <collection>zeCollection</collection>
      <startDateTime>2016-08-01T13:48:45.508</startDateTime>
      <errors>0</errors>
    </batchProcess>
    <batchProcess id="c4991c14-b557-466b-8117-f50b60fc0c19">
      <requestDateTime>2016-08-01T13:48:45.542</requestDateTime>
      <recordsCount>1</recordsCount>
      <action name="com.constellio.model.services.batch.actions.ReindexMetadatasBatchProcessAction">
        <argument type="java.util.ArrayList">
          <item type="java.lang.String">administrativeUnit_default_inheritedauthorizations</item>
        </argument>
      </action>
      <query>(*:*) AND ((*:* -type_s:index)) AND (collection_s:zeCollection) AND (schema_s:administrativeUnit_*) AND (( parentPId_s:"unitId_30" ))</query>
      <collection>zeCollection</collection>
      <startDateTime>2016-08-01T13:48:45.576</startDateTime>
      <errors>0</errors>
    </batchProcess>
    <batchProcess id="7aa1d3eb-3798-45e5-b2e3-d2c5049d833d">
      <requestDateTime>2016-08-01T13:48:45.619</requestDateTime>
      <recordsCount>1</recordsCount>
      <action name="com.constellio.model.services.batch.actions.ReindexMetadatasBatchProcessAction">
        <argument type="java.util.ArrayList">
          <item type="java.lang.String">administrativeUnit_default_inheritedauthorizations</item>
        </argument>
      </action>
      <query>(*:*) AND ((*:* -type_s:index)) AND (collection_s:zeCollection) AND (schema_s:administrativeUnit_*) AND (( parentPId_s:"unitId_30" ))</query>
      <collection>zeCollection</collection>
      <startDateTime>2016-08-01T13:48:45.654</startDateTime>
      <errors>0</errors>
    </batchProcess>
    <batchProcess id="2f9c37b5-364d-4210-b6cd-7ebd24a5631a">
      <requestDateTime>2016-08-01T13:48:45.687</requestDateTime>
      <recordsCount>1</recordsCount>
      <action name="com.constellio.model.services.batch.actions.ReindexMetadatasBatchProcessAction">
        <argument type="java.util.ArrayList">
          <item type="java.lang.String">administrativeUnit_default_inheritedauthorizations</item>
        </argument>
      </action>
      <query>(*:*) AND ((*:* -type_s:index)) AND (collection_s:zeCollection) AND (schema_s:administrativeUnit_*) AND (( parentPId_s:"unitId_30" ))</query>
      <collection>zeCollection</collection>
      <startDateTime>2016-08-01T13:48:45.721</startDateTime>
      <errors>0</errors>
    </batchProcess>
    <batchProcess id="2fb390f6-8299-4511-95f8-cc4e29970661">
      <requestDateTime>2016-08-01T13:48:45.753</requestDateTime>
      <recordsCount>1</recordsCount>
      <action name="com.constellio.model.services.batch.actions.ReindexMetadatasBatchProcessAction">
        <argument type="java.util.ArrayList">
          <item type="java.lang.String">administrativeUnit_default_inheritedauthorizations</item>
        </argument>
      </action>
      <query>(*:*) AND ((*:* -type_s:index)) AND (collection_s:zeCollection) AND (schema_s:administrativeUnit_*) AND (( parentPId_s:"unitId_30" ))</query>
      <collection>zeCollection</collection>
      <startDateTime>2016-08-01T13:48:45.789</startDateTime>
      <errors>0</errors>
    </batchProcess>
    <batchProcess id="bdbca801-31ac-41d1-b1cb-a4e322ab6817">
      <requestDateTime>2016-08-01T13:48:45.849</requestDateTime>
      <recordsCount>110</recordsCount>
      <action name="com.constellio.model.services.batch.actions.ReindexMetadatasBatchProcessAction">
        <argument type="java.util.ArrayList">
          <item type="java.lang.String">folder_default_closingDate</item>
        </argument>
      </action>
      <query>(*:*) AND ((*:* -type_s:index)) AND (collection_s:LaCollectionDeRida) AND (schema_s:folder_*) AND (( *:* ))</query>
      <collection>LaCollectionDeRida</collection>
      <startDateTime>2016-08-01T13:48:45.872</startDateTime>
      <errors>0</errors>
    </batchProcess>
    <batchProcess id="4c7f7b0a-c3bb-4c00-8ef6-b9a727b28bc5">
      <requestDateTime>2016-08-01T13:48:45.879</requestDateTime>
      <recordsCount>110</recordsCount>
      <action name="com.constellio.model.services.batch.actions.ReindexMetadatasBatchProcessAction">
        <argument type="java.util.ArrayList">
          <item type="java.lang.String">folder_default_copyRulesExpectedDepositDates</item>
          <item type="java.lang.String">folder_default_decommissioningDate</item>
          <item type="java.lang.String">folder_default_copyRulesExpectedTransferDates</item>
          <item type="java.lang.String">folder_default_copyRulesExpectedDestructionDates</item>
          <item type="java.lang.String">folder_default_closingDate</item>
        </argument>
      </action>
      <query>(*:*) AND ((*:* -type_s:index)) AND (collection_s:LaCollectionDeRida) AND (schema_s:folder_*) AND (( *:* ))</query>
      <collection>LaCollectionDeRida</collection>
      <startDateTime>2016-08-01T13:48:45.978</startDateTime>
      <errors>0</errors>
    </batchProcess>
    <batchProcess id="500f3bf1-0c4b-4a09-a442-7730ed1fd799">
      <requestDateTime>2016-08-01T13:48:45.891</requestDateTime>
      <recordsCount>15</recordsCount>
      <action name="com.constellio.model.services.batch.actions.ReindexMetadatasBatchProcessAction">
        <argument type="java.util.ArrayList">
          <item type="java.lang.String">document_default_expectedDepositDate</item>
          <item type="java.lang.String">document_default_expectedDestructionDate</item>
          <item type="java.lang.String">document_default_expectedTransferDate</item>
        </argument>
      </action>
      <query>(*:*) AND ((*:* -type_s:index)) AND (collection_s:LaCollectionDeRida) AND (schema_s:document_*) AND (( *:* ))</query>
      <collection>LaCollectionDeRida</collection>
      <startDateTime>2016-08-01T13:48:46.399</startDateTime>
      <errors>0</errors>
    </batchProcess>
    <batchProcess id="4c1cf541-e589-4280-aee5-e10f25bc3459">
      <requestDateTime>2016-08-01T13:48:50.938</requestDateTime>
      <recordsCount>15</recordsCount>
      <action name="com.constellio.model.services.batch.actions.ReindexMetadatasBatchProcessAction">
        <argument type="java.util.ArrayList">
          <item type="java.lang.String">document_default_expectedDepositDate</item>
          <item type="java.lang.String">document_default_archivisticStatus</item>
          <item type="java.lang.String">document_default_retentionRule</item>
          <item type="java.lang.String">document_default_actualDepositDate</item>
          <item type="java.lang.String">document_default_actualTransferDate</item>
          <item type="java.lang.String">document_default_applicableCopyRule</item>
          <item type="java.lang.String">document_default_actualDestructionDate</item>
          <item type="java.lang.String">document_default_expectedDestructionDate</item>
          <item type="java.lang.String">document_default_expectedTransferDate</item>
          <item type="java.lang.String">document_default_mainCopyRule</item>
        </argument>
      </action>
      <query>(*:*) AND ((*:* -type_s:index)) AND (collection_s:LaCollectionDeRida) AND (schema_s:document_*) AND (( *:* ))</query>
      <collection>LaCollectionDeRida</collection>
      <startDateTime>2016-08-01T13:48:50.988</startDateTime>
      <errors>0</errors>
    </batchProcess>
    <batchProcess id="e322ae32-5cf0-46d1-842f-d5a0366c8830">
      <requestDateTime>2016-08-01T13:48:50.953</requestDateTime>
      <recordsCount>646</recordsCount>
      <action name="com.constellio.model.services.batch.actions.ReindexMetadatasBatchProcessAction">
        <argument type="java.util.ArrayList">
          <item type="java.lang.String">document_default_applicableCopyRule</item>
          <item type="java.lang.String">document_default_expectedDestructionDate</item>
          <item type="java.lang.String">document_default_actualTransferDate</item>
          <item type="java.lang.String">document_default_expectedDepositDate</item>
          <item type="java.lang.String">document_default_mainCopyRule</item>
          <item type="java.lang.String">document_default_actualDestructionDate</item>
          <item type="java.lang.String">document_default_archivisticStatus</item>
          <item type="java.lang.String">document_default_actualDepositDate</item>
          <item type="java.lang.String">document_default_retentionRule</item>
          <item type="java.lang.String">document_default_expectedTransferDate</item>
        </argument>
      </action>
      <query>(*:*) AND ((*:* -type_s:index)) AND (collection_s:zeCollection) AND (schema_s:document_*) AND (( *:* ))</query>
      <collection>zeCollection</collection>
      <startDateTime>2016-08-01T13:48:51.166</startDateTime>
      <errors>0</errors>
    </batchProcess>
  </previousBatchProcesses>
  <pendingBatchProcesses />
  <standbyBatchProcesses />
  <currentBatchProcess />
</root>
