<?xml version="1.0" encoding="UTF-8"?>
<authorizations>
  <authorization id="_U_21f18a83-74a8-43c4-a27d-01ff897ee4d8">
    <startDate>1969-12-06</startDate>
    <endDate>1970-01-25</endDate>
    <collection>LaCollectionDeRida</collection>
    <roles>
      <role>U</role>
    </roles>
    <synced>false</synced>
  </authorization>
  <authorization id="rw__105fe2af-14c3-453b-a99b-e80e66d1edef">
    <startDate>1969-12-06</startDate>
    <endDate>1970-01-25</endDate>
    <collection>LaCollectionDeRida</collection>
    <roles>
      <role>READ</role>
      <role>WRITE</role>
    </roles>
    <synced>false</synced>
  </authorization>
  <authorization id="_M_3f1fa8c7-394f-4e8b-94a7-7fa80b915c72">
    <startDate>1969-12-06</startDate>
    <endDate>1970-01-25</endDate>
    <collection>LaCollectionDeRida</collection>
    <roles>
      <role>M</role>
    </roles>
    <synced>false</synced>
  </authorization>
  <authorization id="rwd__3430fec9-c8f2-4515-bb88-8281adf8f605">
    <startDate>1969-12-06</startDate>
    <endDate>1970-01-25</endDate>
    <collection>LaCollectionDeRida</collection>
    <roles>
      <role>READ</role>
      <role>WRITE</role>
      <role>DELETE</role>
    </roles>
    <synced>false</synced>
  </authorization>
  <authorization id="_U_acc6d502-ed05-404b-8467-7244e15294d1">
    <startDate>1969-12-06</startDate>
    <endDate>1970-01-25</endDate>
    <collection>LaCollectionDeRida</collection>
    <roles>
      <role>U</role>
    </roles>
    <synced>false</synced>
  </authorization>
  <authorization id="rw__a197b04e-4a9a-4b12-803a-4aa2fee79bf3">
    <startDate>1969-12-06</startDate>
    <endDate>1970-01-25</endDate>
    <collection>LaCollectionDeRida</collection>
    <roles>
      <role>READ</role>
      <role>WRITE</role>
    </roles>
    <synced>false</synced>
  </authorization>
  <authorization id="_M_0102ae6b-b077-47d2-a4be-bfbc94f15bc9">
    <startDate>1969-12-06</startDate>
    <endDate>1970-01-25</endDate>
    <collection>LaCollectionDeRida</collection>
    <roles>
      <role>M</role>
    </roles>
    <synced>false</synced>
  </authorization>
  <authorization id="rwd__0bcbd5db-9f7c-46c6-9a7c-4d27d3dafa06">
    <startDate>1969-12-06</startDate>
    <endDate>1970-01-25</endDate>
    <collection>LaCollectionDeRida</collection>
    <roles>
      <role>READ</role>
      <role>WRITE</role>
      <role>DELETE</role>
    </roles>
    <synced>false</synced>
  </authorization>
  <authorization id="_U_580b9c35-8401-4d68-8936-5668d2dff85f">
    <startDate>1969-12-06</startDate>
    <endDate>1970-01-25</endDate>
    <collection>LaCollectionDeRida</collection>
    <roles>
      <role>U</role>
    </roles>
    <synced>false</synced>
  </authorization>
  <authorization id="rw__cececcbb-07fc-4bac-a3d1-bfd849da2204">
    <startDate>1969-12-06</startDate>
    <endDate>1970-01-25</endDate>
    <collection>LaCollectionDeRida</collection>
    <roles>
      <role>READ</role>
      <role>WRITE</role>
    </roles>
    <synced>false</synced>
  </authorization>
  <authorization id="_M_dd453d55-0707-4ca0-b91d-44b3c6350949">
    <startDate>1969-12-06</startDate>
    <endDate>1970-01-25</endDate>
    <collection>LaCollectionDeRida</collection>
    <roles>
      <role>M</role>
    </roles>
    <synced>false</synced>
  </authorization>
  <authorization id="rwd__8594c1b4-87ce-4469-ad50-0d44338ea114">
    <startDate>1969-12-06</startDate>
    <endDate>1970-01-25</endDate>
    <collection>LaCollectionDeRida</collection>
    <roles>
      <role>READ</role>
      <role>WRITE</role>
      <role>DELETE</role>
    </roles>
    <synced>false</synced>
  </authorization>
</authorizations>
