<?xml version="1.0" encoding="UTF-8"?>
<root>
  <previousBatchProcesses>
    <batchProcess id="6caffa66-aa26-4aa8-a3d2-555033995dc8">
      <requestDateTime>2017-02-06T14:31:03.519</requestDateTime>
      <recordsCount>105</recordsCount>
      <action name="com.constellio.model.services.batch.actions.ReindexMetadatasBatchProcessAction">
        <argument type="java.util.ArrayList">
          <item type="java.lang.String">folder_default_closingDate</item>
        </argument>
      </action>
      <query>(*:*) AND ((*:* -type_s:index)) AND (collection_s:zeCollection) AND (schema_s:folder_*) AND (( *:* ))</query>
      <collection>zeCollection</collection>
      <startDateTime>2017-02-06T14:31:03.548</startDateTime>
      <errors>0</errors>
    </batchProcess>
    <batchProcess id="2be1ebd4-40fc-4102-8ae3-72d55fdd6e88">
      <requestDateTime>2017-02-06T14:31:03.553</requestDateTime>
      <recordsCount>105</recordsCount>
      <action name="com.constellio.model.services.batch.actions.ReindexMetadatasBatchProcessAction">
        <argument type="java.util.ArrayList">
          <item type="java.lang.String">folder_default_closingDate</item>
          <item type="java.lang.String">folder_default_copyRulesExpectedTransferDates</item>
          <item type="java.lang.String">folder_default_decommissioningDate</item>
          <item type="java.lang.String">folder_default_copyRulesExpectedDepositDates</item>
          <item type="java.lang.String">folder_default_copyRulesExpectedDestructionDates</item>
        </argument>
      </action>
      <query>(*:*) AND ((*:* -type_s:index)) AND (collection_s:zeCollection) AND (schema_s:folder_*) AND (( *:* ))</query>
      <collection>zeCollection</collection>
      <startDateTime>2017-02-06T14:31:03.648</startDateTime>
      <errors>0</errors>
    </batchProcess>
    <batchProcess id="6438bdce-cb8a-40ff-b31a-87370c6dc389">
      <requestDateTime>2017-02-06T14:31:03.567</requestDateTime>
      <recordsCount>268</recordsCount>
      <action name="com.constellio.model.services.batch.actions.ReindexMetadatasBatchProcessAction">
        <argument type="java.util.ArrayList">
          <item type="java.lang.String">document_default_expectedDestructionDate</item>
          <item type="java.lang.String">document_default_expectedDepositDate</item>
          <item type="java.lang.String">document_default_expectedTransferDate</item>
        </argument>
      </action>
      <query>(*:*) AND ((*:* -type_s:index)) AND (collection_s:zeCollection) AND (schema_s:document_*) AND (( *:* ))</query>
      <collection>zeCollection</collection>
      <startDateTime>2017-02-06T14:31:03.862</startDateTime>
      <errors>0</errors>
    </batchProcess>
    <batchProcess id="93aee3d6-79ad-47b7-99a0-463c0177aa93">
      <requestDateTime>2017-02-06T14:31:06.380</requestDateTime>
      <recordsCount>268</recordsCount>
      <action name="com.constellio.model.services.batch.actions.ReindexMetadatasBatchProcessAction">
        <argument type="java.util.ArrayList">
          <item type="java.lang.String">document_default_expectedDestructionDate</item>
          <item type="java.lang.String">document_default_archivisticStatus</item>
          <item type="java.lang.String">document_default_applicableCopyRule</item>
          <item type="java.lang.String">document_default_actualDepositDate</item>
          <item type="java.lang.String">document_default_actualTransferDate</item>
          <item type="java.lang.String">document_default_expectedDepositDate</item>
          <item type="java.lang.String">document_default_actualDestructionDate</item>
          <item type="java.lang.String">document_default_retentionRule</item>
          <item type="java.lang.String">document_default_mainCopyRule</item>
          <item type="java.lang.String">document_default_expectedTransferDate</item>
        </argument>
      </action>
      <query>(*:*) AND ((*:* -type_s:index)) AND (collection_s:zeCollection) AND (schema_s:document_*) AND (( *:* ))</query>
      <collection>zeCollection</collection>
      <startDateTime>2017-02-06T14:31:06.425</startDateTime>
      <errors>0</errors>
    </batchProcess>
    <batchProcess id="d8da2e76-a331-49b1-8cfe-42a1511dbafc">
      <requestDateTime>2017-02-06T14:31:06.392</requestDateTime>
      <recordsCount>15</recordsCount>
      <action name="com.constellio.model.services.batch.actions.ReindexMetadatasBatchProcessAction">
        <argument type="java.util.ArrayList">
          <item type="java.lang.String">document_default_actualTransferDate</item>
          <item type="java.lang.String">document_default_mainCopyRule</item>
          <item type="java.lang.String">document_default_applicableCopyRule</item>
          <item type="java.lang.String">document_default_expectedTransferDate</item>
          <item type="java.lang.String">document_default_expectedDepositDate</item>
          <item type="java.lang.String">document_default_actualDepositDate</item>
          <item type="java.lang.String">document_default_actualDestructionDate</item>
          <item type="java.lang.String">document_default_retentionRule</item>
          <item type="java.lang.String">document_default_archivisticStatus</item>
          <item type="java.lang.String">document_default_expectedDestructionDate</item>
        </argument>
      </action>
      <query>(*:*) AND ((*:* -type_s:index)) AND (collection_s:zeDeuxiemeCollection) AND (schema_s:document_*) AND (( *:* ))</query>
      <collection>zeDeuxiemeCollection</collection>
      <startDateTime>2017-02-06T14:31:06.653</startDateTime>
      <errors>0</errors>
    </batchProcess>
  </previousBatchProcesses>
  <pendingBatchProcesses />
  <standbyBatchProcesses />
  <currentBatchProcess />
</root>
