<?xml version="1.0" encoding="UTF-8"?>
<roles>
  <role title="Administrateur" code="ADM" collection="zeDeuxiemeCollection">core.deleteContentVersion,core.ldapConfigurationManagement,core.manageConnectors,core.manageEmailServer,core.manageFacets,core.manageMetadataExtractor,core.manageMetadataSchemas,core.manageSearchEngine,core.manageSearchReports,core.manageSecurity,core.manageSystemCollections,core.manageSystemConfiguration,core.manageSystemDataImports,core.manageSystemGroups,core.manageSystemModules,core.manageSystemServers,core.manageSystemUpdates,core.manageSystemUsers,core.manageTaxonomies,core.manageTrash,core.manageValueList,core.useExternalAPIS,core.viewEvents,rm.borrowFolder,rm.createDocuments,rm.createFolders,rm.createInactiveDocuments,rm.createSemiActiveDocuments,rm.createSubFolders,rm.createSubFoldersInInactiveFolders,rm.createSubFoldersInSemiActiveFolders,rm.decommissioning,rm.deleteBorrowedDocuments,rm.deleteInactiveDocuments,rm.deleteInactiveFolders,rm.deletePublishedDocuments,rm.deleteSemiActiveDocuments,rm.deleteSemiActiveFolders,rm.duplicateInactiveFolders,rm.duplicateSemiActiveFolders,rm.editDecommissioningList,rm.manageClassificationPlan,rm.manageContainers,rm.manageDocumentAuthorizations,rm.manageFolderAuthorizations,rm.manageReports,rm.manageRetentionRule,rm.manageStorageSpaces,rm.manageUniformSubdivisions,rm.modifyFolderDecomDate,rm.modifyImportedDocuments,rm.modifyImportedFolders,rm.modifyInactiveBorrowedFolder,rm.modifyInactiveDocuments,rm.modifyInactiveFolders,rm.modifyOpeningDateFolder,rm.modifySemiActiveBorrowedFolder,rm.modifySemiActiveDocuments,rm.modifySemiActiveFolders,rm.processDecommissioningList,rm.publishAndUnpublishDocuments,rm.returnOtherUsersDocuments,rm.shareDocuments,rm.shareFolders,rm.shareImportedDocuments,rm.shareImportedFolders,rm.shareInactiveDocuments,rm.shareInactiveFolders,rm.shareSemiActiveDocuments,rm.shareSemiActiveFolders,rm.uploadInactiveDocuments,rm.uploadSemiActiveDocuments,rm.useCart,tasks.manageWorkflows</role>
  <role title="Utilisateur" code="U" collection="zeDeuxiemeCollection">rm.borrowFolder,rm.createDocuments,rm.createFolders,rm.createSubFolders,rm.deletePublishedDocuments,rm.deleteSemiActiveDocuments,rm.deleteSemiActiveFolders,rm.modifySemiActiveBorrowedFolder,rm.publishAndUnpublishDocuments,rm.shareDocuments,rm.shareFolders,rm.shareSemiActiveDocuments,rm.shareSemiActiveFolders,rm.uploadSemiActiveDocuments,rm.useCart</role>
  <role title="Gestionnaire" code="M" collection="zeDeuxiemeCollection">manageLabels,rm.borrowFolder,rm.createDocuments,rm.createFolders,rm.createSubFolders,rm.decommissioning,rm.deletePublishedDocuments,rm.deleteSemiActiveDocuments,rm.deleteSemiActiveFolders,rm.manageContainers,rm.manageDocumentAuthorizations,rm.manageFolderAuthorizations,rm.modifyOpeningDateFolder,rm.modifySemiActiveBorrowedFolder,rm.publishAndUnpublishDocuments,rm.shareDocuments,rm.shareFolders,rm.shareSemiActiveDocuments,rm.shareSemiActiveFolders,rm.uploadSemiActiveDocuments,rm.useCart</role>
  <role title="Responsable de la gestion documentaire" code="RGD" collection="zeDeuxiemeCollection">core.deleteContentVersion,core.ldapConfigurationManagement,core.manageConnectors,core.manageEmailServer,core.manageFacets,core.manageMetadataExtractor,core.manageMetadataSchemas,core.manageSearchEngine,core.manageSearchReports,core.manageSecurity,core.manageSystemCollections,core.manageSystemConfiguration,core.manageSystemDataImports,core.manageSystemGroups,core.manageSystemModules,core.manageSystemServers,core.manageSystemUpdates,core.manageSystemUsers,core.manageTaxonomies,core.manageTrash,core.manageValueList,core.useExternalAPIS,core.viewEvents,rm.borrowFolder,rm.createDocuments,rm.createFolders,rm.createInactiveDocuments,rm.createSemiActiveDocuments,rm.createSubFolders,rm.createSubFoldersInInactiveFolders,rm.createSubFoldersInSemiActiveFolders,rm.decommissioning,rm.deleteBorrowedDocuments,rm.deleteInactiveDocuments,rm.deleteInactiveFolders,rm.deletePublishedDocuments,rm.deleteSemiActiveDocuments,rm.deleteSemiActiveFolders,rm.duplicateInactiveFolders,rm.duplicateSemiActiveFolders,rm.editDecommissioningList,rm.manageClassificationPlan,rm.manageContainers,rm.manageDocumentAuthorizations,rm.manageFolderAuthorizations,rm.manageReports,rm.manageRetentionRule,rm.manageStorageSpaces,rm.manageUniformSubdivisions,rm.modifyFolderDecomDate,rm.modifyImportedDocuments,rm.modifyImportedFolders,rm.modifyInactiveBorrowedFolder,rm.modifyInactiveDocuments,rm.modifyInactiveFolders,rm.modifyOpeningDateFolder,rm.modifySemiActiveBorrowedFolder,rm.modifySemiActiveDocuments,rm.modifySemiActiveFolders,rm.processDecommissioningList,rm.publishAndUnpublishDocuments,rm.returnOtherUsersDocuments,rm.shareDocuments,rm.shareFolders,rm.shareImportedDocuments,rm.shareImportedFolders,rm.shareInactiveDocuments,rm.shareInactiveFolders,rm.shareSemiActiveDocuments,rm.shareSemiActiveFolders,rm.uploadInactiveDocuments,rm.uploadSemiActiveDocuments,rm.useCart,tasks.manageWorkflows</role>
</roles>
