<?xml version="1.0" encoding="UTF-8"?>
<authorizations>
  <authorization id="rw_U_ua00000000022users">
    <startDate>1969-12-06</startDate>
    <endDate>1970-01-25</endDate>
    <collection>zeCollection</collection>
    <roles>
      <role>WRITE</role>
      <role>U</role>
    </roles>
    <synced>true</synced>
  </authorization>
  <authorization id="rwd_M_ua00000000022admins">
    <startDate>1969-12-06</startDate>
    <endDate>1970-01-25</endDate>
    <collection>zeCollection</collection>
    <roles>
      <role>WRITE</role>
      <role>DELETE</role>
      <role>M</role>
    </roles>
    <synced>true</synced>
  </authorization>
  <authorization id="rw_U_ua00000000024users">
    <startDate>1969-12-06</startDate>
    <endDate>1970-01-25</endDate>
    <collection>zeCollection</collection>
    <roles>
      <role>WRITE</role>
      <role>U</role>
    </roles>
    <synced>true</synced>
  </authorization>
  <authorization id="rwd_M_ua00000000024admins">
    <startDate>1969-12-06</startDate>
    <endDate>1970-01-25</endDate>
    <collection>zeCollection</collection>
    <roles>
      <role>WRITE</role>
      <role>DELETE</role>
      <role>M</role>
    </roles>
    <synced>true</synced>
  </authorization>
  <authorization id="rw_U_ua00000000032users">
    <startDate>1969-12-06</startDate>
    <endDate>1970-01-25</endDate>
    <collection>zeCollection</collection>
    <roles>
      <role>WRITE</role>
      <role>U</role>
    </roles>
    <synced>true</synced>
  </authorization>
  <authorization id="rwd_M_ua00000000032admins">
    <startDate>1969-12-06</startDate>
    <endDate>1970-01-25</endDate>
    <collection>zeCollection</collection>
    <roles>
      <role>WRITE</role>
      <role>DELETE</role>
      <role>M</role>
    </roles>
    <synced>true</synced>
  </authorization>
</authorizations>
