<?xml version="1.0" encoding="UTF-8"?>
<collectionsEmailServerConfigs>
  <collection2>
    <username>noreply.doculibre2@gmail.com</username>
    <defaultSenderEmail>noreply.doculibre2@gmail.com</defaultSenderEmail>
    <password>evee wjoo bgfc dqpa</password>
    <enabled>true</enabled>
    <properties>
      <property key="mail.smtp.socketFactory.port" value="465" />
      <property key="mail.smtp.port" value="465" />
      <property key="mail.smtp.host" value="smtp.gmail.com" />
      <property key="mail.smtp.auth" value="true" />
      <property key="mail.smtp.socketFactory.class" value="javax.net.ssl.SSLSocketFactory" />
    </properties>
  </collection2>
</collectionsEmailServerConfigs>
