<?xml version="1.0" encoding="UTF-8"?>
<root>
  <previousBatchProcesses>
    <batchProcess id="36c42fa9-bf97-4d4c-8db7-49b38d049c31">
      <requestDateTime>2015-06-18T11:12:32.280</requestDateTime>
      <recordsCount>2</recordsCount>
      <action name="com.constellio.model.services.batch.actions.ReindexMetadatasBatchProcessAction">
        <argument type="java.util.ArrayList">
          <item type="java.lang.String">administrativeUnit_default_inheritedauthorizations</item>
        </argument>
      </action>
      <collection>zeCollection</collection>
      <startDateTime>2015-06-18T11:12:32.316</startDateTime>
      <progression>2</progression>
      <errors>0</errors>
    </batchProcess>
    <batchProcess id="8320d596-5208-46d3-9930-814b859b91d8">
      <requestDateTime>2015-06-18T11:12:32.343</requestDateTime>
      <recordsCount>2</recordsCount>
      <action name="com.constellio.model.services.batch.actions.ReindexMetadatasBatchProcessAction">
        <argument type="java.util.ArrayList">
          <item type="java.lang.String">administrativeUnit_default_inheritedauthorizations</item>
        </argument>
      </action>
      <collection>zeCollection</collection>
      <startDateTime>2015-06-18T11:12:32.379</startDateTime>
      <progression>2</progression>
      <errors>0</errors>
    </batchProcess>
  </previousBatchProcesses>
  <pendingBatchProcesses />
  <standbyBatchProcesses />
  <currentBatchProcess />
</root>
