<?xml version="1.0" encoding="UTF-8"?>
<authorizations>
  <authorization id="_U_a71a1e4f-5c6c-4170-986c-f2067b9c5efc">
    <startDate>1969-12-06</startDate>
    <endDate>1970-01-25</endDate>
    <collection>LaCollectionDeRida</collection>
    <roles>
      <role>U</role>
    </roles>
    <synced>false</synced>
  </authorization>
  <authorization id="rw__3ba206df-cc24-47f9-9f37-45799fd219bd">
    <startDate>1969-12-06</startDate>
    <endDate>1970-01-25</endDate>
    <collection>LaCollectionDeRida</collection>
    <roles>
      <role>READ</role>
      <role>WRITE</role>
    </roles>
    <synced>false</synced>
  </authorization>
  <authorization id="_M_55341959-9ed5-4383-ab47-342d404eae42">
    <startDate>1969-12-06</startDate>
    <endDate>1970-01-25</endDate>
    <collection>LaCollectionDeRida</collection>
    <roles>
      <role>M</role>
    </roles>
    <synced>false</synced>
  </authorization>
  <authorization id="rwd__ce3e985e-4de1-43db-a33f-f661f214599b">
    <startDate>1969-12-06</startDate>
    <endDate>1970-01-25</endDate>
    <collection>LaCollectionDeRida</collection>
    <roles>
      <role>READ</role>
      <role>WRITE</role>
      <role>DELETE</role>
    </roles>
    <synced>false</synced>
  </authorization>
  <authorization id="_U_f1c2ca67-7118-4b4b-960e-9c13680201bb">
    <startDate>1969-12-06</startDate>
    <endDate>1970-01-25</endDate>
    <collection>LaCollectionDeRida</collection>
    <roles>
      <role>U</role>
    </roles>
    <synced>false</synced>
  </authorization>
  <authorization id="rw__dcd11fd2-318f-42f2-8262-0869a7f76963">
    <startDate>1969-12-06</startDate>
    <endDate>1970-01-25</endDate>
    <collection>LaCollectionDeRida</collection>
    <roles>
      <role>READ</role>
      <role>WRITE</role>
    </roles>
    <synced>false</synced>
  </authorization>
  <authorization id="_M_21172d64-9b77-4a0d-a8b7-68ab1e140659">
    <startDate>1969-12-06</startDate>
    <endDate>1970-01-25</endDate>
    <collection>LaCollectionDeRida</collection>
    <roles>
      <role>M</role>
    </roles>
    <synced>false</synced>
  </authorization>
  <authorization id="rwd__d7681e93-e311-4ea0-b726-2a62bd996678">
    <startDate>1969-12-06</startDate>
    <endDate>1970-01-25</endDate>
    <collection>LaCollectionDeRida</collection>
    <roles>
      <role>READ</role>
      <role>WRITE</role>
      <role>DELETE</role>
    </roles>
    <synced>false</synced>
  </authorization>
  <authorization id="_U_083fbcec-49b9-40f6-8b01-0782ce9b5bc3">
    <startDate>1969-12-06</startDate>
    <endDate>1970-01-25</endDate>
    <collection>LaCollectionDeRida</collection>
    <roles>
      <role>U</role>
    </roles>
    <synced>false</synced>
  </authorization>
  <authorization id="rw__2a267739-afe5-4f96-8d5b-2c6b898692ed">
    <startDate>1969-12-06</startDate>
    <endDate>1970-01-25</endDate>
    <collection>LaCollectionDeRida</collection>
    <roles>
      <role>READ</role>
      <role>WRITE</role>
    </roles>
    <synced>false</synced>
  </authorization>
  <authorization id="_M_8ddcf00e-4687-4513-8425-19da62ae8908">
    <startDate>1969-12-06</startDate>
    <endDate>1970-01-25</endDate>
    <collection>LaCollectionDeRida</collection>
    <roles>
      <role>M</role>
    </roles>
    <synced>false</synced>
  </authorization>
  <authorization id="rwd__0c3fca2b-8f89-4681-90a3-fc5f40c1b784">
    <startDate>1969-12-06</startDate>
    <endDate>1970-01-25</endDate>
    <collection>LaCollectionDeRida</collection>
    <roles>
      <role>READ</role>
      <role>WRITE</role>
      <role>DELETE</role>
    </roles>
    <synced>false</synced>
  </authorization>
</authorizations>
