<?xml version="1.0" encoding="UTF-8"?>
<display>
  <SchemaTypeDisplayConfigs>
    <facet manageable="false" simpleSearch="false" advancedSearch="false">
      <MetadataGroupsLabels>
        <MetadataGroupLabel name="Configuration" />
        <MetadataGroupLabel name="Valeurs" />
        <MetadataGroupLabel name="Requêtes" />
      </MetadataGroupsLabels>
    </facet>
  </SchemaTypeDisplayConfigs>
  <MetadataDisplayConfigs>
    <facet_default_title VisibleInAdvancedSearch="false" InputType="FIELD" Highlight="false" metadataGroup="Configuration" />
    <facet_default_fieldDatastoreCode VisibleInAdvancedSearch="false" InputType="FIELD" Highlight="false" metadataGroup="Configuration" />
    <facet_default_orderResult VisibleInAdvancedSearch="false" InputType="RADIO_BUTTONS" Highlight="false" metadataGroup="Configuration" />
    <facet_default_facetType VisibleInAdvancedSearch="false" InputType="RADIO_BUTTONS" Highlight="false" metadataGroup="Configuration" />
    <facet_default_elementPerPage VisibleInAdvancedSearch="false" InputType="FIELD" Highlight="false" metadataGroup="Configuration" />
    <facet_default_active VisibleInAdvancedSearch="false" InputType="FIELD" Highlight="false" metadataGroup="Configuration" />
    <facet_default_openByDefault VisibleInAdvancedSearch="false" InputType="FIELD" Highlight="false" metadataGroup="Configuration" />
    <facet_field_fieldValuesLabel VisibleInAdvancedSearch="false" InputType="FIELD" Highlight="false" metadataGroup="Valeurs" />
    <facet_query_listQueries VisibleInAdvancedSearch="false" InputType="FIELD" Highlight="false" metadataGroup="Requêtes" />
  </MetadataDisplayConfigs>
</display>
