<?xml version="1.0" encoding="UTF-8"?>
<globalGroups>
  <globalGroup code="heroes">
    <name>The heroes</name>
    <parent />
    <status>ACTIVE</status>
    <usersAutomaticallyAddedToCollections />
  </globalGroup>
  <globalGroup code="legends">
    <name>The legends</name>
    <parent />
    <status>ACTIVE</status>
    <usersAutomaticallyAddedToCollections />
  </globalGroup>
  <globalGroup code="sidekicks">
    <name>The sidekicks</name>
    <parent>heroes</parent>
    <status>ACTIVE</status>
    <usersAutomaticallyAddedToCollections />
  </globalGroup>
  <globalGroup code="rumors">
    <name>The rumors</name>
    <parent>legends</parent>
    <status>ACTIVE</status>
    <usersAutomaticallyAddedToCollections />
  </globalGroup>
</globalGroups>
