<?xml version="1.0" encoding="UTF-8"?>
<root>
  <previousBatchProcesses>
    <batchProcess id="6bb6559d-d2e8-454e-b364-4aab7d295ec2">
      <requestDateTime>2016-08-01T12:32:31.296</requestDateTime>
      <recordsCount>3</recordsCount>
      <action name="com.constellio.model.services.batch.actions.ReindexMetadatasBatchProcessAction">
        <argument type="java.util.ArrayList">
          <item type="java.lang.String">administrativeUnit_default_inheritedauthorizations</item>
        </argument>
      </action>
      <query>(*:*) AND ((*:* -type_s:index)) AND (collection_s:zeCollection) AND (schema_s:administrativeUnit_*) AND (( parentPId_s:"unitId_10" ))</query>
      <collection>zeCollection</collection>
      <startDateTime>2016-08-01T12:32:31.347</startDateTime>
      <errors>0</errors>
    </batchProcess>
    <batchProcess id="b642c0fd-a861-4e35-8b97-48c6a623c48f">
      <requestDateTime>2016-08-01T12:32:31.394</requestDateTime>
      <recordsCount>3</recordsCount>
      <action name="com.constellio.model.services.batch.actions.ReindexMetadatasBatchProcessAction">
        <argument type="java.util.ArrayList">
          <item type="java.lang.String">administrativeUnit_default_inheritedauthorizations</item>
        </argument>
      </action>
      <query>(*:*) AND ((*:* -type_s:index)) AND (collection_s:zeCollection) AND (schema_s:administrativeUnit_*) AND (( parentPId_s:"unitId_10" ))</query>
      <collection>zeCollection</collection>
      <startDateTime>2016-08-01T12:32:31.517</startDateTime>
      <errors>0</errors>
    </batchProcess>
    <batchProcess id="64d2500b-c7af-445e-935e-d14d91c64248">
      <requestDateTime>2016-08-01T12:32:31.487</requestDateTime>
      <recordsCount>3</recordsCount>
      <action name="com.constellio.model.services.batch.actions.ReindexMetadatasBatchProcessAction">
        <argument type="java.util.ArrayList">
          <item type="java.lang.String">administrativeUnit_default_inheritedauthorizations</item>
        </argument>
      </action>
      <query>(*:*) AND ((*:* -type_s:index)) AND (collection_s:zeCollection) AND (schema_s:administrativeUnit_*) AND (( parentPId_s:"unitId_10" ))</query>
      <collection>zeCollection</collection>
      <startDateTime>2016-08-01T12:32:31.638</startDateTime>
      <errors>0</errors>
    </batchProcess>
    <batchProcess id="607411ba-4c76-488d-ba45-dc4763b559e8">
      <requestDateTime>2016-08-01T12:32:31.570</requestDateTime>
      <recordsCount>3</recordsCount>
      <action name="com.constellio.model.services.batch.actions.ReindexMetadatasBatchProcessAction">
        <argument type="java.util.ArrayList">
          <item type="java.lang.String">administrativeUnit_default_inheritedauthorizations</item>
        </argument>
      </action>
      <query>(*:*) AND ((*:* -type_s:index)) AND (collection_s:zeCollection) AND (schema_s:administrativeUnit_*) AND (( parentPId_s:"unitId_10" ))</query>
      <collection>zeCollection</collection>
      <startDateTime>2016-08-01T12:32:31.899</startDateTime>
      <errors>0</errors>
    </batchProcess>
    <batchProcess id="a8b75eef-83e4-4f66-9d42-6ef890a7194d">
      <requestDateTime>2016-08-01T12:32:31.653</requestDateTime>
      <recordsCount>1</recordsCount>
      <action name="com.constellio.model.services.batch.actions.ReindexMetadatasBatchProcessAction">
        <argument type="java.util.ArrayList">
          <item type="java.lang.String">administrativeUnit_default_inheritedauthorizations</item>
        </argument>
      </action>
      <query>(*:*) AND ((*:* -type_s:index)) AND (collection_s:zeCollection) AND (schema_s:administrativeUnit_*) AND (( parentPId_s:"unitId_11" ))</query>
      <collection>zeCollection</collection>
      <startDateTime>2016-08-01T12:32:31.932</startDateTime>
      <errors>0</errors>
    </batchProcess>
    <batchProcess id="0d93b534-6094-4b17-86f8-b5527324711c">
      <requestDateTime>2016-08-01T12:32:31.727</requestDateTime>
      <recordsCount>1</recordsCount>
      <action name="com.constellio.model.services.batch.actions.ReindexMetadatasBatchProcessAction">
        <argument type="java.util.ArrayList">
          <item type="java.lang.String">administrativeUnit_default_inheritedauthorizations</item>
        </argument>
      </action>
      <query>(*:*) AND ((*:* -type_s:index)) AND (collection_s:zeCollection) AND (schema_s:administrativeUnit_*) AND (( parentPId_s:"unitId_11" ))</query>
      <collection>zeCollection</collection>
      <startDateTime>2016-08-01T12:32:31.988</startDateTime>
      <errors>0</errors>
    </batchProcess>
    <batchProcess id="cf06e3ba-1e82-41fe-a16a-790533c562a1">
      <requestDateTime>2016-08-01T12:32:31.804</requestDateTime>
      <recordsCount>1</recordsCount>
      <action name="com.constellio.model.services.batch.actions.ReindexMetadatasBatchProcessAction">
        <argument type="java.util.ArrayList">
          <item type="java.lang.String">administrativeUnit_default_inheritedauthorizations</item>
        </argument>
      </action>
      <query>(*:*) AND ((*:* -type_s:index)) AND (collection_s:zeCollection) AND (schema_s:administrativeUnit_*) AND (( parentPId_s:"unitId_11" ))</query>
      <collection>zeCollection</collection>
      <startDateTime>2016-08-01T12:32:32.014</startDateTime>
      <errors>0</errors>
    </batchProcess>
    <batchProcess id="c8075585-bc77-4b1c-9568-00580560ee91">
      <requestDateTime>2016-08-01T12:32:31.874</requestDateTime>
      <recordsCount>1</recordsCount>
      <action name="com.constellio.model.services.batch.actions.ReindexMetadatasBatchProcessAction">
        <argument type="java.util.ArrayList">
          <item type="java.lang.String">administrativeUnit_default_inheritedauthorizations</item>
        </argument>
      </action>
      <query>(*:*) AND ((*:* -type_s:index)) AND (collection_s:zeCollection) AND (schema_s:administrativeUnit_*) AND (( parentPId_s:"unitId_11" ))</query>
      <collection>zeCollection</collection>
      <startDateTime>2016-08-01T12:32:32.045</startDateTime>
      <errors>0</errors>
    </batchProcess>
    <batchProcess id="8bd319e2-2e99-436a-bb27-a9052806cb26">
      <requestDateTime>2016-08-01T12:32:31.968</requestDateTime>
      <recordsCount>2</recordsCount>
      <action name="com.constellio.model.services.batch.actions.ReindexMetadatasBatchProcessAction">
        <argument type="java.util.ArrayList">
          <item type="java.lang.String">administrativeUnit_default_inheritedauthorizations</item>
        </argument>
      </action>
      <query>(*:*) AND ((*:* -type_s:index)) AND (collection_s:zeCollection) AND (schema_s:administrativeUnit_*) AND (( parentPId_s:"unitId_12" ))</query>
      <collection>zeCollection</collection>
      <startDateTime>2016-08-01T12:32:32.066</startDateTime>
      <errors>0</errors>
    </batchProcess>
    <batchProcess id="178e9120-4969-4047-aeb9-2e8bbfc9bfbe">
      <requestDateTime>2016-08-01T12:32:32.061</requestDateTime>
      <recordsCount>2</recordsCount>
      <action name="com.constellio.model.services.batch.actions.ReindexMetadatasBatchProcessAction">
        <argument type="java.util.ArrayList">
          <item type="java.lang.String">administrativeUnit_default_inheritedauthorizations</item>
        </argument>
      </action>
      <query>(*:*) AND ((*:* -type_s:index)) AND (collection_s:zeCollection) AND (schema_s:administrativeUnit_*) AND (( parentPId_s:"unitId_12" ))</query>
      <collection>zeCollection</collection>
      <startDateTime>2016-08-01T12:32:32.140</startDateTime>
      <errors>0</errors>
    </batchProcess>
    <batchProcess id="587cf0c0-99a3-48cf-b674-aa9b1c06e514">
      <requestDateTime>2016-08-01T12:32:32.158</requestDateTime>
      <recordsCount>2</recordsCount>
      <action name="com.constellio.model.services.batch.actions.ReindexMetadatasBatchProcessAction">
        <argument type="java.util.ArrayList">
          <item type="java.lang.String">administrativeUnit_default_inheritedauthorizations</item>
        </argument>
      </action>
      <query>(*:*) AND ((*:* -type_s:index)) AND (collection_s:zeCollection) AND (schema_s:administrativeUnit_*) AND (( parentPId_s:"unitId_12" ))</query>
      <collection>zeCollection</collection>
      <startDateTime>2016-08-01T12:32:32.214</startDateTime>
      <errors>0</errors>
    </batchProcess>
    <batchProcess id="a2241992-9305-4aa1-957c-fc264ecadeab">
      <requestDateTime>2016-08-01T12:32:32.251</requestDateTime>
      <recordsCount>2</recordsCount>
      <action name="com.constellio.model.services.batch.actions.ReindexMetadatasBatchProcessAction">
        <argument type="java.util.ArrayList">
          <item type="java.lang.String">administrativeUnit_default_inheritedauthorizations</item>
        </argument>
      </action>
      <query>(*:*) AND ((*:* -type_s:index)) AND (collection_s:zeCollection) AND (schema_s:administrativeUnit_*) AND (( parentPId_s:"unitId_12" ))</query>
      <collection>zeCollection</collection>
      <startDateTime>2016-08-01T12:32:32.293</startDateTime>
      <errors>0</errors>
    </batchProcess>
    <batchProcess id="ecf6b251-f59d-452c-b5df-16954fc382bc">
      <requestDateTime>2016-08-01T12:32:32.334</requestDateTime>
      <recordsCount>1</recordsCount>
      <action name="com.constellio.model.services.batch.actions.ReindexMetadatasBatchProcessAction">
        <argument type="java.util.ArrayList">
          <item type="java.lang.String">administrativeUnit_default_inheritedauthorizations</item>
        </argument>
      </action>
      <query>(*:*) AND ((*:* -type_s:index)) AND (collection_s:zeCollection) AND (schema_s:administrativeUnit_*) AND (( parentPId_s:"unitId_30" ))</query>
      <collection>zeCollection</collection>
      <startDateTime>2016-08-01T12:32:32.373</startDateTime>
      <errors>0</errors>
    </batchProcess>
    <batchProcess id="d012c072-4aa0-4f0b-ba18-7d7d426a8e9b">
      <requestDateTime>2016-08-01T12:32:32.410</requestDateTime>
      <recordsCount>1</recordsCount>
      <action name="com.constellio.model.services.batch.actions.ReindexMetadatasBatchProcessAction">
        <argument type="java.util.ArrayList">
          <item type="java.lang.String">administrativeUnit_default_inheritedauthorizations</item>
        </argument>
      </action>
      <query>(*:*) AND ((*:* -type_s:index)) AND (collection_s:zeCollection) AND (schema_s:administrativeUnit_*) AND (( parentPId_s:"unitId_30" ))</query>
      <collection>zeCollection</collection>
      <startDateTime>2016-08-01T12:32:32.449</startDateTime>
      <errors>0</errors>
    </batchProcess>
    <batchProcess id="cc7a2fbb-7714-4c86-8e7e-0589aa17d78d">
      <requestDateTime>2016-08-01T12:32:32.489</requestDateTime>
      <recordsCount>1</recordsCount>
      <action name="com.constellio.model.services.batch.actions.ReindexMetadatasBatchProcessAction">
        <argument type="java.util.ArrayList">
          <item type="java.lang.String">administrativeUnit_default_inheritedauthorizations</item>
        </argument>
      </action>
      <query>(*:*) AND ((*:* -type_s:index)) AND (collection_s:zeCollection) AND (schema_s:administrativeUnit_*) AND (( parentPId_s:"unitId_30" ))</query>
      <collection>zeCollection</collection>
      <startDateTime>2016-08-01T12:32:32.540</startDateTime>
      <errors>0</errors>
    </batchProcess>
    <batchProcess id="0ef555b6-7952-4dc2-af15-dc49bda2d6bb">
      <requestDateTime>2016-08-01T12:32:32.583</requestDateTime>
      <recordsCount>1</recordsCount>
      <action name="com.constellio.model.services.batch.actions.ReindexMetadatasBatchProcessAction">
        <argument type="java.util.ArrayList">
          <item type="java.lang.String">administrativeUnit_default_inheritedauthorizations</item>
        </argument>
      </action>
      <query>(*:*) AND ((*:* -type_s:index)) AND (collection_s:zeCollection) AND (schema_s:administrativeUnit_*) AND (( parentPId_s:"unitId_30" ))</query>
      <collection>zeCollection</collection>
      <startDateTime>2016-08-01T12:32:32.646</startDateTime>
      <errors>0</errors>
    </batchProcess>
    <batchProcess id="1a771a6a-be1a-44b7-a1d2-a2dc9d09f0f9">
      <requestDateTime>2016-08-01T12:32:32.702</requestDateTime>
      <recordsCount>110</recordsCount>
      <action name="com.constellio.model.services.batch.actions.ReindexMetadatasBatchProcessAction">
        <argument type="java.util.ArrayList">
          <item type="java.lang.String">folder_default_closingDate</item>
        </argument>
      </action>
      <query>(*:*) AND ((*:* -type_s:index)) AND (collection_s:LaCollectionDeRida) AND (schema_s:folder_*) AND (( *:* ))</query>
      <collection>LaCollectionDeRida</collection>
      <startDateTime>2016-08-01T12:32:32.729</startDateTime>
      <errors>0</errors>
    </batchProcess>
    <batchProcess id="15b11195-0b0f-4c8c-9f12-8276b93c27eb">
      <requestDateTime>2016-08-01T12:32:32.738</requestDateTime>
      <recordsCount>110</recordsCount>
      <action name="com.constellio.model.services.batch.actions.ReindexMetadatasBatchProcessAction">
        <argument type="java.util.ArrayList">
          <item type="java.lang.String">folder_default_copyRulesExpectedDestructionDates</item>
          <item type="java.lang.String">folder_default_closingDate</item>
          <item type="java.lang.String">folder_default_copyRulesExpectedTransferDates</item>
          <item type="java.lang.String">folder_default_copyRulesExpectedDepositDates</item>
          <item type="java.lang.String">folder_default_decommissioningDate</item>
        </argument>
      </action>
      <query>(*:*) AND ((*:* -type_s:index)) AND (collection_s:LaCollectionDeRida) AND (schema_s:folder_*) AND (( *:* ))</query>
      <collection>LaCollectionDeRida</collection>
      <startDateTime>2016-08-01T12:32:32.903</startDateTime>
      <errors>0</errors>
    </batchProcess>
    <batchProcess id="8d74516b-282d-4e87-be7a-7a894686e468">
      <requestDateTime>2016-08-01T12:32:32.751</requestDateTime>
      <recordsCount>15</recordsCount>
      <action name="com.constellio.model.services.batch.actions.ReindexMetadatasBatchProcessAction">
        <argument type="java.util.ArrayList">
          <item type="java.lang.String">document_default_expectedTransferDate</item>
          <item type="java.lang.String">document_default_expectedDepositDate</item>
          <item type="java.lang.String">document_default_expectedDestructionDate</item>
        </argument>
      </action>
      <query>(*:*) AND ((*:* -type_s:index)) AND (collection_s:LaCollectionDeRida) AND (schema_s:document_*) AND (( *:* ))</query>
      <collection>LaCollectionDeRida</collection>
      <startDateTime>2016-08-01T12:32:33.379</startDateTime>
      <errors>0</errors>
    </batchProcess>
    <batchProcess id="b6aaa569-2357-4929-a241-5960d7ce16c3">
      <requestDateTime>2016-08-01T12:32:39.388</requestDateTime>
      <recordsCount>15</recordsCount>
      <action name="com.constellio.model.services.batch.actions.ReindexMetadatasBatchProcessAction">
        <argument type="java.util.ArrayList">
          <item type="java.lang.String">document_default_actualTransferDate</item>
          <item type="java.lang.String">document_default_expectedTransferDate</item>
          <item type="java.lang.String">document_default_applicableCopyRule</item>
          <item type="java.lang.String">document_default_retentionRule</item>
          <item type="java.lang.String">document_default_expectedDepositDate</item>
          <item type="java.lang.String">document_default_mainCopyRule</item>
          <item type="java.lang.String">document_default_expectedDestructionDate</item>
          <item type="java.lang.String">document_default_archivisticStatus</item>
          <item type="java.lang.String">document_default_actualDepositDate</item>
          <item type="java.lang.String">document_default_actualDestructionDate</item>
        </argument>
      </action>
      <query>(*:*) AND ((*:* -type_s:index)) AND (collection_s:LaCollectionDeRida) AND (schema_s:document_*) AND (( *:* ))</query>
      <collection>LaCollectionDeRida</collection>
      <startDateTime>2016-08-01T12:32:39.448</startDateTime>
      <errors>0</errors>
    </batchProcess>
    <batchProcess id="c80821d8-6a0a-42fa-b91d-c56aed77abbe">
      <requestDateTime>2016-08-01T12:32:39.407</requestDateTime>
      <recordsCount>646</recordsCount>
      <action name="com.constellio.model.services.batch.actions.ReindexMetadatasBatchProcessAction">
        <argument type="java.util.ArrayList">
          <item type="java.lang.String">document_default_expectedDestructionDate</item>
          <item type="java.lang.String">document_default_retentionRule</item>
          <item type="java.lang.String">document_default_archivisticStatus</item>
          <item type="java.lang.String">document_default_expectedDepositDate</item>
          <item type="java.lang.String">document_default_actualTransferDate</item>
          <item type="java.lang.String">document_default_actualDepositDate</item>
          <item type="java.lang.String">document_default_expectedTransferDate</item>
          <item type="java.lang.String">document_default_mainCopyRule</item>
          <item type="java.lang.String">document_default_applicableCopyRule</item>
          <item type="java.lang.String">document_default_actualDestructionDate</item>
        </argument>
      </action>
      <query>(*:*) AND ((*:* -type_s:index)) AND (collection_s:zeCollection) AND (schema_s:document_*) AND (( *:* ))</query>
      <collection>zeCollection</collection>
      <startDateTime>2016-08-01T12:32:39.687</startDateTime>
      <errors>0</errors>
    </batchProcess>
  </previousBatchProcesses>
  <pendingBatchProcesses />
  <standbyBatchProcesses />
  <currentBatchProcess />
</root>
