<?xml version="1.0" encoding="UTF-8"?>
<authorizations>
  <authorization id="_U_825cc9ff-fcc6-43d3-922a-c68fb4130328">
    <startDate>1969-12-06</startDate>
    <endDate>1970-01-25</endDate>
    <collection>zeCollection</collection>
    <roles>
      <role>U</role>
    </roles>
    <synced>false</synced>
  </authorization>
  <authorization id="rw__a6840c4c-88d6-495c-bf3b-0933a11ea9b5">
    <startDate>1969-12-06</startDate>
    <endDate>1970-01-25</endDate>
    <collection>zeCollection</collection>
    <roles>
      <role>READ</role>
      <role>WRITE</role>
    </roles>
    <synced>false</synced>
  </authorization>
  <authorization id="_M_593522a1-316d-4b4a-a1d8-18ca3abba9ba">
    <startDate>1969-12-06</startDate>
    <endDate>1970-01-25</endDate>
    <collection>zeCollection</collection>
    <roles>
      <role>M</role>
    </roles>
    <synced>false</synced>
  </authorization>
  <authorization id="rwd__07a28896-c9b7-4eb5-9ea1-4c35d2fea96b">
    <startDate>1969-12-06</startDate>
    <endDate>1970-01-25</endDate>
    <collection>zeCollection</collection>
    <roles>
      <role>READ</role>
      <role>WRITE</role>
      <role>DELETE</role>
    </roles>
    <synced>false</synced>
  </authorization>
  <authorization id="_U_9532659c-7b06-44ca-bd88-89715f2bc197">
    <startDate>1969-12-06</startDate>
    <endDate>1970-01-25</endDate>
    <collection>zeCollection</collection>
    <roles>
      <role>U</role>
    </roles>
    <synced>false</synced>
  </authorization>
  <authorization id="rw__34a281ed-3183-473a-90f3-2ef7611504fa">
    <startDate>1969-12-06</startDate>
    <endDate>1970-01-25</endDate>
    <collection>zeCollection</collection>
    <roles>
      <role>READ</role>
      <role>WRITE</role>
    </roles>
    <synced>false</synced>
  </authorization>
  <authorization id="_M_7b7f45cd-7157-4d66-949f-ffd2fece9a7a">
    <startDate>1969-12-06</startDate>
    <endDate>1970-01-25</endDate>
    <collection>zeCollection</collection>
    <roles>
      <role>M</role>
    </roles>
    <synced>false</synced>
  </authorization>
  <authorization id="rwd__ecb4c8c1-43a6-4b61-9426-1971070edc34">
    <startDate>1969-12-06</startDate>
    <endDate>1970-01-25</endDate>
    <collection>zeCollection</collection>
    <roles>
      <role>READ</role>
      <role>WRITE</role>
      <role>DELETE</role>
    </roles>
    <synced>false</synced>
  </authorization>
  <authorization id="_U_612ec9bc-4298-483d-8e1f-5e5ae4c31941">
    <startDate>1969-12-06</startDate>
    <endDate>1970-01-25</endDate>
    <collection>zeCollection</collection>
    <roles>
      <role>U</role>
    </roles>
    <synced>false</synced>
  </authorization>
  <authorization id="rw__962cf595-530d-4444-b1d1-549d3c46d387">
    <startDate>1969-12-06</startDate>
    <endDate>1970-01-25</endDate>
    <collection>zeCollection</collection>
    <roles>
      <role>READ</role>
      <role>WRITE</role>
    </roles>
    <synced>false</synced>
  </authorization>
  <authorization id="_M_d2bec714-77dd-4bab-9303-f848323904cf">
    <startDate>1969-12-06</startDate>
    <endDate>1970-01-25</endDate>
    <collection>zeCollection</collection>
    <roles>
      <role>M</role>
    </roles>
    <synced>false</synced>
  </authorization>
  <authorization id="rwd__537bcf2f-5d1b-4a2a-a8f2-7260c35fc11e">
    <startDate>1969-12-06</startDate>
    <endDate>1970-01-25</endDate>
    <collection>zeCollection</collection>
    <roles>
      <role>READ</role>
      <role>WRITE</role>
      <role>DELETE</role>
    </roles>
    <synced>false</synced>
  </authorization>
  <authorization id="_U_cb070d34-230d-44b2-b3c8-cb85c39b5da9">
    <startDate>1969-12-06</startDate>
    <endDate>1970-01-25</endDate>
    <collection>zeCollection</collection>
    <roles>
      <role>U</role>
    </roles>
    <synced>false</synced>
  </authorization>
  <authorization id="rw__86381106-42fa-4b0a-875a-cafbc301aef0">
    <startDate>1969-12-06</startDate>
    <endDate>1970-01-25</endDate>
    <collection>zeCollection</collection>
    <roles>
      <role>READ</role>
      <role>WRITE</role>
    </roles>
    <synced>false</synced>
  </authorization>
  <authorization id="_M_b81e171b-b032-4ab9-bb73-44da68c6ffe6">
    <startDate>1969-12-06</startDate>
    <endDate>1970-01-25</endDate>
    <collection>zeCollection</collection>
    <roles>
      <role>M</role>
    </roles>
    <synced>false</synced>
  </authorization>
  <authorization id="rwd__54571404-1e92-40f9-a2e6-4a16c87e6ff1">
    <startDate>1969-12-06</startDate>
    <endDate>1970-01-25</endDate>
    <collection>zeCollection</collection>
    <roles>
      <role>READ</role>
      <role>WRITE</role>
      <role>DELETE</role>
    </roles>
    <synced>false</synced>
  </authorization>
</authorizations>
