<?xml version="1.0" encoding="UTF-8"?>
<root>
  <previousBatchProcesses>
    <batchProcess id="2df47bc2-5b16-4869-bb94-228c494c71af">
      <requestDateTime>2015-08-27T22:16:59.467</requestDateTime>
      <recordsCount>2</recordsCount>
      <action name="com.constellio.model.services.batch.actions.ReindexMetadatasBatchProcessAction">
        <argument type="java.util.ArrayList">
          <item type="java.lang.String">administrativeUnit_default_inheritedauthorizations</item>
        </argument>
      </action>
      <collection>zeCollection</collection>
      <startDateTime>2015-08-27T22:16:59.504</startDateTime>
      <progression>2</progression>
      <errors>0</errors>
    </batchProcess>
    <batchProcess id="previousWithErrors1">
      <requestDateTime>2015-08-27T22:16:59.535</requestDateTime>
      <recordsCount>2</recordsCount>
      <action name="com.constellio.model.services.batch.actions.ReindexMetadatasBatchProcessAction">
        <argument type="java.util.ArrayList">
          <item type="java.lang.String">administrativeUnit_default_inheritedauthorizations</item>
        </argument>
      </action>
      <collection>zeCollection</collection>
      <startDateTime>2015-08-27T22:16:59.576</startDateTime>
      <progression>2</progression>
      <errors>2</errors>
    </batchProcess>
    <batchProcess id="previousWithoutErrors1">
      <requestDateTime>2015-08-27T22:16:59.535</requestDateTime>
      <recordsCount>2</recordsCount>
      <action name="com.constellio.model.services.batch.actions.ReindexMetadatasBatchProcessAction">
        <argument type="java.util.ArrayList">
          <item type="java.lang.String">administrativeUnit_default_inheritedauthorizations</item>
        </argument>
      </action>
      <collection>zeCollection</collection>
      <startDateTime>2015-08-27T22:16:59.576</startDateTime>
      <progression>2</progression>
      <errors>0</errors>
    </batchProcess>
    <batchProcess id="ed53a3b4-e3c1-4d53-a353-3d98d100042f">
      <requestDateTime>2015-08-27T22:16:59.534</requestDateTime>
      <recordsCount>2</recordsCount>
      <action name="com.constellio.model.services.batch.actions.ReindexMetadatasBatchProcessAction">
        <argument type="java.util.ArrayList">
          <item type="java.lang.String">administrativeUnit_default_inheritedauthorizations</item>
        </argument>
      </action>
      <collection>zeCollection</collection>
      <startDateTime>2015-08-27T22:16:59.575</startDateTime>
      <progression>2</progression>
      <errors>0</errors>
    </batchProcess>
    <batchProcess id="previousWithErrors2">
      <requestDateTime>2015-08-27T22:16:59.535</requestDateTime>
      <recordsCount>2</recordsCount>
      <action name="com.constellio.model.services.batch.actions.ReindexMetadatasBatchProcessAction">
        <argument type="java.util.ArrayList">
          <item type="java.lang.String">administrativeUnit_default_inheritedauthorizations</item>
        </argument>
      </action>
      <collection>zeCollection</collection>
      <startDateTime>2015-08-27T22:16:59.576</startDateTime>
      <progression>2</progression>
      <errors>2</errors>
    </batchProcess>
    <batchProcess id="previousWithoutErrors2">
      <requestDateTime>2015-08-27T22:16:59.535</requestDateTime>
      <recordsCount>2</recordsCount>
      <action name="com.constellio.model.services.batch.actions.ReindexMetadatasBatchProcessAction">
        <argument type="java.util.ArrayList">
          <item type="java.lang.String">administrativeUnit_default_inheritedauthorizations</item>
        </argument>
      </action>
      <collection>zeCollection</collection>
      <startDateTime>2015-08-27T22:16:59.576</startDateTime>
      <progression>2</progression>
      <errors>0</errors>
    </batchProcess>
  </previousBatchProcesses>
  <pendingBatchProcesses>
    <batchProcess id="897d1806-3dc2-4480-9ef7-c3dbe77a5caf">
      <requestDateTime>2015-08-27T22:17:23.693</requestDateTime>
      <recordsCount>2</recordsCount>
      <action name="com.constellio.model.services.batch.actions.ReindexMetadatasBatchProcessAction">
        <argument type="java.util.ArrayList">
          <item type="java.lang.String">category_default_inheritedauthorizations</item>
          <item type="java.lang.String">category_default_parentpath</item>
        </argument>
      </action>
      <collection>zeCollection</collection>
    </batchProcess>
  </pendingBatchProcesses>
  <currentBatchProcess />
  <standbyBatchProcesses />
</root>
