<?xml version="1.0" encoding="UTF-8"?>
<root>
  <previousBatchProcesses>
    <batchProcess id="1a9c8929-3777-425c-8323-575bb0b76950">
      <requestDateTime>2017-01-11T11:05:10.054</requestDateTime>
      <recordsCount>3</recordsCount>
      <action name="com.constellio.model.services.batch.actions.ReindexMetadatasBatchProcessAction">
        <argument type="java.util.ArrayList">
          <item type="java.lang.String">administrativeUnit_default_inheritedauthorizations</item>
        </argument>
      </action>
      <query>(*:*) AND ((*:* -type_s:index)) AND (collection_s:zeCollection) AND (schema_s:administrativeUnit_*) AND (( parentPId_s:"unitId_10" ))</query>
      <collection>zeCollection</collection>
      <startDateTime>2017-01-11T11:05:10.086</startDateTime>
      <errors>0</errors>
    </batchProcess>
    <batchProcess id="2e41b6f0-83af-48c9-b6e1-a319b877a50c">
      <requestDateTime>2017-01-11T11:05:10.125</requestDateTime>
      <recordsCount>3</recordsCount>
      <action name="com.constellio.model.services.batch.actions.ReindexMetadatasBatchProcessAction">
        <argument type="java.util.ArrayList">
          <item type="java.lang.String">administrativeUnit_default_inheritedauthorizations</item>
        </argument>
      </action>
      <query>(*:*) AND ((*:* -type_s:index)) AND (collection_s:zeCollection) AND (schema_s:administrativeUnit_*) AND (( parentPId_s:"unitId_10" ))</query>
      <collection>zeCollection</collection>
      <startDateTime>2017-01-11T11:05:10.199</startDateTime>
      <errors>0</errors>
    </batchProcess>
    <batchProcess id="8c850990-212b-4880-942d-5c0c26d89922">
      <requestDateTime>2017-01-11T11:05:10.202</requestDateTime>
      <recordsCount>3</recordsCount>
      <action name="com.constellio.model.services.batch.actions.ReindexMetadatasBatchProcessAction">
        <argument type="java.util.ArrayList">
          <item type="java.lang.String">administrativeUnit_default_inheritedauthorizations</item>
        </argument>
      </action>
      <query>(*:*) AND ((*:* -type_s:index)) AND (collection_s:zeCollection) AND (schema_s:administrativeUnit_*) AND (( parentPId_s:"unitId_10" ))</query>
      <collection>zeCollection</collection>
      <startDateTime>2017-01-11T11:05:10.283</startDateTime>
      <errors>0</errors>
    </batchProcess>
    <batchProcess id="af1150b1-0306-4658-900d-2288e6530f4d">
      <requestDateTime>2017-01-11T11:05:10.261</requestDateTime>
      <recordsCount>3</recordsCount>
      <action name="com.constellio.model.services.batch.actions.ReindexMetadatasBatchProcessAction">
        <argument type="java.util.ArrayList">
          <item type="java.lang.String">administrativeUnit_default_inheritedauthorizations</item>
        </argument>
      </action>
      <query>(*:*) AND ((*:* -type_s:index)) AND (collection_s:zeCollection) AND (schema_s:administrativeUnit_*) AND (( parentPId_s:"unitId_10" ))</query>
      <collection>zeCollection</collection>
      <startDateTime>2017-01-11T11:05:10.366</startDateTime>
      <errors>0</errors>
    </batchProcess>
    <batchProcess id="3faabfc7-217e-45b2-a458-9aa7e8626c54">
      <requestDateTime>2017-01-11T11:05:10.358</requestDateTime>
      <recordsCount>1</recordsCount>
      <action name="com.constellio.model.services.batch.actions.ReindexMetadatasBatchProcessAction">
        <argument type="java.util.ArrayList">
          <item type="java.lang.String">administrativeUnit_default_inheritedauthorizations</item>
        </argument>
      </action>
      <query>(*:*) AND ((*:* -type_s:index)) AND (collection_s:zeCollection) AND (schema_s:administrativeUnit_*) AND (( parentPId_s:"unitId_11" ))</query>
      <collection>zeCollection</collection>
      <startDateTime>2017-01-11T11:05:10.391</startDateTime>
      <errors>0</errors>
    </batchProcess>
    <batchProcess id="b5907e4a-5ff4-40cb-9874-d30f757f7f72">
      <requestDateTime>2017-01-11T11:05:10.446</requestDateTime>
      <recordsCount>1</recordsCount>
      <action name="com.constellio.model.services.batch.actions.ReindexMetadatasBatchProcessAction">
        <argument type="java.util.ArrayList">
          <item type="java.lang.String">administrativeUnit_default_inheritedauthorizations</item>
        </argument>
      </action>
      <query>(*:*) AND ((*:* -type_s:index)) AND (collection_s:zeCollection) AND (schema_s:administrativeUnit_*) AND (( parentPId_s:"unitId_11" ))</query>
      <collection>zeCollection</collection>
      <startDateTime>2017-01-11T11:05:10.480</startDateTime>
      <errors>0</errors>
    </batchProcess>
    <batchProcess id="b1c6d006-4904-45ef-bb2f-9a4a0f4aa70f">
      <requestDateTime>2017-01-11T11:05:10.518</requestDateTime>
      <recordsCount>1</recordsCount>
      <action name="com.constellio.model.services.batch.actions.ReindexMetadatasBatchProcessAction">
        <argument type="java.util.ArrayList">
          <item type="java.lang.String">administrativeUnit_default_inheritedauthorizations</item>
        </argument>
      </action>
      <query>(*:*) AND ((*:* -type_s:index)) AND (collection_s:zeCollection) AND (schema_s:administrativeUnit_*) AND (( parentPId_s:"unitId_11" ))</query>
      <collection>zeCollection</collection>
      <startDateTime>2017-01-11T11:05:10.556</startDateTime>
      <errors>0</errors>
    </batchProcess>
    <batchProcess id="85d2b961-adab-4258-b4a8-a5cf854ce399">
      <requestDateTime>2017-01-11T11:05:10.589</requestDateTime>
      <recordsCount>1</recordsCount>
      <action name="com.constellio.model.services.batch.actions.ReindexMetadatasBatchProcessAction">
        <argument type="java.util.ArrayList">
          <item type="java.lang.String">administrativeUnit_default_inheritedauthorizations</item>
        </argument>
      </action>
      <query>(*:*) AND ((*:* -type_s:index)) AND (collection_s:zeCollection) AND (schema_s:administrativeUnit_*) AND (( parentPId_s:"unitId_11" ))</query>
      <collection>zeCollection</collection>
      <startDateTime>2017-01-11T11:05:10.618</startDateTime>
      <errors>0</errors>
    </batchProcess>
    <batchProcess id="370ec7e2-f96d-41b1-960a-f4148af0bb0c">
      <requestDateTime>2017-01-11T11:05:10.647</requestDateTime>
      <recordsCount>2</recordsCount>
      <action name="com.constellio.model.services.batch.actions.ReindexMetadatasBatchProcessAction">
        <argument type="java.util.ArrayList">
          <item type="java.lang.String">administrativeUnit_default_inheritedauthorizations</item>
        </argument>
      </action>
      <query>(*:*) AND ((*:* -type_s:index)) AND (collection_s:zeCollection) AND (schema_s:administrativeUnit_*) AND (( parentPId_s:"unitId_12" ))</query>
      <collection>zeCollection</collection>
      <startDateTime>2017-01-11T11:05:10.675</startDateTime>
      <errors>0</errors>
    </batchProcess>
    <batchProcess id="033187c7-dca4-4cde-8321-54fa3be5c5c0">
      <requestDateTime>2017-01-11T11:05:10.705</requestDateTime>
      <recordsCount>2</recordsCount>
      <action name="com.constellio.model.services.batch.actions.ReindexMetadatasBatchProcessAction">
        <argument type="java.util.ArrayList">
          <item type="java.lang.String">administrativeUnit_default_inheritedauthorizations</item>
        </argument>
      </action>
      <query>(*:*) AND ((*:* -type_s:index)) AND (collection_s:zeCollection) AND (schema_s:administrativeUnit_*) AND (( parentPId_s:"unitId_12" ))</query>
      <collection>zeCollection</collection>
      <startDateTime>2017-01-11T11:05:10.733</startDateTime>
      <errors>0</errors>
    </batchProcess>
    <batchProcess id="b0b6bb34-6114-4f2a-9653-e08987196a6e">
      <requestDateTime>2017-01-11T11:05:10.765</requestDateTime>
      <recordsCount>2</recordsCount>
      <action name="com.constellio.model.services.batch.actions.ReindexMetadatasBatchProcessAction">
        <argument type="java.util.ArrayList">
          <item type="java.lang.String">administrativeUnit_default_inheritedauthorizations</item>
        </argument>
      </action>
      <query>(*:*) AND ((*:* -type_s:index)) AND (collection_s:zeCollection) AND (schema_s:administrativeUnit_*) AND (( parentPId_s:"unitId_12" ))</query>
      <collection>zeCollection</collection>
      <startDateTime>2017-01-11T11:05:10.793</startDateTime>
      <errors>0</errors>
    </batchProcess>
    <batchProcess id="8e09bb5a-d315-41ab-a932-076968e40823">
      <requestDateTime>2017-01-11T11:05:10.829</requestDateTime>
      <recordsCount>2</recordsCount>
      <action name="com.constellio.model.services.batch.actions.ReindexMetadatasBatchProcessAction">
        <argument type="java.util.ArrayList">
          <item type="java.lang.String">administrativeUnit_default_inheritedauthorizations</item>
        </argument>
      </action>
      <query>(*:*) AND ((*:* -type_s:index)) AND (collection_s:zeCollection) AND (schema_s:administrativeUnit_*) AND (( parentPId_s:"unitId_12" ))</query>
      <collection>zeCollection</collection>
      <startDateTime>2017-01-11T11:05:10.855</startDateTime>
      <errors>0</errors>
    </batchProcess>
    <batchProcess id="23018e95-a514-4fb5-adcf-586cef7a93b4">
      <requestDateTime>2017-01-11T11:05:10.887</requestDateTime>
      <recordsCount>1</recordsCount>
      <action name="com.constellio.model.services.batch.actions.ReindexMetadatasBatchProcessAction">
        <argument type="java.util.ArrayList">
          <item type="java.lang.String">administrativeUnit_default_inheritedauthorizations</item>
        </argument>
      </action>
      <query>(*:*) AND ((*:* -type_s:index)) AND (collection_s:zeCollection) AND (schema_s:administrativeUnit_*) AND (( parentPId_s:"unitId_30" ))</query>
      <collection>zeCollection</collection>
      <startDateTime>2017-01-11T11:05:10.917</startDateTime>
      <errors>0</errors>
    </batchProcess>
    <batchProcess id="0ecde886-649a-4b09-8fb0-b3f037dca65a">
      <requestDateTime>2017-01-11T11:05:10.945</requestDateTime>
      <recordsCount>1</recordsCount>
      <action name="com.constellio.model.services.batch.actions.ReindexMetadatasBatchProcessAction">
        <argument type="java.util.ArrayList">
          <item type="java.lang.String">administrativeUnit_default_inheritedauthorizations</item>
        </argument>
      </action>
      <query>(*:*) AND ((*:* -type_s:index)) AND (collection_s:zeCollection) AND (schema_s:administrativeUnit_*) AND (( parentPId_s:"unitId_30" ))</query>
      <collection>zeCollection</collection>
      <startDateTime>2017-01-11T11:05:10.977</startDateTime>
      <errors>0</errors>
    </batchProcess>
    <batchProcess id="98fffdf1-7d8d-435c-8f8f-20d74592f5a3">
      <requestDateTime>2017-01-11T11:05:11.006</requestDateTime>
      <recordsCount>1</recordsCount>
      <action name="com.constellio.model.services.batch.actions.ReindexMetadatasBatchProcessAction">
        <argument type="java.util.ArrayList">
          <item type="java.lang.String">administrativeUnit_default_inheritedauthorizations</item>
        </argument>
      </action>
      <query>(*:*) AND ((*:* -type_s:index)) AND (collection_s:zeCollection) AND (schema_s:administrativeUnit_*) AND (( parentPId_s:"unitId_30" ))</query>
      <collection>zeCollection</collection>
      <startDateTime>2017-01-11T11:05:11.034</startDateTime>
      <errors>0</errors>
    </batchProcess>
    <batchProcess id="e4e0412f-9c67-433c-9db2-9b0a95c5fb61">
      <requestDateTime>2017-01-11T11:05:11.063</requestDateTime>
      <recordsCount>1</recordsCount>
      <action name="com.constellio.model.services.batch.actions.ReindexMetadatasBatchProcessAction">
        <argument type="java.util.ArrayList">
          <item type="java.lang.String">administrativeUnit_default_inheritedauthorizations</item>
        </argument>
      </action>
      <query>(*:*) AND ((*:* -type_s:index)) AND (collection_s:zeCollection) AND (schema_s:administrativeUnit_*) AND (( parentPId_s:"unitId_30" ))</query>
      <collection>zeCollection</collection>
      <startDateTime>2017-01-11T11:05:11.089</startDateTime>
      <errors>0</errors>
    </batchProcess>
    <batchProcess id="67ecbe78-e49d-456a-9651-9128c0a5bfbb">
      <requestDateTime>2017-01-11T11:05:11.965</requestDateTime>
      <recordsCount>8</recordsCount>
      <action name="com.constellio.model.services.batch.actions.ReindexMetadatasBatchProcessAction">
        <argument type="java.util.ArrayList">
          <item type="java.lang.String">document_default_inheritedauthorizations</item>
        </argument>
      </action>
      <query>(*:*) AND ((*:* -type_s:index)) AND (collection_s:zeCollection) AND (schema_s:document_*) AND (( folderPId_s:"A01" OR folderPId_s:"A02" ))</query>
      <collection>zeCollection</collection>
      <startDateTime>2017-01-11T11:05:11.995</startDateTime>
      <errors>0</errors>
    </batchProcess>
  </previousBatchProcesses>
  <pendingBatchProcesses />
  <standbyBatchProcesses />
  <currentBatchProcess />
</root>
