<?xml version="1.0" encoding="UTF-8"?>
<root>
  <previousBatchProcesses />
  <pendingBatchProcesses />
  <standbyBatchProcesses />
  <currentBatchProcess>
    <batchProcess id="1ca2d7c3-594a-4d91-b3c6-674d7515c987">
      <requestDateTime>2017-07-21T13:14:00.793</requestDateTime>
      <recordsCount>105</recordsCount>
      <action name="com.constellio.model.services.batch.actions.ChangeValueOfMetadataBatchProcessAction">
        <argument type="java.util.HashMap">
          <entry>
            <key type="java.lang.String">folder_default_keywords</key>
            <value type="java.util.ArrayList">
              <item type="java.lang.String">newKeywords</item>
            </value>
          </entry>
        </argument>
      </action>
      <query>fq=collection_s:zeCollection&amp;fq=schema_s:folder_*&amp;fq=tokens_ss:A38+OR+collection_s:zeCollection+OR+tokens_ss:w_00000000059+OR+schema_s:containerRecord_*+OR+schema_s:storageSpace_*+OR+(attachedAncestors_ss:unitId_30+AND+-(allRemovedAuths_ss:00000000093))+OR+(attachedAncestors_ss:unitId_10+AND+-(allRemovedAuths_ss:00000000081))+OR+(attachedAncestors_ss:unitId_11+AND+-(allRemovedAuths_ss:00000000085))+OR+(attachedAncestors_ss:unitId_12+AND+-(allRemovedAuths_ss:00000000089))&amp;fq=(+(+(+(title_t_fr:*)+)+AND+(+(*:*+-id:"_impossible_value_a38_"+)+AND+(id:*)+)+)+AND+(+(*:*+-deleted_s:__TRUE__)+)+)&amp;qt=/spell&amp;shards.qt=/spell&amp;q=*:*&amp;rows=1000&amp;start=0</query>
      <collection>zeCollection</collection>
      <username>admin</username>
      <title>userBatchProcess</title>
      <startDateTime>2017-07-21T13:14:00.815</startDateTime>
    </batchProcess>
  </currentBatchProcess>
</root>
