<?xml version="1.0" encoding="UTF-8"?>
<display>
  <SchemaDisplayConfigs SchemaCode="connectorInstance_http">
    <DisplayMetadataCodes>
      <connectorInstance_http_code />
      <connectorInstance_http_title />
      <connectorInstance_http_connectorType />
      <connectorInstance_http_traversalCode />
      <connectorInstance_http_createdBy />
      <connectorInstance_http_createdOn />
      <connectorInstance_http_modifiedBy />
      <connectorInstance_http_enabled />
      <connectorInstance_http_onDemands />
      <connectorInstance_http_seeds />
      <connectorInstance_http_modifiedOn />
    </DisplayMetadataCodes>
    <FormMetadataCodes>
      <connectorInstance_http_code />
      <connectorInstance_http_title />
      <connectorInstance_http_traversalCode />
      <connectorInstance_http_connectorType />
      <connectorInstance_http_enabled />
      <connectorInstance_http_propertiesMapping />
      <connectorInstance_http_onDemands />
      <connectorInstance_http_seeds />
    </FormMetadataCodes>
    <SearchResultsMetadataCodes>
      <connectorInstance_http_title />
      <connectorInstance_http_connectorType />
      <connectorInstance_http_traversalCode />
    </SearchResultsMetadataCodes>
  </SchemaDisplayConfigs>
  <SchemaDisplayConfigs SchemaCode="connectorInstance_default">
    <DisplayMetadataCodes>
      <connectorInstance_default_code />
      <connectorInstance_default_title />
      <connectorInstance_default_connectorType />
      <connectorInstance_default_traversalCode />
      <connectorInstance_default_createdBy />
      <connectorInstance_default_createdOn />
      <connectorInstance_default_modifiedBy />
      <connectorInstance_default_enabled />
      <connectorInstance_default_modifiedOn />
    </DisplayMetadataCodes>
    <FormMetadataCodes>
      <connectorInstance_default_code />
      <connectorInstance_default_title />
      <connectorInstance_default_traversalCode />
      <connectorInstance_default_connectorType />
      <connectorInstance_default_enabled />
      <connectorInstance_default_propertiesMapping />
    </FormMetadataCodes>
    <SearchResultsMetadataCodes>
      <connectorInstance_default_title />
      <connectorInstance_default_connectorType />
      <connectorInstance_default_traversalCode />
    </SearchResultsMetadataCodes>
  </SchemaDisplayConfigs>
  <SchemaTypeDisplayConfigs>
    <connectorHttpDocument manageable="false" simpleSearch="true" advancedSearch="true">
      <MetadataGroupsLabels>
        <MetadataGroupLabel name="Default" />
      </MetadataGroupsLabels>
    </connectorHttpDocument>
    <connectorSmbDocument manageable="false" simpleSearch="true" advancedSearch="true">
      <MetadataGroupsLabels>
        <MetadataGroupLabel name="Default" />
      </MetadataGroupsLabels>
    </connectorSmbDocument>
  </SchemaTypeDisplayConfigs>
  <SchemaDisplayConfigs SchemaCode="connectorInstance_smb">
    <DisplayMetadataCodes>
      <connectorInstance_smb_connectorType />
      <connectorInstance_smb_code />
      <connectorInstance_smb_title />
      <connectorInstance_smb_domain />
      <connectorInstance_smb_username />
      <connectorInstance_smb_smbSeeds />
      <connectorInstance_smb_exclusions />
      <connectorInstance_smb_inclusions />
      <connectorInstance_smb_enabled />
    </DisplayMetadataCodes>
    <FormMetadataCodes>
      <connectorInstance_smb_connectorType />
      <connectorInstance_smb_code />
      <connectorInstance_smb_title />
      <connectorInstance_smb_domain />
      <connectorInstance_smb_username />
      <connectorInstance_smb_password />
      <connectorInstance_smb_smbSeeds />
      <connectorInstance_smb_exclusions />
      <connectorInstance_smb_inclusions />
      <connectorInstance_smb_enabled />
      <connectorInstance_smb_traversalCode />
      <connectorInstance_smb_propertiesMapping />
    </FormMetadataCodes>
    <SearchResultsMetadataCodes>
      <connectorInstance_smb_title />
      <connectorInstance_smb_connectorType />
      <connectorInstance_smb_traversalCode />
    </SearchResultsMetadataCodes>
  </SchemaDisplayConfigs>
  <MetadataDisplayConfigs>
    <connectorInstance_smb_traversalCode VisibleInAdvancedSearch="false" InputType="HIDDEN" Highlight="false" metadataGroup="" />
    <connectorInstance_smb_propertiesMapping VisibleInAdvancedSearch="false" InputType="HIDDEN" Highlight="false" metadataGroup="" />
    <connectorInstance_smb_password VisibleInAdvancedSearch="false" InputType="PASSWORD" Highlight="false" metadataGroup="" />
  </MetadataDisplayConfigs>
</display>
