<?xml version="1.0" encoding="UTF-8"?>
<authorizations>
  <authorization id="_U_d1572649-0a14-4533-a654-f24a186a905a">
    <startDate>1969-12-06</startDate>
    <endDate>1970-01-25</endDate>
    <collection>zeCollection</collection>
    <roles>
      <role>U</role>
    </roles>
    <synced>false</synced>
  </authorization>
  <authorization id="rw__7daaa529-4331-4a88-8ecf-b94576003f4f">
    <startDate>1969-12-06</startDate>
    <endDate>1970-01-25</endDate>
    <collection>zeCollection</collection>
    <roles>
      <role>READ</role>
      <role>WRITE</role>
    </roles>
    <synced>false</synced>
  </authorization>
  <authorization id="_M_25eec74a-b770-4426-8899-ccd1f7fa3588">
    <startDate>1969-12-06</startDate>
    <endDate>1970-01-25</endDate>
    <collection>zeCollection</collection>
    <roles>
      <role>M</role>
    </roles>
    <synced>false</synced>
  </authorization>
  <authorization id="rwd__6f598c32-6955-4f1b-8c96-7a1cdb65565b">
    <startDate>1969-12-06</startDate>
    <endDate>1970-01-25</endDate>
    <collection>zeCollection</collection>
    <roles>
      <role>READ</role>
      <role>WRITE</role>
      <role>DELETE</role>
    </roles>
    <synced>false</synced>
  </authorization>
  <authorization id="_U_ca7e6455-fb02-408f-a293-646633d622e0">
    <startDate>1969-12-06</startDate>
    <endDate>1970-01-25</endDate>
    <collection>zeCollection</collection>
    <roles>
      <role>U</role>
    </roles>
    <synced>false</synced>
  </authorization>
  <authorization id="rw__62be0dd9-2496-4df3-9a55-7e5670a845a6">
    <startDate>1969-12-06</startDate>
    <endDate>1970-01-25</endDate>
    <collection>zeCollection</collection>
    <roles>
      <role>READ</role>
      <role>WRITE</role>
    </roles>
    <synced>false</synced>
  </authorization>
  <authorization id="_M_3f6e6f9f-9195-4587-8f0c-1da338ca2d0b">
    <startDate>1969-12-06</startDate>
    <endDate>1970-01-25</endDate>
    <collection>zeCollection</collection>
    <roles>
      <role>M</role>
    </roles>
    <synced>false</synced>
  </authorization>
  <authorization id="rwd__6ba351ab-3371-4f5c-9a5f-d53437e78223">
    <startDate>1969-12-06</startDate>
    <endDate>1970-01-25</endDate>
    <collection>zeCollection</collection>
    <roles>
      <role>READ</role>
      <role>WRITE</role>
      <role>DELETE</role>
    </roles>
    <synced>false</synced>
  </authorization>
  <authorization id="_U_b01f45f8-1073-44b7-acdd-5514dea553fe">
    <startDate>1969-12-06</startDate>
    <endDate>1970-01-25</endDate>
    <collection>zeCollection</collection>
    <roles>
      <role>U</role>
    </roles>
    <synced>false</synced>
  </authorization>
  <authorization id="rw__3f1cb370-1e45-4989-9265-9b5cdf5265bc">
    <startDate>1969-12-06</startDate>
    <endDate>1970-01-25</endDate>
    <collection>zeCollection</collection>
    <roles>
      <role>READ</role>
      <role>WRITE</role>
    </roles>
    <synced>false</synced>
  </authorization>
  <authorization id="_M_e956b2ae-1818-49e4-9ee3-02fda2465d7b">
    <startDate>1969-12-06</startDate>
    <endDate>1970-01-25</endDate>
    <collection>zeCollection</collection>
    <roles>
      <role>M</role>
    </roles>
    <synced>false</synced>
  </authorization>
  <authorization id="rwd__b92fa167-980e-4810-b97d-5a634f4df899">
    <startDate>1969-12-06</startDate>
    <endDate>1970-01-25</endDate>
    <collection>zeCollection</collection>
    <roles>
      <role>READ</role>
      <role>WRITE</role>
      <role>DELETE</role>
    </roles>
    <synced>false</synced>
  </authorization>
  <authorization id="_U_97fa35bb-37d9-41ff-8731-5aefdfdc3ac4">
    <startDate>1969-12-06</startDate>
    <endDate>1970-01-25</endDate>
    <collection>zeCollection</collection>
    <roles>
      <role>U</role>
    </roles>
    <synced>false</synced>
  </authorization>
  <authorization id="rw__7532cd4b-9673-4b40-8f38-2e4a63d915f5">
    <startDate>1969-12-06</startDate>
    <endDate>1970-01-25</endDate>
    <collection>zeCollection</collection>
    <roles>
      <role>READ</role>
      <role>WRITE</role>
    </roles>
    <synced>false</synced>
  </authorization>
  <authorization id="_M_5f93da5d-75be-49d7-82e2-fa3d20f0725d">
    <startDate>1969-12-06</startDate>
    <endDate>1970-01-25</endDate>
    <collection>zeCollection</collection>
    <roles>
      <role>M</role>
    </roles>
    <synced>false</synced>
  </authorization>
  <authorization id="rwd__059182dc-78a0-4f9f-9f54-fe5f3784b05d">
    <startDate>1969-12-06</startDate>
    <endDate>1970-01-25</endDate>
    <collection>zeCollection</collection>
    <roles>
      <role>READ</role>
      <role>WRITE</role>
      <role>DELETE</role>
    </roles>
    <synced>false</synced>
  </authorization>
</authorizations>
