<?xml version="1.0" encoding="UTF-8"?>
<root>
  <previousBatchProcesses>
    <batchProcess id="c23e55b3-0f2d-448a-8a5c-963012e29daf">
      <requestDateTime>2016-03-10T08:26:40.525</requestDateTime>
      <recordsCount>3</recordsCount>
      <action name="com.constellio.model.services.batch.actions.ReindexMetadatasBatchProcessAction">
        <argument type="java.util.ArrayList">
          <item type="java.lang.String">administrativeUnit_default_inheritedauthorizations</item>
        </argument>
      </action>
      <query>(*:*) AND ((*:* -type_s:index)) AND (collection_s:zeCollection) AND (schema_s:administrativeUnit_*) AND (( parentPId_s:"unitId_10" ))</query>
      <collection>zeCollection</collection>
      <startDateTime>2016-03-10T08:26:40.554</startDateTime>
      <errors>0</errors>
    </batchProcess>
    <batchProcess id="b4edb0b7-16af-40c3-a7a0-db3ca9c90b05">
      <requestDateTime>2016-03-10T08:26:40.585</requestDateTime>
      <recordsCount>3</recordsCount>
      <action name="com.constellio.model.services.batch.actions.ReindexMetadatasBatchProcessAction">
        <argument type="java.util.ArrayList">
          <item type="java.lang.String">administrativeUnit_default_inheritedauthorizations</item>
        </argument>
      </action>
      <query>(*:*) AND ((*:* -type_s:index)) AND (collection_s:zeCollection) AND (schema_s:administrativeUnit_*) AND (( parentPId_s:"unitId_10" ))</query>
      <collection>zeCollection</collection>
      <startDateTime>2016-03-10T08:26:40.649</startDateTime>
      <errors>0</errors>
    </batchProcess>
    <batchProcess id="c4e43ba0-2fa5-43f0-bea5-9c494b06f2f2">
      <requestDateTime>2016-03-10T08:26:40.647</requestDateTime>
      <recordsCount>3</recordsCount>
      <action name="com.constellio.model.services.batch.actions.ReindexMetadatasBatchProcessAction">
        <argument type="java.util.ArrayList">
          <item type="java.lang.String">administrativeUnit_default_inheritedauthorizations</item>
        </argument>
      </action>
      <query>(*:*) AND ((*:* -type_s:index)) AND (collection_s:zeCollection) AND (schema_s:administrativeUnit_*) AND (( parentPId_s:"unitId_10" ))</query>
      <collection>zeCollection</collection>
      <startDateTime>2016-03-10T08:26:40.729</startDateTime>
      <errors>0</errors>
    </batchProcess>
    <batchProcess id="7e470491-301c-4081-a11c-99194c3a9174">
      <requestDateTime>2016-03-10T08:26:40.700</requestDateTime>
      <recordsCount>3</recordsCount>
      <action name="com.constellio.model.services.batch.actions.ReindexMetadatasBatchProcessAction">
        <argument type="java.util.ArrayList">
          <item type="java.lang.String">administrativeUnit_default_inheritedauthorizations</item>
        </argument>
      </action>
      <query>(*:*) AND ((*:* -type_s:index)) AND (collection_s:zeCollection) AND (schema_s:administrativeUnit_*) AND (( parentPId_s:"unitId_10" ))</query>
      <collection>zeCollection</collection>
      <startDateTime>2016-03-10T08:26:40.806</startDateTime>
      <errors>0</errors>
    </batchProcess>
    <batchProcess id="c39d04b4-b789-425b-bd31-3b5823c8f667">
      <requestDateTime>2016-03-10T08:26:40.797</requestDateTime>
      <recordsCount>1</recordsCount>
      <action name="com.constellio.model.services.batch.actions.ReindexMetadatasBatchProcessAction">
        <argument type="java.util.ArrayList">
          <item type="java.lang.String">administrativeUnit_default_inheritedauthorizations</item>
        </argument>
      </action>
      <query>(*:*) AND ((*:* -type_s:index)) AND (collection_s:zeCollection) AND (schema_s:administrativeUnit_*) AND (( parentPId_s:"unitId_11" ))</query>
      <collection>zeCollection</collection>
      <startDateTime>2016-03-10T08:26:40.830</startDateTime>
      <errors>0</errors>
    </batchProcess>
    <batchProcess id="04f0d48a-92ef-4ebb-a89d-8607f551bd55">
      <requestDateTime>2016-03-10T08:26:40.857</requestDateTime>
      <recordsCount>1</recordsCount>
      <action name="com.constellio.model.services.batch.actions.ReindexMetadatasBatchProcessAction">
        <argument type="java.util.ArrayList">
          <item type="java.lang.String">administrativeUnit_default_inheritedauthorizations</item>
        </argument>
      </action>
      <query>(*:*) AND ((*:* -type_s:index)) AND (collection_s:zeCollection) AND (schema_s:administrativeUnit_*) AND (( parentPId_s:"unitId_11" ))</query>
      <collection>zeCollection</collection>
      <startDateTime>2016-03-10T08:26:40.882</startDateTime>
      <errors>0</errors>
    </batchProcess>
    <batchProcess id="e27d112c-cd31-440b-a84d-8c9b86864a46">
      <requestDateTime>2016-03-10T08:26:40.912</requestDateTime>
      <recordsCount>1</recordsCount>
      <action name="com.constellio.model.services.batch.actions.ReindexMetadatasBatchProcessAction">
        <argument type="java.util.ArrayList">
          <item type="java.lang.String">administrativeUnit_default_inheritedauthorizations</item>
        </argument>
      </action>
      <query>(*:*) AND ((*:* -type_s:index)) AND (collection_s:zeCollection) AND (schema_s:administrativeUnit_*) AND (( parentPId_s:"unitId_11" ))</query>
      <collection>zeCollection</collection>
      <startDateTime>2016-03-10T08:26:40.944</startDateTime>
      <errors>0</errors>
    </batchProcess>
    <batchProcess id="8b12e76d-d6ce-475d-8790-c0ab3488c085">
      <requestDateTime>2016-03-10T08:26:40.975</requestDateTime>
      <recordsCount>1</recordsCount>
      <action name="com.constellio.model.services.batch.actions.ReindexMetadatasBatchProcessAction">
        <argument type="java.util.ArrayList">
          <item type="java.lang.String">administrativeUnit_default_inheritedauthorizations</item>
        </argument>
      </action>
      <query>(*:*) AND ((*:* -type_s:index)) AND (collection_s:zeCollection) AND (schema_s:administrativeUnit_*) AND (( parentPId_s:"unitId_11" ))</query>
      <collection>zeCollection</collection>
      <startDateTime>2016-03-10T08:26:41.004</startDateTime>
      <errors>0</errors>
    </batchProcess>
    <batchProcess id="924526d1-f14e-446f-b380-d3c94cd7ca9d">
      <requestDateTime>2016-03-10T08:26:41.036</requestDateTime>
      <recordsCount>2</recordsCount>
      <action name="com.constellio.model.services.batch.actions.ReindexMetadatasBatchProcessAction">
        <argument type="java.util.ArrayList">
          <item type="java.lang.String">administrativeUnit_default_inheritedauthorizations</item>
        </argument>
      </action>
      <query>(*:*) AND ((*:* -type_s:index)) AND (collection_s:zeCollection) AND (schema_s:administrativeUnit_*) AND (( parentPId_s:"unitId_12" ))</query>
      <collection>zeCollection</collection>
      <startDateTime>2016-03-10T08:26:41.064</startDateTime>
      <errors>0</errors>
    </batchProcess>
    <batchProcess id="7f6b658d-5fe6-4ae0-a9fa-196b3ed3573e">
      <requestDateTime>2016-03-10T08:26:41.093</requestDateTime>
      <recordsCount>2</recordsCount>
      <action name="com.constellio.model.services.batch.actions.ReindexMetadatasBatchProcessAction">
        <argument type="java.util.ArrayList">
          <item type="java.lang.String">administrativeUnit_default_inheritedauthorizations</item>
        </argument>
      </action>
      <query>(*:*) AND ((*:* -type_s:index)) AND (collection_s:zeCollection) AND (schema_s:administrativeUnit_*) AND (( parentPId_s:"unitId_12" ))</query>
      <collection>zeCollection</collection>
      <startDateTime>2016-03-10T08:26:41.121</startDateTime>
      <errors>0</errors>
    </batchProcess>
    <batchProcess id="aa7c7079-a224-4225-a914-6473aa583caa">
      <requestDateTime>2016-03-10T08:26:41.148</requestDateTime>
      <recordsCount>2</recordsCount>
      <action name="com.constellio.model.services.batch.actions.ReindexMetadatasBatchProcessAction">
        <argument type="java.util.ArrayList">
          <item type="java.lang.String">administrativeUnit_default_inheritedauthorizations</item>
        </argument>
      </action>
      <query>(*:*) AND ((*:* -type_s:index)) AND (collection_s:zeCollection) AND (schema_s:administrativeUnit_*) AND (( parentPId_s:"unitId_12" ))</query>
      <collection>zeCollection</collection>
      <startDateTime>2016-03-10T08:26:41.174</startDateTime>
      <errors>0</errors>
    </batchProcess>
    <batchProcess id="3b7a8df3-6397-4aac-9835-47657800662f">
      <requestDateTime>2016-03-10T08:26:41.205</requestDateTime>
      <recordsCount>2</recordsCount>
      <action name="com.constellio.model.services.batch.actions.ReindexMetadatasBatchProcessAction">
        <argument type="java.util.ArrayList">
          <item type="java.lang.String">administrativeUnit_default_inheritedauthorizations</item>
        </argument>
      </action>
      <query>(*:*) AND ((*:* -type_s:index)) AND (collection_s:zeCollection) AND (schema_s:administrativeUnit_*) AND (( parentPId_s:"unitId_12" ))</query>
      <collection>zeCollection</collection>
      <startDateTime>2016-03-10T08:26:41.230</startDateTime>
      <errors>0</errors>
    </batchProcess>
    <batchProcess id="198fe239-e16f-4417-b79a-397f5bba9ad5">
      <requestDateTime>2016-03-10T08:26:41.258</requestDateTime>
      <recordsCount>1</recordsCount>
      <action name="com.constellio.model.services.batch.actions.ReindexMetadatasBatchProcessAction">
        <argument type="java.util.ArrayList">
          <item type="java.lang.String">administrativeUnit_default_inheritedauthorizations</item>
        </argument>
      </action>
      <query>(*:*) AND ((*:* -type_s:index)) AND (collection_s:zeCollection) AND (schema_s:administrativeUnit_*) AND (( parentPId_s:"unitId_30" ))</query>
      <collection>zeCollection</collection>
      <startDateTime>2016-03-10T08:26:41.286</startDateTime>
      <errors>0</errors>
    </batchProcess>
    <batchProcess id="c3560e29-5cd2-40d8-8e00-405db176bcfd">
      <requestDateTime>2016-03-10T08:26:41.316</requestDateTime>
      <recordsCount>1</recordsCount>
      <action name="com.constellio.model.services.batch.actions.ReindexMetadatasBatchProcessAction">
        <argument type="java.util.ArrayList">
          <item type="java.lang.String">administrativeUnit_default_inheritedauthorizations</item>
        </argument>
      </action>
      <query>(*:*) AND ((*:* -type_s:index)) AND (collection_s:zeCollection) AND (schema_s:administrativeUnit_*) AND (( parentPId_s:"unitId_30" ))</query>
      <collection>zeCollection</collection>
      <startDateTime>2016-03-10T08:26:41.343</startDateTime>
      <errors>0</errors>
    </batchProcess>
    <batchProcess id="1826671e-45b2-4e9e-bd71-77913e4a9761">
      <requestDateTime>2016-03-10T08:26:41.370</requestDateTime>
      <recordsCount>1</recordsCount>
      <action name="com.constellio.model.services.batch.actions.ReindexMetadatasBatchProcessAction">
        <argument type="java.util.ArrayList">
          <item type="java.lang.String">administrativeUnit_default_inheritedauthorizations</item>
        </argument>
      </action>
      <query>(*:*) AND ((*:* -type_s:index)) AND (collection_s:zeCollection) AND (schema_s:administrativeUnit_*) AND (( parentPId_s:"unitId_30" ))</query>
      <collection>zeCollection</collection>
      <startDateTime>2016-03-10T08:26:41.408</startDateTime>
      <errors>0</errors>
    </batchProcess>
    <batchProcess id="25b91552-391f-45b6-bec6-0aea41aec41c">
      <requestDateTime>2016-03-10T08:26:41.461</requestDateTime>
      <recordsCount>1</recordsCount>
      <action name="com.constellio.model.services.batch.actions.ReindexMetadatasBatchProcessAction">
        <argument type="java.util.ArrayList">
          <item type="java.lang.String">administrativeUnit_default_inheritedauthorizations</item>
        </argument>
      </action>
      <query>(*:*) AND ((*:* -type_s:index)) AND (collection_s:zeCollection) AND (schema_s:administrativeUnit_*) AND (( parentPId_s:"unitId_30" ))</query>
      <collection>zeCollection</collection>
      <startDateTime>2016-03-10T08:26:41.485</startDateTime>
      <errors>0</errors>
    </batchProcess>
    <batchProcess id="77594580-0519-42d3-a228-3507c40d8086">
      <requestDateTime>2016-03-10T08:26:43.101</requestDateTime>
      <recordsCount>268</recordsCount>
      <action name="com.constellio.model.services.batch.actions.ReindexMetadatasBatchProcessAction">
        <argument type="java.util.ArrayList">
          <item type="java.lang.String">document_default_actualTransferDate</item>
          <item type="java.lang.String">document_default_expectedDepositDate</item>
          <item type="java.lang.String">document_default_expectedDestructionDate</item>
          <item type="java.lang.String">document_default_applicableCopyRule</item>
          <item type="java.lang.String">document_default_actualDepositDate</item>
          <item type="java.lang.String">document_default_mainCopyRule</item>
          <item type="java.lang.String">document_default_actualDestructionDate</item>
          <item type="java.lang.String">document_default_expectedTransferDate</item>
          <item type="java.lang.String">document_default_archivisticStatus</item>
          <item type="java.lang.String">document_default_retentionRule</item>
        </argument>
      </action>
      <query>(*:*) AND ((*:* -type_s:index)) AND (collection_s:zeCollection) AND (schema_s:document_*) AND (( *:* ))</query>
      <collection>zeCollection</collection>
      <startDateTime>2016-03-10T08:26:43.118</startDateTime>
      <errors>0</errors>
    </batchProcess>
  </previousBatchProcesses>
  <pendingBatchProcesses />
  <standbyBatchProcesses />
  <currentBatchProcess />
</root>
