<?xml version="1.0" encoding="UTF-8"?>
<display format="2">
  <SchemaDisplayConfigs SchemaCode="facet_field">
    <DisplayMetadataCodes>
      <facet_field_title />
      <facet_field_createdBy />
      <facet_field_createdOn />
      <facet_field_modifiedBy />
      <facet_field_modifiedOn />
      <facet_field_active />
      <facet_field_elementPerPage />
      <facet_field_facetType />
      <facet_field_fieldDatastoreCode />
      <facet_field_openByDefault />
      <facet_field_order />
      <facet_field_orderResult />
      <facet_field_pages />
      <facet_field_fieldValuesLabel />
    </DisplayMetadataCodes>
    <FormMetadataCodes>
      <facet_field_title />
      <facet_field_elementPerPage />
      <facet_field_facetType />
      <facet_field_fieldDatastoreCode />
      <facet_field_order />
      <facet_field_orderResult />
      <facet_field_pages />
      <facet_field_active />
      <facet_field_openByDefault />
      <facet_field_fieldValuesLabel />
    </FormMetadataCodes>
    <SearchResultsMetadataCodes>
      <facet_field_title />
      <facet_field_modifiedOn />
    </SearchResultsMetadataCodes>
    <TableMetadataCodes />
  </SchemaDisplayConfigs>
  <SchemaDisplayConfigs SchemaCode="facet_query">
    <DisplayMetadataCodes>
      <facet_query_title />
      <facet_query_createdBy />
      <facet_query_createdOn />
      <facet_query_modifiedBy />
      <facet_query_modifiedOn />
      <facet_query_active />
      <facet_query_elementPerPage />
      <facet_query_facetType />
      <facet_query_fieldDatastoreCode />
      <facet_query_openByDefault />
      <facet_query_order />
      <facet_query_orderResult />
      <facet_query_pages />
      <facet_query_listQueries />
    </DisplayMetadataCodes>
    <FormMetadataCodes>
      <facet_query_title />
      <facet_query_elementPerPage />
      <facet_query_facetType />
      <facet_query_fieldDatastoreCode />
      <facet_query_order />
      <facet_query_orderResult />
      <facet_query_pages />
      <facet_query_active />
      <facet_query_openByDefault />
      <facet_query_listQueries />
    </FormMetadataCodes>
    <SearchResultsMetadataCodes>
      <facet_query_title />
      <facet_query_modifiedOn />
    </SearchResultsMetadataCodes>
    <TableMetadataCodes />
  </SchemaDisplayConfigs>
  <SchemaDisplayConfigs SchemaCode="task_approval">
    <DisplayMetadataCodes>
      <task_approval_title />
      <task_approval_createdBy />
      <task_approval_createdOn />
      <task_approval_modifiedBy />
      <task_approval_modifiedOn />
      <task_approval_assignCandidates />
      <task_approval_assignedOn />
      <task_approval_assignedTo />
      <task_approval_dueDate />
      <task_approval_finishedBy />
      <task_approval_finishedOn />
      <task_approval_workflowIdentifier />
      <task_approval_workflowRecordIdentifiers />
      <task_approval_decision />
    </DisplayMetadataCodes>
    <FormMetadataCodes>
      <task_approval_title />
      <task_approval_assignCandidates />
      <task_approval_assignedTo />
      <task_approval_finishedBy />
      <task_approval_workflowIdentifier />
      <task_approval_workflowRecordIdentifiers />
      <task_approval_assignedOn />
      <task_approval_dueDate />
      <task_approval_finishedOn />
      <task_approval_decision />
    </FormMetadataCodes>
    <SearchResultsMetadataCodes>
      <task_approval_title />
      <task_approval_modifiedOn />
    </SearchResultsMetadataCodes>
    <TableMetadataCodes />
  </SchemaDisplayConfigs>
  <SchemaDisplayConfigs SchemaCode="temporaryRecord_batchProcessReport">
    <DisplayMetadataCodes>
      <temporaryRecord_batchProcessReport_createdBy />
      <temporaryRecord_batchProcessReport_createdOn />
      <temporaryRecord_batchProcessReport_modifiedBy />
      <temporaryRecord_batchProcessReport_modifiedOn />
      <temporaryRecord_batchProcessReport_daysBeforeDestruction />
      <temporaryRecord_batchProcessReport_errors />
      <temporaryRecord_batchProcessReport_linkedBatchProcess />
      <temporaryRecord_batchProcessReport_skippedRecords />
      <temporaryRecord_batchProcessReport_content />
    </DisplayMetadataCodes>
    <FormMetadataCodes>
      <temporaryRecord_batchProcessReport_title />
      <temporaryRecord_batchProcessReport_daysBeforeDestruction />
    </FormMetadataCodes>
    <SearchResultsMetadataCodes>
      <temporaryRecord_batchProcessReport_title />
      <temporaryRecord_batchProcessReport_modifiedOn />
    </SearchResultsMetadataCodes>
    <TableMetadataCodes>
      <temporaryRecord_batchProcessReport_createdBy />
      <temporaryRecord_batchProcessReport_createdOn />
      <temporaryRecord_batchProcessReport_destructionDate />
      <temporaryRecord_batchProcessReport_content />
    </TableMetadataCodes>
  </SchemaDisplayConfigs>
  <SchemaDisplayConfigs SchemaCode="temporaryRecord_exportAudit">
    <DisplayMetadataCodes>
      <temporaryRecord_exportAudit_title />
      <temporaryRecord_exportAudit_createdBy />
      <temporaryRecord_exportAudit_createdOn />
      <temporaryRecord_exportAudit_modifiedBy />
      <temporaryRecord_exportAudit_modifiedOn />
      <temporaryRecord_exportAudit_daysBeforeDestruction />
      <temporaryRecord_exportAudit_endDate />
    </DisplayMetadataCodes>
    <FormMetadataCodes>
      <temporaryRecord_exportAudit_title />
      <temporaryRecord_exportAudit_daysBeforeDestruction />
    </FormMetadataCodes>
    <SearchResultsMetadataCodes>
      <temporaryRecord_exportAudit_title />
      <temporaryRecord_exportAudit_modifiedOn />
    </SearchResultsMetadataCodes>
    <TableMetadataCodes>
      <temporaryRecord_exportAudit_createdBy />
      <temporaryRecord_exportAudit_createdOn />
      <temporaryRecord_exportAudit_destructionDate />
      <temporaryRecord_exportAudit_content />
    </TableMetadataCodes>
  </SchemaDisplayConfigs>
  <SchemaDisplayConfigs SchemaCode="temporaryRecord_importAudit">
    <DisplayMetadataCodes>
      <temporaryRecord_importAudit_title />
      <temporaryRecord_importAudit_createdBy />
      <temporaryRecord_importAudit_createdOn />
      <temporaryRecord_importAudit_modifiedBy />
      <temporaryRecord_importAudit_modifiedOn />
      <temporaryRecord_importAudit_daysBeforeDestruction />
      <temporaryRecord_importAudit_endDate />
      <temporaryRecord_importAudit_errors />
    </DisplayMetadataCodes>
    <FormMetadataCodes>
      <temporaryRecord_importAudit_title />
      <temporaryRecord_importAudit_daysBeforeDestruction />
    </FormMetadataCodes>
    <SearchResultsMetadataCodes>
      <temporaryRecord_importAudit_title />
      <temporaryRecord_importAudit_modifiedOn />
    </SearchResultsMetadataCodes>
    <TableMetadataCodes>
      <temporaryRecord_importAudit_createdBy />
      <temporaryRecord_importAudit_createdOn />
      <temporaryRecord_importAudit_destructionDate />
      <temporaryRecord_importAudit_content />
    </TableMetadataCodes>
  </SchemaDisplayConfigs>
  <SchemaDisplayConfigs SchemaCode="temporaryRecord_vaultScanReport">
    <DisplayMetadataCodes>
      <temporaryRecord_vaultScanReport_title />
      <temporaryRecord_vaultScanReport_createdBy />
      <temporaryRecord_vaultScanReport_createdOn />
      <temporaryRecord_vaultScanReport_modifiedBy />
      <temporaryRecord_vaultScanReport_modifiedOn />
      <temporaryRecord_vaultScanReport_daysBeforeDestruction />
      <temporaryRecord_vaultScanReport_message />
      <temporaryRecord_vaultScanReport_numberOfDeletedContents />
    </DisplayMetadataCodes>
    <FormMetadataCodes>
      <temporaryRecord_vaultScanReport_title />
      <temporaryRecord_vaultScanReport_daysBeforeDestruction />
    </FormMetadataCodes>
    <SearchResultsMetadataCodes>
      <temporaryRecord_vaultScanReport_title />
      <temporaryRecord_vaultScanReport_modifiedOn />
    </SearchResultsMetadataCodes>
    <TableMetadataCodes>
      <temporaryRecord_vaultScanReport_createdBy />
      <temporaryRecord_vaultScanReport_createdOn />
      <temporaryRecord_vaultScanReport_destructionDate />
      <temporaryRecord_vaultScanReport_content />
      <temporaryRecord_vaultScanReport_numberOfDeletedContents />
      <temporaryRecord_vaultScanReport_message />
    </TableMetadataCodes>
  </SchemaDisplayConfigs>
  <SchemaDisplayConfigs SchemaCode="temporaryRecord_default">
    <DisplayMetadataCodes>
      <temporaryRecord_default_title />
      <temporaryRecord_default_createdBy />
      <temporaryRecord_default_createdOn />
      <temporaryRecord_default_modifiedBy />
      <temporaryRecord_default_modifiedOn />
      <temporaryRecord_default_daysBeforeDestruction />
    </DisplayMetadataCodes>
    <FormMetadataCodes>
      <temporaryRecord_default_title />
      <temporaryRecord_default_daysBeforeDestruction />
    </FormMetadataCodes>
    <SearchResultsMetadataCodes>
      <temporaryRecord_default_title />
      <temporaryRecord_default_modifiedOn />
    </SearchResultsMetadataCodes>
    <TableMetadataCodes>
      <temporaryRecord_default_createdBy />
      <temporaryRecord_default_createdOn />
      <temporaryRecord_default_destructionDate />
      <temporaryRecord_default_content />
    </TableMetadataCodes>
  </SchemaDisplayConfigs>
  <SchemaDisplayConfigs SchemaCode="user_default">
    <DisplayMetadataCodes>
      <user_default_username />
      <user_default_firstname />
      <user_default_lastname />
      <user_default_title />
      <user_default_email />
      <user_default_groups />
      <user_default_jobTitle />
      <user_default_phone />
      <user_default_status />
      <user_default_createdOn />
      <user_default_modifiedOn />
      <user_default_allroles />
      <user_default_defaultPageLength />
    </DisplayMetadataCodes>
    <FormMetadataCodes>
      <user_default_defaultTabInFolderDisplay />
      <user_default_defaultTaxonomy />
      <user_default_email />
      <user_default_firstname />
      <user_default_groups />
      <user_default_jobTitle />
      <user_default_lastname />
      <user_default_loginLanguageCode />
      <user_default_phone />
      <user_default_startTab />
      <user_default_status />
      <user_default_username />
      <user_default_userroles />
      <user_default_collectionDeleteAccess />
      <user_default_collectionReadAccess />
      <user_default_collectionWriteAccess />
      <user_default_systemAdmin />
      <user_default_signature />
    </FormMetadataCodes>
    <SearchResultsMetadataCodes>
      <user_default_title />
      <user_default_modifiedOn />
    </SearchResultsMetadataCodes>
    <TableMetadataCodes>
      <user_default_title />
      <user_default_modifiedOn />
    </TableMetadataCodes>
  </SchemaDisplayConfigs>
  <SchemaTypeDisplayConfigs>
    <facet manageable="false" simpleSearch="false" advancedSearch="false">
      <MetadataGroupsLabels>
        <MetadataGroupLabel code="init.facetConfiguration.query" labels="en=Query;;fr=Requêtes;;" />
        <MetadataGroupLabel code="default:init.facetConfiguration.configuration" labels="en=Configuration;;fr=Configuration;;" />
        <MetadataGroupLabel code="init.facetConfiguration.values" labels="en=Values;;fr=Valeurs;;" />
      </MetadataGroupsLabels>
    </facet>
    <connectorHttpDocument manageable="false" simpleSearch="true" advancedSearch="true">
      <MetadataGroupsLabels>
        <MetadataGroupLabel code="default" labels="en=Metadatas;;fr=Métadonnées;;" />
      </MetadataGroupsLabels>
    </connectorHttpDocument>
    <connectorInstance manageable="false" simpleSearch="false" advancedSearch="false">
      <MetadataGroupsLabels>
        <MetadataGroupLabel code="connectors.executionTab" labels="en= Execution;;fr= Exécution;;" />
        <MetadataGroupLabel code="connectors.advanced" labels="en= Advanced;;fr= Avancé;;" />
        <MetadataGroupLabel code="default:connectors.configurationTab" labels="en= Configuration;;fr= Configuration;;" />
        <MetadataGroupLabel code="connectors.ldapUserTab" labels="en= User attributes (advanced);;fr= Gestion des attributs d'un utilisateur (avancée);;" />
        <MetadataGroupLabel code="connectors.credentialsTab" labels="en= Authentication;;fr= Authentification;;" />
      </MetadataGroupsLabels>
    </connectorInstance>
    <connectorLdapUserDocument manageable="false" simpleSearch="true" advancedSearch="true">
      <MetadataGroupsLabels>
        <MetadataGroupLabel code="default" labels="en=Metadatas;;fr=Métadonnées;;" />
      </MetadataGroupsLabels>
    </connectorLdapUserDocument>
    <connectorSmbDocument manageable="false" simpleSearch="true" advancedSearch="true">
      <MetadataGroupsLabels>
        <MetadataGroupLabel code="default" labels="en=Metadatas;;fr=Métadonnées;;" />
      </MetadataGroupsLabels>
    </connectorSmbDocument>
  </SchemaTypeDisplayConfigs>
  <SchemaDisplayConfigs SchemaCode="connectorHttpDocument_default">
    <DisplayMetadataCodes>
      <connectorHttpDocument_default_title />
      <connectorHttpDocument_default_createdBy />
      <connectorHttpDocument_default_createdOn />
      <connectorHttpDocument_default_modifiedBy />
      <connectorHttpDocument_default_modifiedOn />
      <connectorHttpDocument_default_charset />
      <connectorHttpDocument_default_connector />
      <connectorHttpDocument_default_connectorType />
      <connectorHttpDocument_default_contentType />
      <connectorHttpDocument_default_copyOf />
      <connectorHttpDocument_default_digest />
      <connectorHttpDocument_default_downloadTime />
      <connectorHttpDocument_default_errorCode />
      <connectorHttpDocument_default_errorMessage />
      <connectorHttpDocument_default_errorsCount />
      <connectorHttpDocument_default_fetchDelay />
      <connectorHttpDocument_default_fetched />
      <connectorHttpDocument_default_fetchedDateTime />
      <connectorHttpDocument_default_frequency />
      <connectorHttpDocument_default_inlinks />
      <connectorHttpDocument_default_lastModified />
      <connectorHttpDocument_default_level />
      <connectorHttpDocument_default_mimetype />
      <connectorHttpDocument_default_neverFetch />
      <connectorHttpDocument_default_nextFetch />
      <connectorHttpDocument_default_onDemand />
      <connectorHttpDocument_default_outlinks />
      <connectorHttpDocument_default_priority />
      <connectorHttpDocument_default_searchable />
      <connectorHttpDocument_default_status />
      <connectorHttpDocument_default_traversalCode />
      <connectorHttpDocument_default_errorStackTrace />
      <connectorHttpDocument_default_parsedContent />
    </DisplayMetadataCodes>
    <FormMetadataCodes>
      <connectorHttpDocument_default_title />
      <connectorHttpDocument_default_charset />
      <connectorHttpDocument_default_connector />
      <connectorHttpDocument_default_connectorType />
      <connectorHttpDocument_default_contentType />
      <connectorHttpDocument_default_copyOf />
      <connectorHttpDocument_default_digest />
      <connectorHttpDocument_default_downloadTime />
      <connectorHttpDocument_default_errorCode />
      <connectorHttpDocument_default_errorMessage />
      <connectorHttpDocument_default_errorsCount />
      <connectorHttpDocument_default_fetchDelay />
      <connectorHttpDocument_default_frequency />
      <connectorHttpDocument_default_inlinks />
      <connectorHttpDocument_default_level />
      <connectorHttpDocument_default_mimetype />
      <connectorHttpDocument_default_outlinks />
      <connectorHttpDocument_default_priority />
      <connectorHttpDocument_default_status />
      <connectorHttpDocument_default_traversalCode />
      <connectorHttpDocument_default_url />
      <connectorHttpDocument_default_fetchedDateTime />
      <connectorHttpDocument_default_lastModified />
      <connectorHttpDocument_default_fetched />
      <connectorHttpDocument_default_neverFetch />
      <connectorHttpDocument_default_onDemand />
      <connectorHttpDocument_default_searchable />
      <connectorHttpDocument_default_errorStackTrace />
      <connectorHttpDocument_default_parsedContent />
    </FormMetadataCodes>
    <SearchResultsMetadataCodes>
      <connectorHttpDocument_default_title />
      <connectorHttpDocument_default_modifiedOn />
      <connectorHttpDocument_default_url />
    </SearchResultsMetadataCodes>
    <TableMetadataCodes>
      <connectorHttpDocument_default_title />
      <connectorHttpDocument_default_modifiedOn />
      <connectorHttpDocument_default_url />
    </TableMetadataCodes>
  </SchemaDisplayConfigs>
  <SchemaDisplayConfigs SchemaCode="connectorInstance_http">
    <DisplayMetadataCodes>
      <connectorInstance_http_code />
      <connectorInstance_http_title />
      <connectorInstance_http_connectorType />
      <connectorInstance_http_traversalCode />
      <connectorInstance_http_createdBy />
      <connectorInstance_http_createdOn />
      <connectorInstance_http_modifiedBy />
      <connectorInstance_http_enabled />
      <connectorInstance_http_lastTraversalOn />
      <connectorInstance_http_authenticationScheme />
      <connectorInstance_http_daysBeforeRefetching />
      <connectorInstance_http_documentsPerJobs />
      <connectorInstance_http_domain />
      <connectorInstance_http_jobsInParallel />
      <connectorInstance_http_maxLevel />
      <connectorInstance_http_onDemands />
      <connectorInstance_http_password />
      <connectorInstance_http_seeds />
      <connectorInstance_http_username />
      <connectorInstance_http_modifiedOn />
      <connectorInstance_http_includePatterns />
      <connectorInstance_http_excludePatterns />
    </DisplayMetadataCodes>
    <FormMetadataCodes>
      <connectorInstance_http_code />
      <connectorInstance_http_title />
      <connectorInstance_http_connectorType />
      <connectorInstance_http_traversalCode />
      <connectorInstance_http_lastTraversalOn />
      <connectorInstance_http_enabled />
      <connectorInstance_http_availableFields />
      <connectorInstance_http_propertiesMapping />
      <connectorInstance_http_traversalSchedule />
      <connectorInstance_http_authenticationScheme />
      <connectorInstance_http_daysBeforeRefetching />
      <connectorInstance_http_documentsPerJobs />
      <connectorInstance_http_domain />
      <connectorInstance_http_jobsInParallel />
      <connectorInstance_http_maxLevel />
      <connectorInstance_http_password />
      <connectorInstance_http_username />
      <connectorInstance_http_onDemands />
      <connectorInstance_http_seeds />
      <connectorInstance_http_includePatterns />
      <connectorInstance_http_excludePatterns />
    </FormMetadataCodes>
    <SearchResultsMetadataCodes>
      <connectorInstance_http_title />
      <connectorInstance_http_connectorType />
      <connectorInstance_http_traversalCode />
    </SearchResultsMetadataCodes>
    <TableMetadataCodes />
  </SchemaDisplayConfigs>
  <SchemaDisplayConfigs SchemaCode="connectorInstance_ldap">
    <DisplayMetadataCodes>
      <connectorInstance_ldap_code />
      <connectorInstance_ldap_title />
      <connectorInstance_ldap_url />
      <connectorInstance_ldap_usersBaseContextList />
      <connectorInstance_ldap_includeRegex />
      <connectorInstance_ldap_excludeRegex />
    </DisplayMetadataCodes>
    <FormMetadataCodes>
      <connectorInstance_ldap_code />
      <connectorInstance_ldap_title />
      <connectorInstance_ldap_connectionUsername />
      <connectorInstance_ldap_password />
      <connectorInstance_ldap_url />
      <connectorInstance_ldap_usersBaseContextList />
      <connectorInstance_ldap_includeRegex />
      <connectorInstance_ldap_excludeRegex />
      <connectorInstance_ldap_followReferences />
      <connectorInstance_ldap_enabled />
      <connectorInstance_ldap_traversalSchedule />
      <connectorInstance_ldap_documentsPerJob />
      <connectorInstance_ldap_jobsInParallel />
      <connectorInstance_ldap_dn />
      <connectorInstance_ldap_username />
      <connectorInstance_ldap_firstName />
      <connectorInstance_ldap_lastName />
      <connectorInstance_ldap_email />
      <connectorInstance_ldap_telephone />
      <connectorInstance_ldap_address />
      <connectorInstance_ldap_jobTitle />
      <connectorInstance_ldap_displayName />
      <connectorInstance_ldap_company />
      <connectorInstance_ldap_department />
      <connectorInstance_ldap_manager />
    </FormMetadataCodes>
    <SearchResultsMetadataCodes>
      <connectorInstance_ldap_title />
      <connectorInstance_ldap_connectorType />
      <connectorInstance_ldap_traversalCode />
    </SearchResultsMetadataCodes>
    <TableMetadataCodes />
  </SchemaDisplayConfigs>
  <SchemaDisplayConfigs SchemaCode="connectorInstance_smb">
    <DisplayMetadataCodes>
      <connectorInstance_smb_code />
      <connectorInstance_smb_title />
      <connectorInstance_smb_domain />
      <connectorInstance_smb_username />
      <connectorInstance_smb_smbSeeds />
      <connectorInstance_smb_exclusions />
      <connectorInstance_smb_inclusions />
    </DisplayMetadataCodes>
    <FormMetadataCodes>
      <connectorInstance_smb_code />
      <connectorInstance_smb_title />
      <connectorInstance_smb_domain />
      <connectorInstance_smb_username />
      <connectorInstance_smb_password />
      <connectorInstance_smb_smbSeeds />
      <connectorInstance_smb_exclusions />
      <connectorInstance_smb_inclusions />
      <connectorInstance_smb_enabled />
      <connectorInstance_smb_traversalSchedule />
      <connectorInstance_smb_skipShareAccessControl />
      <connectorInstance_smb_skipContentAndACL />
    </FormMetadataCodes>
    <SearchResultsMetadataCodes>
      <connectorInstance_smb_title />
      <connectorInstance_smb_connectorType />
      <connectorInstance_smb_traversalCode />
    </SearchResultsMetadataCodes>
    <TableMetadataCodes />
  </SchemaDisplayConfigs>
  <SchemaDisplayConfigs SchemaCode="connectorInstance_default">
    <DisplayMetadataCodes>
      <connectorInstance_default_code />
      <connectorInstance_default_title />
      <connectorInstance_default_connectorType />
      <connectorInstance_default_traversalCode />
      <connectorInstance_default_createdBy />
      <connectorInstance_default_createdOn />
      <connectorInstance_default_modifiedBy />
      <connectorInstance_default_enabled />
      <connectorInstance_default_lastTraversalOn />
      <connectorInstance_default_modifiedOn />
    </DisplayMetadataCodes>
    <FormMetadataCodes>
      <connectorInstance_default_code />
      <connectorInstance_default_title />
      <connectorInstance_default_connectorType />
      <connectorInstance_default_traversalCode />
      <connectorInstance_default_lastTraversalOn />
      <connectorInstance_default_enabled />
      <connectorInstance_default_availableFields />
      <connectorInstance_default_propertiesMapping />
      <connectorInstance_default_traversalSchedule />
    </FormMetadataCodes>
    <SearchResultsMetadataCodes>
      <connectorInstance_default_title />
      <connectorInstance_default_connectorType />
      <connectorInstance_default_traversalCode />
    </SearchResultsMetadataCodes>
    <TableMetadataCodes>
      <connectorInstance_default_title />
      <connectorInstance_default_connectorType />
      <connectorInstance_default_traversalCode />
    </TableMetadataCodes>
  </SchemaDisplayConfigs>
  <SchemaDisplayConfigs SchemaCode="connectorLdapUserDocument_default">
    <DisplayMetadataCodes>
      <connectorLdapUserDocument_default_title />
      <connectorLdapUserDocument_default_createdBy />
      <connectorLdapUserDocument_default_createdOn />
      <connectorLdapUserDocument_default_modifiedBy />
      <connectorLdapUserDocument_default_modifiedOn />
      <connectorLdapUserDocument_default_company />
      <connectorLdapUserDocument_default_connector />
      <connectorLdapUserDocument_default_connectorType />
      <connectorLdapUserDocument_default_department />
      <connectorLdapUserDocument_default_displayName />
      <connectorLdapUserDocument_default_email />
      <connectorLdapUserDocument_default_enabled />
      <connectorLdapUserDocument_default_errorCode />
      <connectorLdapUserDocument_default_errorMessage />
      <connectorLdapUserDocument_default_errorsCount />
      <connectorLdapUserDocument_default_fetchDelay />
      <connectorLdapUserDocument_default_fetched />
      <connectorLdapUserDocument_default_fetchedDateTime />
      <connectorLdapUserDocument_default_firstName />
      <connectorLdapUserDocument_default_frequency />
      <connectorLdapUserDocument_default_lastModified />
      <connectorLdapUserDocument_default_lastName />
      <connectorLdapUserDocument_default_manager />
      <connectorLdapUserDocument_default_mimetype />
      <connectorLdapUserDocument_default_neverFetch />
      <connectorLdapUserDocument_default_nextFetch />
      <connectorLdapUserDocument_default_searchable />
      <connectorLdapUserDocument_default_status />
      <connectorLdapUserDocument_default_telephone />
      <connectorLdapUserDocument_default_traversalCode />
      <connectorLdapUserDocument_default_username />
      <connectorLdapUserDocument_default_workTitle />
      <connectorLdapUserDocument_default_address />
      <connectorLdapUserDocument_default_errorStackTrace />
    </DisplayMetadataCodes>
    <FormMetadataCodes>
      <connectorLdapUserDocument_default_title />
      <connectorLdapUserDocument_default_company />
      <connectorLdapUserDocument_default_connector />
      <connectorLdapUserDocument_default_connectorType />
      <connectorLdapUserDocument_default_department />
      <connectorLdapUserDocument_default_displayName />
      <connectorLdapUserDocument_default_email />
      <connectorLdapUserDocument_default_errorCode />
      <connectorLdapUserDocument_default_errorMessage />
      <connectorLdapUserDocument_default_errorsCount />
      <connectorLdapUserDocument_default_fetchDelay />
      <connectorLdapUserDocument_default_firstName />
      <connectorLdapUserDocument_default_frequency />
      <connectorLdapUserDocument_default_lastName />
      <connectorLdapUserDocument_default_manager />
      <connectorLdapUserDocument_default_mimetype />
      <connectorLdapUserDocument_default_status />
      <connectorLdapUserDocument_default_telephone />
      <connectorLdapUserDocument_default_traversalCode />
      <connectorLdapUserDocument_default_url />
      <connectorLdapUserDocument_default_username />
      <connectorLdapUserDocument_default_workTitle />
      <connectorLdapUserDocument_default_fetchedDateTime />
      <connectorLdapUserDocument_default_lastModified />
      <connectorLdapUserDocument_default_enabled />
      <connectorLdapUserDocument_default_fetched />
      <connectorLdapUserDocument_default_neverFetch />
      <connectorLdapUserDocument_default_searchable />
      <connectorLdapUserDocument_default_address />
      <connectorLdapUserDocument_default_errorStackTrace />
    </FormMetadataCodes>
    <SearchResultsMetadataCodes>
      <connectorLdapUserDocument_default_firstName />
      <connectorLdapUserDocument_default_lastName />
      <connectorLdapUserDocument_default_telephone />
      <connectorLdapUserDocument_default_email />
      <connectorLdapUserDocument_default_address />
      <connectorLdapUserDocument_default_title />
    </SearchResultsMetadataCodes>
    <TableMetadataCodes>
      <connectorLdapUserDocument_default_firstName />
      <connectorLdapUserDocument_default_lastName />
      <connectorLdapUserDocument_default_telephone />
      <connectorLdapUserDocument_default_email />
      <connectorLdapUserDocument_default_address />
      <connectorLdapUserDocument_default_title />
    </TableMetadataCodes>
  </SchemaDisplayConfigs>
  <SchemaDisplayConfigs SchemaCode="connectorSmbDocument_default">
    <DisplayMetadataCodes>
      <connectorSmbDocument_default_title />
      <connectorSmbDocument_default_createdBy />
      <connectorSmbDocument_default_createdOn />
      <connectorSmbDocument_default_modifiedBy />
      <connectorSmbDocument_default_modifiedOn />
      <connectorSmbDocument_default_connector />
      <connectorSmbDocument_default_connectorType />
      <connectorSmbDocument_default_errorCode />
      <connectorSmbDocument_default_errorMessage />
      <connectorSmbDocument_default_errorsCount />
      <connectorSmbDocument_default_extension />
      <connectorSmbDocument_default_fetchDelay />
      <connectorSmbDocument_default_fetched />
      <connectorSmbDocument_default_fetchedDateTime />
      <connectorSmbDocument_default_frequency />
      <connectorSmbDocument_default_language />
      <connectorSmbDocument_default_lastFetchAttempt />
      <connectorSmbDocument_default_lastFetchAttemptDetails />
      <connectorSmbDocument_default_lastFetchAttemptStatus />
      <connectorSmbDocument_default_lastModified />
      <connectorSmbDocument_default_mimetype />
      <connectorSmbDocument_default_neverFetch />
      <connectorSmbDocument_default_nextFetch />
      <connectorSmbDocument_default_permissionsHash />
      <connectorSmbDocument_default_searchable />
      <connectorSmbDocument_default_size />
      <connectorSmbDocument_default_status />
      <connectorSmbDocument_default_traversalCode />
      <connectorSmbDocument_default_errorStackTrace />
      <connectorSmbDocument_default_parsedContent />
    </DisplayMetadataCodes>
    <FormMetadataCodes>
      <connectorSmbDocument_default_title />
      <connectorSmbDocument_default_connector />
      <connectorSmbDocument_default_connectorType />
      <connectorSmbDocument_default_errorCode />
      <connectorSmbDocument_default_errorMessage />
      <connectorSmbDocument_default_errorsCount />
      <connectorSmbDocument_default_extension />
      <connectorSmbDocument_default_fetchDelay />
      <connectorSmbDocument_default_frequency />
      <connectorSmbDocument_default_language />
      <connectorSmbDocument_default_lastFetchAttemptDetails />
      <connectorSmbDocument_default_lastFetchAttemptStatus />
      <connectorSmbDocument_default_mimetype />
      <connectorSmbDocument_default_permissionsHash />
      <connectorSmbDocument_default_size />
      <connectorSmbDocument_default_status />
      <connectorSmbDocument_default_traversalCode />
      <connectorSmbDocument_default_url />
      <connectorSmbDocument_default_fetchedDateTime />
      <connectorSmbDocument_default_lastFetchAttempt />
      <connectorSmbDocument_default_lastModified />
      <connectorSmbDocument_default_fetched />
      <connectorSmbDocument_default_neverFetch />
      <connectorSmbDocument_default_searchable />
      <connectorSmbDocument_default_errorStackTrace />
      <connectorSmbDocument_default_parsedContent />
    </FormMetadataCodes>
    <SearchResultsMetadataCodes>
      <connectorSmbDocument_default_title />
      <connectorSmbDocument_default_modifiedOn />
      <connectorSmbDocument_default_connectorUrl />
      <connectorSmbDocument_default_parentConnectorUrl />
      <connectorSmbDocument_default_parentUrl />
      <connectorSmbDocument_default_lastModified />
      <connectorSmbDocument_default_url />
      <connectorSmbDocument_default_size />
    </SearchResultsMetadataCodes>
    <TableMetadataCodes>
      <connectorSmbDocument_default_title />
      <connectorSmbDocument_default_modifiedOn />
    </TableMetadataCodes>
  </SchemaDisplayConfigs>
  <SchemaDisplayConfigs SchemaCode="connectorSmbFolder_default">
    <DisplayMetadataCodes>
      <connectorSmbFolder_default_title />
      <connectorSmbFolder_default_createdBy />
      <connectorSmbFolder_default_createdOn />
      <connectorSmbFolder_default_modifiedBy />
      <connectorSmbFolder_default_modifiedOn />
      <connectorSmbFolder_default_connector />
      <connectorSmbFolder_default_connectorType />
      <connectorSmbFolder_default_errorCode />
      <connectorSmbFolder_default_errorMessage />
      <connectorSmbFolder_default_errorsCount />
      <connectorSmbFolder_default_fetchDelay />
      <connectorSmbFolder_default_fetched />
      <connectorSmbFolder_default_fetchedDateTime />
      <connectorSmbFolder_default_frequency />
      <connectorSmbFolder_default_lastFetchAttempt />
      <connectorSmbFolder_default_lastFetchedStatus />
      <connectorSmbFolder_default_lastModified />
      <connectorSmbFolder_default_mimetype />
      <connectorSmbFolder_default_neverFetch />
      <connectorSmbFolder_default_nextFetch />
      <connectorSmbFolder_default_permissionsHash />
      <connectorSmbFolder_default_searchable />
      <connectorSmbFolder_default_status />
      <connectorSmbFolder_default_traversalCode />
      <connectorSmbFolder_default_errorStackTrace />
    </DisplayMetadataCodes>
    <FormMetadataCodes>
      <connectorSmbFolder_default_title />
      <connectorSmbFolder_default_connector />
      <connectorSmbFolder_default_connectorType />
      <connectorSmbFolder_default_errorCode />
      <connectorSmbFolder_default_errorMessage />
      <connectorSmbFolder_default_errorsCount />
      <connectorSmbFolder_default_fetchDelay />
      <connectorSmbFolder_default_frequency />
      <connectorSmbFolder_default_lastFetchedStatus />
      <connectorSmbFolder_default_mimetype />
      <connectorSmbFolder_default_permissionsHash />
      <connectorSmbFolder_default_status />
      <connectorSmbFolder_default_traversalCode />
      <connectorSmbFolder_default_url />
      <connectorSmbFolder_default_fetchedDateTime />
      <connectorSmbFolder_default_lastFetchAttempt />
      <connectorSmbFolder_default_lastModified />
      <connectorSmbFolder_default_fetched />
      <connectorSmbFolder_default_neverFetch />
      <connectorSmbFolder_default_searchable />
      <connectorSmbFolder_default_errorStackTrace />
    </FormMetadataCodes>
    <SearchResultsMetadataCodes>
      <connectorSmbFolder_default_title />
      <connectorSmbFolder_default_modifiedOn />
      <connectorSmbFolder_default_connectorUrl />
      <connectorSmbFolder_default_parentConnectorUrl />
      <connectorSmbFolder_default_parentUrl />
      <connectorSmbFolder_default_lastModified />
      <connectorSmbFolder_default_url />
    </SearchResultsMetadataCodes>
    <TableMetadataCodes>
      <connectorSmbFolder_default_title />
      <connectorSmbFolder_default_modifiedOn />
    </TableMetadataCodes>
  </SchemaDisplayConfigs>
  <MetadataDisplayConfigs>
    <authorizationDetails_default_path VisibleInAdvancedSearch="true" InputType="FIELD" Highlight="false" metadataGroup="" />
    <capsule_default_html VisibleInAdvancedSearch="false" InputType="RICHTEXT" Highlight="false" metadataGroup="" />
    <capsule_default_images VisibleInAdvancedSearch="false" InputType="CONTENT" Highlight="false" metadataGroup="" />
    <capsule_default_language VisibleInAdvancedSearch="false" InputType="DROPDOWN" Highlight="false" metadataGroup="" />
    <collection_default_path VisibleInAdvancedSearch="true" InputType="FIELD" Highlight="false" metadataGroup="" />
    <emailToSend_default_path VisibleInAdvancedSearch="true" InputType="FIELD" Highlight="false" metadataGroup="" />
    <event_default_path VisibleInAdvancedSearch="true" InputType="FIELD" Highlight="false" metadataGroup="" />
    <facet_field_fieldValuesLabel VisibleInAdvancedSearch="false" InputType="FIELD" Highlight="false" metadataGroup="init.facetConfiguration.values" />
    <facet_field_path VisibleInAdvancedSearch="true" InputType="FIELD" Highlight="false" metadataGroup="" />
    <facet_query_listQueries VisibleInAdvancedSearch="false" InputType="FIELD" Highlight="false" metadataGroup="init.facetConfiguration.query" />
    <facet_query_path VisibleInAdvancedSearch="true" InputType="FIELD" Highlight="false" metadataGroup="" />
    <facet_default_path VisibleInAdvancedSearch="true" InputType="FIELD" Highlight="false" metadataGroup="" />
    <group_default_path VisibleInAdvancedSearch="true" InputType="FIELD" Highlight="false" metadataGroup="" />
    <printable_default_path VisibleInAdvancedSearch="true" InputType="FIELD" Highlight="false" metadataGroup="" />
    <report_default_path VisibleInAdvancedSearch="true" InputType="FIELD" Highlight="false" metadataGroup="" />
    <task_approval_path VisibleInAdvancedSearch="true" InputType="FIELD" Highlight="false" metadataGroup="" />
    <task_default_path VisibleInAdvancedSearch="true" InputType="FIELD" Highlight="false" metadataGroup="" />
    <user_default_path VisibleInAdvancedSearch="true" InputType="FIELD" Highlight="false" metadataGroup="" />
    <user_default_personalEmails VisibleInAdvancedSearch="false" InputType="TEXTAREA" Highlight="false" metadataGroup="" />
    <userDocument_default_path VisibleInAdvancedSearch="true" InputType="FIELD" Highlight="false" metadataGroup="" />
    <userFolder_default_path VisibleInAdvancedSearch="true" InputType="FIELD" Highlight="false" metadataGroup="" />
    <connectorHttpDocument_default_connector VisibleInAdvancedSearch="true" InputType="LOOKUP" Highlight="false" metadataGroup="" />
    <connectorHttpDocument_default_contentType VisibleInAdvancedSearch="true" InputType="FIELD" Highlight="false" metadataGroup="" />
    <connectorHttpDocument_default_description VisibleInAdvancedSearch="true" InputType="TEXTAREA" Highlight="true" metadataGroup="" />
    <connectorHttpDocument_default_errorCode VisibleInAdvancedSearch="true" InputType="FIELD" Highlight="false" metadataGroup="" />
    <connectorHttpDocument_default_id VisibleInAdvancedSearch="false" InputType="FIELD" Highlight="true" metadataGroup="" />
    <connectorHttpDocument_default_lastModified VisibleInAdvancedSearch="false" InputType="FIELD" Highlight="true" metadataGroup="" />
    <connectorHttpDocument_default_legacyIdentifier VisibleInAdvancedSearch="false" InputType="FIELD" Highlight="true" metadataGroup="" />
    <connectorHttpDocument_default_level VisibleInAdvancedSearch="true" InputType="FIELD" Highlight="false" metadataGroup="" />
    <connectorHttpDocument_default_parsedContent VisibleInAdvancedSearch="true" InputType="TEXTAREA" Highlight="true" metadataGroup="" />
    <connectorHttpDocument_default_path VisibleInAdvancedSearch="true" InputType="FIELD" Highlight="false" metadataGroup="" />
    <connectorHttpDocument_default_title VisibleInAdvancedSearch="true" InputType="FIELD" Highlight="true" metadataGroup="" />
    <connectorHttpDocument_default_url VisibleInAdvancedSearch="true" InputType="FIELD" Highlight="false" metadataGroup="" />
    <connectorInstance_http_authenticationScheme VisibleInAdvancedSearch="false" InputType="RADIO_BUTTONS" Highlight="false" metadataGroup="connectors.credentialsTab" />
    <connectorInstance_http_daysBeforeRefetching VisibleInAdvancedSearch="false" InputType="FIELD" Highlight="false" metadataGroup="connectors.executionTab" />
    <connectorInstance_http_documentsPerJobs VisibleInAdvancedSearch="false" InputType="HIDDEN" Highlight="false" metadataGroup="connectors.executionTab" />
    <connectorInstance_http_domain VisibleInAdvancedSearch="false" InputType="FIELD" Highlight="false" metadataGroup="connectors.credentialsTab" />
    <connectorInstance_http_enabled VisibleInAdvancedSearch="false" InputType="FIELD" Highlight="false" metadataGroup="connectors.executionTab" />
    <connectorInstance_http_id VisibleInAdvancedSearch="false" InputType="FIELD" Highlight="true" metadataGroup="" />
    <connectorInstance_http_jobsInParallel VisibleInAdvancedSearch="false" InputType="HIDDEN" Highlight="false" metadataGroup="connectors.executionTab" />
    <connectorInstance_http_legacyIdentifier VisibleInAdvancedSearch="false" InputType="FIELD" Highlight="true" metadataGroup="" />
    <connectorInstance_http_password VisibleInAdvancedSearch="false" InputType="PASSWORD" Highlight="false" metadataGroup="connectors.credentialsTab" />
    <connectorInstance_http_path VisibleInAdvancedSearch="true" InputType="FIELD" Highlight="false" metadataGroup="" />
    <connectorInstance_http_title VisibleInAdvancedSearch="false" InputType="FIELD" Highlight="true" metadataGroup="" />
    <connectorInstance_http_traversalSchedule VisibleInAdvancedSearch="false" InputType="FIELD" Highlight="false" metadataGroup="connectors.executionTab" />
    <connectorInstance_http_username VisibleInAdvancedSearch="false" InputType="FIELD" Highlight="false" metadataGroup="connectors.credentialsTab" />
    <connectorInstance_ldap_address VisibleInAdvancedSearch="false" InputType="FIELD" Highlight="false" metadataGroup="connectors.ldapUserTab" />
    <connectorInstance_ldap_company VisibleInAdvancedSearch="false" InputType="FIELD" Highlight="false" metadataGroup="connectors.ldapUserTab" />
    <connectorInstance_ldap_connectionUsername VisibleInAdvancedSearch="false" InputType="FIELD" Highlight="false" metadataGroup="default:connectors.configurationTab" />
    <connectorInstance_ldap_department VisibleInAdvancedSearch="false" InputType="FIELD" Highlight="false" metadataGroup="connectors.ldapUserTab" />
    <connectorInstance_ldap_directoryType VisibleInAdvancedSearch="false" InputType="RADIO_BUTTONS" Highlight="false" metadataGroup="default:connectors.configurationTab" />
    <connectorInstance_ldap_displayName VisibleInAdvancedSearch="false" InputType="FIELD" Highlight="false" metadataGroup="connectors.ldapUserTab" />
    <connectorInstance_ldap_dn VisibleInAdvancedSearch="false" InputType="FIELD" Highlight="false" metadataGroup="connectors.ldapUserTab" />
    <connectorInstance_ldap_documentsPerJob VisibleInAdvancedSearch="false" InputType="FIELD" Highlight="false" metadataGroup="connectors.executionTab" />
    <connectorInstance_ldap_email VisibleInAdvancedSearch="false" InputType="FIELD" Highlight="false" metadataGroup="connectors.ldapUserTab" />
    <connectorInstance_ldap_enabled VisibleInAdvancedSearch="false" InputType="FIELD" Highlight="false" metadataGroup="connectors.executionTab" />
    <connectorInstance_ldap_fetchUsers VisibleInAdvancedSearch="false" InputType="FIELD" Highlight="false" metadataGroup="default:connectors.configurationTab" />
    <connectorInstance_ldap_firstName VisibleInAdvancedSearch="false" InputType="FIELD" Highlight="false" metadataGroup="connectors.ldapUserTab" />
    <connectorInstance_ldap_followReferences VisibleInAdvancedSearch="false" InputType="FIELD" Highlight="false" metadataGroup="default:connectors.configurationTab" />
    <connectorInstance_ldap_id VisibleInAdvancedSearch="false" InputType="FIELD" Highlight="true" metadataGroup="" />
    <connectorInstance_ldap_jobTitle VisibleInAdvancedSearch="false" InputType="FIELD" Highlight="false" metadataGroup="connectors.ldapUserTab" />
    <connectorInstance_ldap_jobsInParallel VisibleInAdvancedSearch="false" InputType="FIELD" Highlight="false" metadataGroup="connectors.executionTab" />
    <connectorInstance_ldap_lastName VisibleInAdvancedSearch="false" InputType="FIELD" Highlight="false" metadataGroup="connectors.ldapUserTab" />
    <connectorInstance_ldap_legacyIdentifier VisibleInAdvancedSearch="false" InputType="FIELD" Highlight="true" metadataGroup="" />
    <connectorInstance_ldap_manager VisibleInAdvancedSearch="false" InputType="FIELD" Highlight="false" metadataGroup="connectors.ldapUserTab" />
    <connectorInstance_ldap_password VisibleInAdvancedSearch="false" InputType="PASSWORD" Highlight="false" metadataGroup="default:connectors.configurationTab" />
    <connectorInstance_ldap_path VisibleInAdvancedSearch="true" InputType="FIELD" Highlight="false" metadataGroup="" />
    <connectorInstance_ldap_telephone VisibleInAdvancedSearch="false" InputType="FIELD" Highlight="false" metadataGroup="connectors.ldapUserTab" />
    <connectorInstance_ldap_title VisibleInAdvancedSearch="false" InputType="FIELD" Highlight="true" metadataGroup="" />
    <connectorInstance_ldap_traversalSchedule VisibleInAdvancedSearch="false" InputType="FIELD" Highlight="false" metadataGroup="connectors.executionTab" />
    <connectorInstance_ldap_url VisibleInAdvancedSearch="false" InputType="FIELD" Highlight="false" metadataGroup="default:connectors.configurationTab" />
    <connectorInstance_ldap_username VisibleInAdvancedSearch="false" InputType="FIELD" Highlight="false" metadataGroup="connectors.ldapUserTab" />
    <connectorInstance_ldap_usersBaseContextList VisibleInAdvancedSearch="false" InputType="FIELD" Highlight="false" metadataGroup="default:connectors.configurationTab" />
    <connectorInstance_smb_enabled VisibleInAdvancedSearch="false" InputType="FIELD" Highlight="false" metadataGroup="connectors.executionTab" />
    <connectorInstance_smb_id VisibleInAdvancedSearch="false" InputType="FIELD" Highlight="true" metadataGroup="" />
    <connectorInstance_smb_legacyIdentifier VisibleInAdvancedSearch="false" InputType="FIELD" Highlight="true" metadataGroup="" />
    <connectorInstance_smb_password VisibleInAdvancedSearch="false" InputType="PASSWORD" Highlight="false" metadataGroup="" />
    <connectorInstance_smb_path VisibleInAdvancedSearch="true" InputType="FIELD" Highlight="false" metadataGroup="" />
    <connectorInstance_smb_skipContentAndACL VisibleInAdvancedSearch="false" InputType="FIELD" Highlight="false" metadataGroup="connectors.advanced" />
    <connectorInstance_smb_skipShareAccessControl VisibleInAdvancedSearch="false" InputType="FIELD" Highlight="false" metadataGroup="connectors.advanced" />
    <connectorInstance_smb_title VisibleInAdvancedSearch="false" InputType="FIELD" Highlight="true" metadataGroup="" />
    <connectorInstance_smb_traversalSchedule VisibleInAdvancedSearch="false" InputType="FIELD" Highlight="false" metadataGroup="connectors.executionTab" />
    <connectorInstance_default_connectorType VisibleInAdvancedSearch="false" InputType="HIDDEN" Highlight="false" metadataGroup="" />
    <connectorInstance_default_id VisibleInAdvancedSearch="false" InputType="FIELD" Highlight="true" metadataGroup="" />
    <connectorInstance_default_legacyIdentifier VisibleInAdvancedSearch="false" InputType="FIELD" Highlight="true" metadataGroup="" />
    <connectorInstance_default_path VisibleInAdvancedSearch="true" InputType="FIELD" Highlight="false" metadataGroup="" />
    <connectorInstance_default_title VisibleInAdvancedSearch="false" InputType="FIELD" Highlight="true" metadataGroup="" />
    <connectorLdapUserDocument_default_address VisibleInAdvancedSearch="true" InputType="TEXTAREA" Highlight="true" metadataGroup="" />
    <connectorLdapUserDocument_default_company VisibleInAdvancedSearch="false" InputType="FIELD" Highlight="true" metadataGroup="" />
    <connectorLdapUserDocument_default_connector VisibleInAdvancedSearch="true" InputType="LOOKUP" Highlight="false" metadataGroup="" />
    <connectorLdapUserDocument_default_department VisibleInAdvancedSearch="false" InputType="FIELD" Highlight="true" metadataGroup="" />
    <connectorLdapUserDocument_default_email VisibleInAdvancedSearch="true" InputType="FIELD" Highlight="true" metadataGroup="" />
    <connectorLdapUserDocument_default_firstName VisibleInAdvancedSearch="true" InputType="FIELD" Highlight="true" metadataGroup="" />
    <connectorLdapUserDocument_default_id VisibleInAdvancedSearch="false" InputType="FIELD" Highlight="true" metadataGroup="" />
    <connectorLdapUserDocument_default_lastModified VisibleInAdvancedSearch="false" InputType="FIELD" Highlight="true" metadataGroup="" />
    <connectorLdapUserDocument_default_lastName VisibleInAdvancedSearch="true" InputType="FIELD" Highlight="true" metadataGroup="" />
    <connectorLdapUserDocument_default_legacyIdentifier VisibleInAdvancedSearch="false" InputType="FIELD" Highlight="true" metadataGroup="" />
    <connectorLdapUserDocument_default_path VisibleInAdvancedSearch="true" InputType="FIELD" Highlight="false" metadataGroup="" />
    <connectorLdapUserDocument_default_telephone VisibleInAdvancedSearch="true" InputType="FIELD" Highlight="true" metadataGroup="" />
    <connectorLdapUserDocument_default_title VisibleInAdvancedSearch="false" InputType="FIELD" Highlight="true" metadataGroup="" />
    <connectorLdapUserDocument_default_username VisibleInAdvancedSearch="true" InputType="FIELD" Highlight="true" metadataGroup="" />
    <connectorLdapUserDocument_default_workTitle VisibleInAdvancedSearch="false" InputType="FIELD" Highlight="true" metadataGroup="" />
    <connectorSmbDocument_default_connectorUrl VisibleInAdvancedSearch="true" InputType="FIELD" Highlight="false" metadataGroup="" />
    <connectorSmbDocument_default_extension VisibleInAdvancedSearch="false" InputType="FIELD" Highlight="true" metadataGroup="" />
    <connectorSmbDocument_default_id VisibleInAdvancedSearch="false" InputType="FIELD" Highlight="true" metadataGroup="" />
    <connectorSmbDocument_default_language VisibleInAdvancedSearch="false" InputType="FIELD" Highlight="true" metadataGroup="" />
    <connectorSmbDocument_default_lastFetchAttempt VisibleInAdvancedSearch="false" InputType="FIELD" Highlight="true" metadataGroup="" />
    <connectorSmbDocument_default_lastFetchAttemptStatus VisibleInAdvancedSearch="false" InputType="RADIO_BUTTONS" Highlight="true" metadataGroup="" />
    <connectorSmbDocument_default_lastModified VisibleInAdvancedSearch="false" InputType="FIELD" Highlight="true" metadataGroup="" />
    <connectorSmbDocument_default_legacyIdentifier VisibleInAdvancedSearch="false" InputType="FIELD" Highlight="true" metadataGroup="" />
    <connectorSmbDocument_default_parentConnectorUrl VisibleInAdvancedSearch="true" InputType="FIELD" Highlight="false" metadataGroup="" />
    <connectorSmbDocument_default_parsedContent VisibleInAdvancedSearch="false" InputType="TEXTAREA" Highlight="true" metadataGroup="" />
    <connectorSmbDocument_default_path VisibleInAdvancedSearch="true" InputType="FIELD" Highlight="false" metadataGroup="" />
    <connectorSmbDocument_default_size VisibleInAdvancedSearch="false" InputType="FIELD" Highlight="true" metadataGroup="" />
    <connectorSmbDocument_default_title VisibleInAdvancedSearch="false" InputType="FIELD" Highlight="true" metadataGroup="" />
    <connectorSmbFolder_default_connectorUrl VisibleInAdvancedSearch="true" InputType="FIELD" Highlight="false" metadataGroup="" />
    <connectorSmbFolder_default_id VisibleInAdvancedSearch="false" InputType="FIELD" Highlight="true" metadataGroup="" />
    <connectorSmbFolder_default_lastFetchAttempt VisibleInAdvancedSearch="false" InputType="FIELD" Highlight="true" metadataGroup="" />
    <connectorSmbFolder_default_lastFetchedStatus VisibleInAdvancedSearch="false" InputType="RADIO_BUTTONS" Highlight="true" metadataGroup="" />
    <connectorSmbFolder_default_lastModified VisibleInAdvancedSearch="false" InputType="FIELD" Highlight="true" metadataGroup="" />
    <connectorSmbFolder_default_legacyIdentifier VisibleInAdvancedSearch="false" InputType="FIELD" Highlight="true" metadataGroup="" />
    <connectorSmbFolder_default_parentConnectorUrl VisibleInAdvancedSearch="true" InputType="FIELD" Highlight="false" metadataGroup="" />
    <connectorSmbFolder_default_parentUrl VisibleInAdvancedSearch="false" InputType="FIELD" Highlight="true" metadataGroup="" />
    <connectorSmbFolder_default_path VisibleInAdvancedSearch="true" InputType="FIELD" Highlight="false" metadataGroup="" />
    <connectorSmbFolder_default_title VisibleInAdvancedSearch="false" InputType="FIELD" Highlight="true" metadataGroup="" />
    <connectorType_default_id VisibleInAdvancedSearch="false" InputType="FIELD" Highlight="true" metadataGroup="" />
    <connectorType_default_legacyIdentifier VisibleInAdvancedSearch="false" InputType="FIELD" Highlight="true" metadataGroup="" />
    <connectorType_default_path VisibleInAdvancedSearch="true" InputType="FIELD" Highlight="false" metadataGroup="" />
    <connectorType_default_title VisibleInAdvancedSearch="false" InputType="FIELD" Highlight="true" metadataGroup="" />
  </MetadataDisplayConfigs>
</display>
