<?xml version="1.0" encoding="UTF-8"?>
<display format="2">
  <SchemaTypeDisplayConfigs>
    <facet manageable="false" simpleSearch="false" advancedSearch="false">
      <MetadataGroupsLabels>
        <MetadataGroupLabel code="init.facetConfiguration.query" labels="fr=Requêtes;;" />
        <MetadataGroupLabel code="default:init.facetConfiguration.configuration" labels="fr=Configuration;;" />
        <MetadataGroupLabel code="init.facetConfiguration.values" labels="fr=Valeurs;;" />
      </MetadataGroupsLabels>
    </facet>
  </SchemaTypeDisplayConfigs>
  <SchemaDisplayConfigs SchemaCode="facet_field">
    <DisplayMetadataCodes>
      <facet_field_title />
      <facet_field_createdBy />
      <facet_field_createdOn />
      <facet_field_modifiedBy />
      <facet_field_modifiedOn />
      <facet_field_active />
      <facet_field_elementPerPage />
      <facet_field_facetType />
      <facet_field_fieldDatastoreCode />
      <facet_field_openByDefault />
      <facet_field_order />
      <facet_field_orderResult />
      <facet_field_pages />
      <facet_field_fieldValuesLabel />
    </DisplayMetadataCodes>
    <FormMetadataCodes>
      <facet_field_title />
      <facet_field_elementPerPage />
      <facet_field_facetType />
      <facet_field_fieldDatastoreCode />
      <facet_field_order />
      <facet_field_orderResult />
      <facet_field_pages />
      <facet_field_active />
      <facet_field_openByDefault />
      <facet_field_fieldValuesLabel />
    </FormMetadataCodes>
    <SearchResultsMetadataCodes>
      <facet_field_title />
      <facet_field_modifiedOn />
    </SearchResultsMetadataCodes>
    <TableMetadataCodes />
  </SchemaDisplayConfigs>
  <SchemaDisplayConfigs SchemaCode="facet_query">
    <DisplayMetadataCodes>
      <facet_query_title />
      <facet_query_createdBy />
      <facet_query_createdOn />
      <facet_query_modifiedBy />
      <facet_query_modifiedOn />
      <facet_query_active />
      <facet_query_elementPerPage />
      <facet_query_facetType />
      <facet_query_fieldDatastoreCode />
      <facet_query_openByDefault />
      <facet_query_order />
      <facet_query_orderResult />
      <facet_query_pages />
      <facet_query_listQueries />
    </DisplayMetadataCodes>
    <FormMetadataCodes>
      <facet_query_title />
      <facet_query_elementPerPage />
      <facet_query_facetType />
      <facet_query_fieldDatastoreCode />
      <facet_query_order />
      <facet_query_orderResult />
      <facet_query_pages />
      <facet_query_active />
      <facet_query_openByDefault />
      <facet_query_listQueries />
    </FormMetadataCodes>
    <SearchResultsMetadataCodes>
      <facet_query_title />
      <facet_query_modifiedOn />
    </SearchResultsMetadataCodes>
    <TableMetadataCodes />
  </SchemaDisplayConfigs>
  <SchemaDisplayConfigs SchemaCode="task_approval">
    <DisplayMetadataCodes>
      <task_approval_title />
      <task_approval_createdBy />
      <task_approval_createdOn />
      <task_approval_modifiedBy />
      <task_approval_modifiedOn />
      <task_approval_assignCandidates />
      <task_approval_assignedOn />
      <task_approval_assignedTo />
      <task_approval_dueDate />
      <task_approval_finishedBy />
      <task_approval_finishedOn />
      <task_approval_workflowIdentifier />
      <task_approval_workflowRecordIdentifiers />
      <task_approval_decision />
    </DisplayMetadataCodes>
    <FormMetadataCodes>
      <task_approval_title />
      <task_approval_assignCandidates />
      <task_approval_assignedTo />
      <task_approval_finishedBy />
      <task_approval_workflowIdentifier />
      <task_approval_workflowRecordIdentifiers />
      <task_approval_assignedOn />
      <task_approval_dueDate />
      <task_approval_finishedOn />
      <task_approval_decision />
    </FormMetadataCodes>
    <SearchResultsMetadataCodes>
      <task_approval_title />
      <task_approval_modifiedOn />
    </SearchResultsMetadataCodes>
    <TableMetadataCodes />
  </SchemaDisplayConfigs>
  <SchemaDisplayConfigs SchemaCode="temporaryRecord_batchProcessReport">
    <DisplayMetadataCodes>
      <temporaryRecord_batchProcessReport_createdBy />
      <temporaryRecord_batchProcessReport_createdOn />
      <temporaryRecord_batchProcessReport_modifiedBy />
      <temporaryRecord_batchProcessReport_modifiedOn />
      <temporaryRecord_batchProcessReport_daysBeforeDestruction />
      <temporaryRecord_batchProcessReport_errors />
      <temporaryRecord_batchProcessReport_linkedBatchProcess />
      <temporaryRecord_batchProcessReport_skippedRecords />
      <temporaryRecord_batchProcessReport_content />
    </DisplayMetadataCodes>
    <FormMetadataCodes>
      <temporaryRecord_batchProcessReport_title />
      <temporaryRecord_batchProcessReport_daysBeforeDestruction />
    </FormMetadataCodes>
    <SearchResultsMetadataCodes>
      <temporaryRecord_batchProcessReport_title />
      <temporaryRecord_batchProcessReport_modifiedOn />
    </SearchResultsMetadataCodes>
    <TableMetadataCodes>
      <temporaryRecord_batchProcessReport_createdBy />
      <temporaryRecord_batchProcessReport_createdOn />
      <temporaryRecord_batchProcessReport_destructionDate />
      <temporaryRecord_batchProcessReport_content />
    </TableMetadataCodes>
  </SchemaDisplayConfigs>
  <SchemaDisplayConfigs SchemaCode="temporaryRecord_exportAudit">
    <DisplayMetadataCodes>
      <temporaryRecord_exportAudit_title />
      <temporaryRecord_exportAudit_createdBy />
      <temporaryRecord_exportAudit_createdOn />
      <temporaryRecord_exportAudit_modifiedBy />
      <temporaryRecord_exportAudit_modifiedOn />
      <temporaryRecord_exportAudit_daysBeforeDestruction />
      <temporaryRecord_exportAudit_endDate />
    </DisplayMetadataCodes>
    <FormMetadataCodes>
      <temporaryRecord_exportAudit_title />
      <temporaryRecord_exportAudit_daysBeforeDestruction />
    </FormMetadataCodes>
    <SearchResultsMetadataCodes>
      <temporaryRecord_exportAudit_title />
      <temporaryRecord_exportAudit_modifiedOn />
    </SearchResultsMetadataCodes>
    <TableMetadataCodes>
      <temporaryRecord_exportAudit_createdBy />
      <temporaryRecord_exportAudit_createdOn />
      <temporaryRecord_exportAudit_destructionDate />
      <temporaryRecord_exportAudit_content />
    </TableMetadataCodes>
  </SchemaDisplayConfigs>
  <SchemaDisplayConfigs SchemaCode="temporaryRecord_importAudit">
    <DisplayMetadataCodes>
      <temporaryRecord_importAudit_title />
      <temporaryRecord_importAudit_createdBy />
      <temporaryRecord_importAudit_createdOn />
      <temporaryRecord_importAudit_modifiedBy />
      <temporaryRecord_importAudit_modifiedOn />
      <temporaryRecord_importAudit_daysBeforeDestruction />
      <temporaryRecord_importAudit_endDate />
      <temporaryRecord_importAudit_errors />
    </DisplayMetadataCodes>
    <FormMetadataCodes>
      <temporaryRecord_importAudit_title />
      <temporaryRecord_importAudit_daysBeforeDestruction />
    </FormMetadataCodes>
    <SearchResultsMetadataCodes>
      <temporaryRecord_importAudit_title />
      <temporaryRecord_importAudit_modifiedOn />
    </SearchResultsMetadataCodes>
    <TableMetadataCodes>
      <temporaryRecord_importAudit_createdBy />
      <temporaryRecord_importAudit_createdOn />
      <temporaryRecord_importAudit_destructionDate />
      <temporaryRecord_importAudit_content />
    </TableMetadataCodes>
  </SchemaDisplayConfigs>
  <SchemaDisplayConfigs SchemaCode="temporaryRecord_default">
    <DisplayMetadataCodes>
      <temporaryRecord_default_title />
      <temporaryRecord_default_createdBy />
      <temporaryRecord_default_createdOn />
      <temporaryRecord_default_modifiedBy />
      <temporaryRecord_default_modifiedOn />
      <temporaryRecord_default_daysBeforeDestruction />
    </DisplayMetadataCodes>
    <FormMetadataCodes>
      <temporaryRecord_default_title />
      <temporaryRecord_default_daysBeforeDestruction />
    </FormMetadataCodes>
    <SearchResultsMetadataCodes>
      <temporaryRecord_default_title />
      <temporaryRecord_default_modifiedOn />
    </SearchResultsMetadataCodes>
    <TableMetadataCodes>
      <temporaryRecord_default_createdBy />
      <temporaryRecord_default_createdOn />
      <temporaryRecord_default_destructionDate />
      <temporaryRecord_default_content />
    </TableMetadataCodes>
  </SchemaDisplayConfigs>
  <SchemaDisplayConfigs SchemaCode="user_default">
    <DisplayMetadataCodes>
      <user_default_username />
      <user_default_firstname />
      <user_default_lastname />
      <user_default_title />
      <user_default_email />
      <user_default_groups />
      <user_default_jobTitle />
      <user_default_phone />
      <user_default_status />
      <user_default_createdOn />
      <user_default_modifiedOn />
      <user_default_allroles />
      <user_default_defaultPageLength />
    </DisplayMetadataCodes>
    <FormMetadataCodes>
      <user_default_defaultTabInFolderDisplay />
      <user_default_defaultTaxonomy />
      <user_default_email />
      <user_default_firstname />
      <user_default_groups />
      <user_default_jobTitle />
      <user_default_lastname />
      <user_default_loginLanguageCode />
      <user_default_phone />
      <user_default_startTab />
      <user_default_status />
      <user_default_username />
      <user_default_userroles />
      <user_default_collectionDeleteAccess />
      <user_default_collectionReadAccess />
      <user_default_collectionWriteAccess />
      <user_default_systemAdmin />
      <user_default_signature />
    </FormMetadataCodes>
    <SearchResultsMetadataCodes>
      <user_default_title />
      <user_default_modifiedOn />
    </SearchResultsMetadataCodes>
    <TableMetadataCodes>
      <user_default_title />
      <user_default_modifiedOn />
    </TableMetadataCodes>
  </SchemaDisplayConfigs>
  <MetadataDisplayConfigs>
    <authorizationDetails_default_path VisibleInAdvancedSearch="true" InputType="FIELD" Highlight="false" metadataGroup="" />
    <capsule_default_html VisibleInAdvancedSearch="false" InputType="RICHTEXT" Highlight="false" metadataGroup="" />
    <collection_default_path VisibleInAdvancedSearch="true" InputType="FIELD" Highlight="false" metadataGroup="" />
    <emailToSend_default_path VisibleInAdvancedSearch="true" InputType="FIELD" Highlight="false" metadataGroup="" />
    <event_default_path VisibleInAdvancedSearch="true" InputType="FIELD" Highlight="false" metadataGroup="" />
    <facet_field_fieldValuesLabel VisibleInAdvancedSearch="false" InputType="FIELD" Highlight="false" metadataGroup="init.facetConfiguration.values" />
    <facet_field_path VisibleInAdvancedSearch="true" InputType="FIELD" Highlight="false" metadataGroup="" />
    <facet_query_listQueries VisibleInAdvancedSearch="false" InputType="FIELD" Highlight="false" metadataGroup="init.facetConfiguration.query" />
    <facet_query_path VisibleInAdvancedSearch="true" InputType="FIELD" Highlight="false" metadataGroup="" />
    <facet_default_path VisibleInAdvancedSearch="true" InputType="FIELD" Highlight="false" metadataGroup="" />
    <group_default_path VisibleInAdvancedSearch="true" InputType="FIELD" Highlight="false" metadataGroup="" />
    <printable_default_path VisibleInAdvancedSearch="true" InputType="FIELD" Highlight="false" metadataGroup="" />
    <report_default_path VisibleInAdvancedSearch="true" InputType="FIELD" Highlight="false" metadataGroup="" />
    <task_approval_path VisibleInAdvancedSearch="true" InputType="FIELD" Highlight="false" metadataGroup="" />
    <task_default_path VisibleInAdvancedSearch="true" InputType="FIELD" Highlight="false" metadataGroup="" />
    <user_default_path VisibleInAdvancedSearch="true" InputType="FIELD" Highlight="false" metadataGroup="" />
    <user_default_personalEmails VisibleInAdvancedSearch="false" InputType="TEXTAREA" Highlight="false" metadataGroup="" />
    <userDocument_default_path VisibleInAdvancedSearch="true" InputType="FIELD" Highlight="false" metadataGroup="" />
    <userFolder_default_path VisibleInAdvancedSearch="true" InputType="FIELD" Highlight="false" metadataGroup="" />
  </MetadataDisplayConfigs>
</display>
