<?xml version="1.0" encoding="UTF-8"?>
<taxonomies>
  <enables>
    <taxonomy code="smbFolders">
      <title titleen="File shares" titlefr="Partages réseaux" />
      <collection>zeCollection</collection>
      <schemaTypes>
        <schemaType>connectorSmbFolder</schemaType>
      </schemaTypes>
      <visibleInHomePage>true</visibleInHomePage>
      <showParentsInSearchResults>false</showParentsInSearchResults>
      <groupIds />
      <userIds />
    </taxonomy>
  </enables>
  <disables />
</taxonomies>
