<?xml version="1.0" encoding="UTF-8"?>
<types version="7" languages="fr" format="3">
  <type code="collection" label_fr="Collection" inTransactionLog="t">
    <defaultSchema code="default" label_fr="Collection">
      <m code="allauthorizations" label_fr="Toutes les autorisations" multivalue="t" type="STRING">
        <dataEntry calculator="com.constellio.model.services.schemas.calculators.AllAuthorizationsCalculator" />
      </m>
      <m code="authorizations" label_fr="Autorisations" multivalue="t" type="STRING" />
      <m code="code" label_fr="Code" systemReserved="f" uniqueValue="t" unmodifiable="t" type="STRING" />
      <m code="createdOn" label_fr="Date de création" sortable="t" type="DATE_TIME" />
      <m code="deleted" label_fr="Supprimé" type="BOOLEAN" />
      <m code="denyTokens" label_fr="collection" multivalue="t" type="STRING">
        <validators classNames="com.constellio.model.services.schemas.validators.ManualTokenValidator" />
      </m>
      <m code="detachedauthorizations" label_fr="Autorisations détachées" type="BOOLEAN" />
      <m code="errorOnPhysicalDeletion" label_fr="Erreur lors de la suppression physique" type="BOOLEAN" />
      <m code="followers" label_fr="Suiveurs" multivalue="t" searchable="t" type="STRING" />
      <m code="id" label_fr="ID" searchable="t" sortable="t" uniqueValue="t" unmodifiable="t" type="STRING" defaultRequirement="t" />
      <m code="inheritedauthorizations" label_fr="Autorisations héritées" multivalue="t" type="STRING">
        <dataEntry calculator="com.constellio.model.services.schemas.calculators.InheritedAuthorizationsCalculator" />
      </m>
      <m code="languages" label_fr="langues" multivalue="t" systemReserved="f" unmodifiable="t" type="STRING" />
      <m code="legacyIdentifier" label_fr="Ancien identifiant" searchable="t" uniqueValue="t" unmodifiable="t" type="STRING" defaultRequirement="t" />
      <m code="logicallyDeletedOn" label_fr="Date suppression" type="DATE_TIME" />
      <m code="manualTokens" label_fr="collection" multivalue="t" type="STRING">
        <validators classNames="com.constellio.model.services.schemas.validators.ManualTokenValidator" />
      </m>
      <m code="markedForPreviewConversion" label_fr="Requiert une conversion" type="BOOLEAN" />
      <m code="modifiedOn" label_fr="Date de modification" sortable="t" type="DATE_TIME" />
      <m code="name" label_fr="Nom" systemReserved="f" type="STRING" />
      <m code="parentpath" label_fr="Chemin du parent" multivalue="t" type="STRING">
        <dataEntry calculator="com.constellio.model.services.schemas.calculators.ParentPathCalculator" />
      </m>
      <m code="path" label_fr="Chemin" multivalue="t" type="STRING">
        <dataEntry calculator="com.constellio.model.services.schemas.calculators.PathCalculator" />
      </m>
      <m code="pathParts" label_fr="Segments de chemins" multivalue="t" type="STRING">
        <dataEntry calculator="com.constellio.model.services.schemas.calculators.PathPartsCalculator" />
      </m>
      <m code="principalpath" label_fr="Chemin principal" type="STRING">
        <dataEntry calculator="com.constellio.model.services.schemas.calculators.PrincipalPathCalculator" />
      </m>
      <m code="removedauthorizations" label_fr="Autorisations supprimées" multivalue="t" type="STRING" />
      <m code="schema" label_fr="Format" type="STRING" defaultRequirement="t" />
      <m code="searchable" label_fr="Recherchable" type="BOOLEAN" />
      <m code="shareDenyTokens" label_fr="collection" multivalue="t" type="STRING">
        <validators classNames="com.constellio.model.services.schemas.validators.ManualTokenValidator" />
      </m>
      <m code="shareTokens" label_fr="collection" multivalue="t" type="STRING">
        <validators classNames="com.constellio.model.services.schemas.validators.ManualTokenValidator" />
      </m>
      <m code="title" label_fr="Titre" searchable="t" schemaAutocomplete="t" systemReserved="f" type="STRING" />
      <m code="tokens" label_fr="Jetons" multivalue="t" type="STRING">
        <dataEntry calculator="com.constellio.model.services.schemas.calculators.TokensCalculator2" />
      </m>
      <m code="visibleInTrees" label_fr="Visible dans l''arbre" type="BOOLEAN" />
    </defaultSchema>
    <customSchemas />
  </type>
  <type code="emailToSend" label_fr="Courriel à envoyer" inTransactionLog="t">
    <defaultSchema code="default" label_fr="Courriel à envoyer">
      <m code="BCC" label_fr="Champ BCC" multivalue="t" systemReserved="f" type="STRUCTURE" structureFactory="com.constellio.model.entities.structures.EmailAddressFactory" />
      <m code="CC" label_fr="Champ CC" multivalue="t" systemReserved="f" type="STRUCTURE" structureFactory="com.constellio.model.entities.structures.EmailAddressFactory" />
      <m code="allauthorizations" />
      <m code="authorizations" />
      <m code="createdBy" label_fr="Créé par" type="REFERENCE">
        <references schemaType="user" />
      </m>
      <m code="createdOn" />
      <m code="deleted" />
      <m code="denyTokens" label_fr="emailToSend" />
      <m code="detachedauthorizations" />
      <m code="error" label_fr="Erreur" systemReserved="f" type="STRING" />
      <m code="errorOnPhysicalDeletion" />
      <m code="followers" />
      <m code="from" label_fr="De" systemReserved="f" type="STRUCTURE" structureFactory="com.constellio.model.entities.structures.EmailAddressFactory" />
      <m code="id" />
      <m code="inheritedauthorizations" />
      <m code="legacyIdentifier" />
      <m code="logicallyDeletedOn" />
      <m code="manualTokens" label_fr="emailToSend" />
      <m code="markedForPreviewConversion" />
      <m code="modifiedBy" label_fr="Modifié par" type="REFERENCE">
        <references schemaType="user" />
      </m>
      <m code="modifiedOn" />
      <m code="parameters" label_fr="Paramètres" multivalue="t" systemReserved="f" type="STRING" />
      <m code="parentpath" />
      <m code="path" />
      <m code="pathParts" />
      <m code="principalpath" />
      <m code="removedauthorizations" />
      <m code="schema" />
      <m code="searchable" />
      <m code="sendOn" label_fr="Date d'envoi" systemReserved="f" type="DATE_TIME" />
      <m code="shareDenyTokens" label_fr="emailToSend" />
      <m code="shareTokens" label_fr="emailToSend" />
      <m code="subject" label_fr="Objet" systemReserved="f" type="STRING" />
      <m code="template" label_fr="Modèle" systemReserved="f" type="STRING" />
      <m code="title" />
      <m code="to" label_fr="À" multivalue="t" systemReserved="f" type="STRUCTURE" structureFactory="com.constellio.model.entities.structures.EmailAddressFactory" />
      <m code="tokens" />
      <m code="tryingCount" label_fr="Nombre d''essai" systemReserved="f" type="NUMBER" defaultRequirement="t">
        <defaultValue type="java.lang.Double">0.0</defaultValue>
      </m>
      <m code="visibleInTrees" />
    </defaultSchema>
    <customSchemas />
  </type>
  <type code="event" label_fr="Événement" inTransactionLog="t">
    <defaultSchema code="default" label_fr="Événement">
      <m code="allauthorizations" />
      <m code="authorizations" />
      <m code="createdBy" label_fr="Créé par" type="REFERENCE">
        <references schemaType="user" />
      </m>
      <m code="createdOn" label_fr="Date de l'évènement" />
      <m code="deleted" />
      <m code="delta" label_fr="Détails" systemReserved="f" type="STRING" />
      <m code="denyTokens" label_fr="event" />
      <m code="detachedauthorizations" />
      <m code="errorOnPhysicalDeletion" />
      <m code="eventPrincipalPath" label_fr="Chemin principal" systemReserved="f" type="STRING" />
      <m code="followers" />
      <m code="id" />
      <m code="inheritedauthorizations" />
      <m code="ip" label_fr="IP" systemReserved="f" type="STRING" />
      <m code="legacyIdentifier" />
      <m code="logicallyDeletedOn" />
      <m code="manualTokens" label_fr="event" />
      <m code="markedForPreviewConversion" />
      <m code="modifiedBy" label_fr="Modifié par" type="REFERENCE">
        <references schemaType="user" />
      </m>
      <m code="modifiedOn" label_fr="Date de l'évènement" />
      <m code="parentpath" />
      <m code="path" />
      <m code="pathParts" />
      <m code="permissionDateRange" label_fr="Dates (permission)" systemReserved="f" type="STRING" />
      <m code="permissionRoles" label_fr="Rôles (permission)" systemReserved="f" type="STRING" />
      <m code="permissionUsers" label_fr="Utilisateurs (permission)" systemReserved="f" type="STRING" />
      <m code="principalpath" />
      <m code="reason" label_fr="Raison" systemReserved="f" type="STRING" />
      <m code="recordIdentifier" label_fr="Identifiant" systemReserved="f" type="STRING" />
      <m code="recordVersion" label_en="Version" label_fr="Version" undeletable="f" systemReserved="f" type="STRING" />
      <m code="removedauthorizations" />
      <m code="schema" />
      <m code="searchable" />
      <m code="shareDenyTokens" label_fr="event" />
      <m code="shareTokens" label_fr="event" />
      <m code="title" />
      <m code="tokens" />
      <m code="type" label_fr="Type" systemReserved="f" type="STRING" />
      <m code="userRoles" label_fr="Rôles (utilisateur)" systemReserved="f" type="STRING" />
      <m code="username" label_fr="Utilisateur" systemReserved="f" type="STRING" />
      <m code="visibleInTrees" />
    </defaultSchema>
    <customSchemas />
  </type>
  <type code="facet" label_fr="Facette" inTransactionLog="t">
    <defaultSchema code="default" label_fr="Facette">
      <m code="active" label_fr="Actif" systemReserved="f" type="BOOLEAN">
        <defaultValue type="java.lang.Boolean">true</defaultValue>
      </m>
      <m code="allauthorizations" />
      <m code="authorizations" />
      <m code="createdBy" label_fr="Créé par" type="REFERENCE">
        <references schemaType="user" />
      </m>
      <m code="createdOn" />
      <m code="deleted" />
      <m code="denyTokens" label_fr="facet" />
      <m code="detachedauthorizations" />
      <m code="elementPerPage" label_fr="Éléments par page" systemReserved="f" type="NUMBER" defaultRequirement="t">
        <defaultValue type="java.lang.Integer">5</defaultValue>
      </m>
      <m code="errorOnPhysicalDeletion" />
      <m code="facetType" label_fr="Type" systemReserved="f" type="ENUM" defaultRequirement="t" enumClass="com.constellio.model.entities.records.wrappers.structure.FacetType" />
      <m code="fieldDatastoreCode" label_fr="Code de champs" systemReserved="f" essential="t" type="STRING" />
      <m code="followers" />
      <m code="id" />
      <m code="inheritedauthorizations" />
      <m code="legacyIdentifier" />
      <m code="logicallyDeletedOn" />
      <m code="manualTokens" label_fr="facet" />
      <m code="markedForPreviewConversion" />
      <m code="modifiedBy" label_fr="Modifié par" type="REFERENCE">
        <references schemaType="user" />
      </m>
      <m code="modifiedOn" />
      <m code="openByDefault" label_fr="Ouvert par défaut" systemReserved="f" type="BOOLEAN">
        <defaultValue type="java.lang.Boolean">true</defaultValue>
      </m>
      <m code="order" label_fr="Ordre" systemReserved="f" type="NUMBER" />
      <m code="orderResult" label_fr="Ordre des résultats" systemReserved="f" type="ENUM" defaultRequirement="t" enumClass="com.constellio.model.entities.records.wrappers.structure.FacetOrderType">
        <defaultValue type="com.constellio.model.entities.records.wrappers.structure.FacetOrderType">R</defaultValue>
      </m>
      <m code="pages" label_fr="Nombre de pages" systemReserved="f" type="NUMBER">
        <defaultValue type="java.lang.Integer">1</defaultValue>
      </m>
      <m code="parentpath" />
      <m code="path" />
      <m code="pathParts" />
      <m code="principalpath" />
      <m code="removedauthorizations" />
      <m code="schema" />
      <m code="searchable" />
      <m code="shareDenyTokens" label_fr="facet" />
      <m code="shareTokens" label_fr="facet" />
      <m code="title" defaultRequirement="t" />
      <m code="tokens" />
      <m code="usedByModule" label_fr="Utilisé par le module" type="STRING" />
      <m code="visibleInTrees" />
    </defaultSchema>
    <customSchemas>
      <schema code="field" label_fr="Champ" undeletable="f">
        <m code="fieldValuesLabel" label_fr="Libellés des valeurs de champs" systemReserved="f" type="STRUCTURE" structureFactory="com.constellio.model.entities.structures.MapStringStringStructureFactory" />
      </schema>
      <schema code="query" label_fr="Requête" undeletable="f">
        <m code="listQueries" label_fr="Liste des requêtes" systemReserved="f" type="STRUCTURE" structureFactory="com.constellio.model.entities.structures.MapStringStringStructureFactory" />
      </schema>
    </customSchemas>
  </type>
  <type code="globalGroup" label_fr="globalGroup" inTransactionLog="t">
    <defaultSchema code="default" label_fr="globalGroup">
      <m code="allauthorizations" label_fr="allauthorizations" />
      <m code="authorizations" label_fr="authorizations" />
      <m code="code" label_fr="code" systemReserved="f" essential="t" uniqueValue="t" type="STRING" defaultRequirement="t" />
      <m code="collections" label_fr="collections" multivalue="t" systemReserved="f" type="STRING" />
      <m code="createdBy" label_fr="createdBy" type="REFERENCE">
        <references schemaType="user" />
      </m>
      <m code="createdOn" label_fr="createdOn" />
      <m code="deleted" label_fr="deleted" />
      <m code="denyTokens" label_fr="globalGroup" />
      <m code="detachedauthorizations" label_fr="detachedauthorizations" />
      <m code="errorOnPhysicalDeletion" label_fr="errorOnPhysicalDeletion" />
      <m code="followers" label_fr="followers" />
      <m code="hierarchy" label_fr="hierarchy" systemReserved="f" type="STRING" />
      <m code="id" label_fr="id" />
      <m code="inheritedauthorizations" label_fr="inheritedauthorizations" />
      <m code="legacyIdentifier" label_fr="legacyIdentifier" />
      <m code="logicallyDeletedOn" label_fr="logicallyDeletedOn" />
      <m code="manualTokens" label_fr="globalGroup" />
      <m code="markedForPreviewConversion" label_fr="markedForPreviewConversion" />
      <m code="modifiedBy" label_fr="modifiedBy" type="REFERENCE">
        <references schemaType="user" />
      </m>
      <m code="modifiedOn" label_fr="modifiedOn" />
      <m code="name" label_fr="name" systemReserved="f" type="STRING" defaultRequirement="t" />
      <m code="parent" label_fr="parent" systemReserved="f" type="STRING" />
      <m code="parentpath" label_fr="parentpath" />
      <m code="path" label_fr="path" />
      <m code="pathParts" label_fr="pathParts" />
      <m code="principalpath" label_fr="principalpath" />
      <m code="removedauthorizations" label_fr="removedauthorizations" />
      <m code="schema" label_fr="schema" />
      <m code="searchable" label_fr="searchable" />
      <m code="shareDenyTokens" label_fr="globalGroup" />
      <m code="shareTokens" label_fr="globalGroup" />
      <m code="status" label_fr="status" systemReserved="f" type="ENUM" defaultRequirement="t" enumClass="com.constellio.model.entities.security.global.GlobalGroupStatus" />
      <m code="title" label_fr="title" />
      <m code="tokens" label_fr="tokens" />
      <m code="visibleInTrees" label_fr="visibleInTrees" />
    </defaultSchema>
    <customSchemas />
  </type>
  <type code="group" label_fr="Groupe" inTransactionLog="t">
    <defaultSchema code="default" label_fr="Groupe">
      <m code="allauthorizations" />
      <m code="authorizations" />
      <m code="code" label_fr="Code" schemaAutocomplete="t" systemReserved="f" uniqueValue="t" type="STRING" />
      <m code="createdOn" />
      <m code="deleted" />
      <m code="denyTokens" label_fr="group" />
      <m code="detachedauthorizations" />
      <m code="errorOnPhysicalDeletion" />
      <m code="followers" />
      <m code="id" />
      <m code="inheritedauthorizations">
        <dataEntry copied="group_default_allauthorizations" reference="group_default_parent" />
      </m>
      <m code="isGlobal" label_fr="Global" systemReserved="f" type="BOOLEAN" />
      <m code="legacyIdentifier" />
      <m code="logicallyDeletedOn" />
      <m code="manualTokens" label_fr="group" />
      <m code="markedForPreviewConversion" />
      <m code="modifiedOn" />
      <m code="parent" label_fr="Parent" systemReserved="f" type="REFERENCE">
        <references schemas="group_default" />
      </m>
      <m code="parentpath" />
      <m code="path" />
      <m code="pathParts" />
      <m code="principalpath" />
      <m code="removedauthorizations" />
      <m code="roles" label_fr="Rôles" multivalue="t" systemReserved="f" type="STRING" />
      <m code="schema" />
      <m code="searchable" />
      <m code="shareDenyTokens" label_fr="group" />
      <m code="shareTokens" label_fr="group" />
      <m code="title" />
      <m code="tokens" />
      <m code="visibleInTrees" />
    </defaultSchema>
    <customSchemas />
  </type>
  <type code="report" label_fr="Rapport" inTransactionLog="t">
    <defaultSchema code="default" label_fr="Rapport">
      <m code="allauthorizations" />
      <m code="authorizations" />
      <m code="columnsCount" label_fr="Nombre de colonnes" systemReserved="f" type="NUMBER" />
      <m code="createdBy" label_fr="Créé par" type="REFERENCE">
        <references schemaType="user" />
      </m>
      <m code="createdOn" />
      <m code="deleted" />
      <m code="denyTokens" label_fr="report" />
      <m code="detachedauthorizations" />
      <m code="errorOnPhysicalDeletion" />
      <m code="followers" />
      <m code="id" />
      <m code="inheritedauthorizations" />
      <m code="legacyIdentifier" />
      <m code="linesCount" label_fr="Nombre de lignes" systemReserved="f" type="NUMBER" defaultRequirement="t" />
      <m code="logicallyDeletedOn" />
      <m code="manualTokens" label_fr="report" />
      <m code="markedForPreviewConversion" />
      <m code="modifiedBy" label_fr="Modifié par" type="REFERENCE">
        <references schemaType="user" />
      </m>
      <m code="modifiedOn" />
      <m code="parentpath" />
      <m code="path" />
      <m code="pathParts" />
      <m code="principalpath" />
      <m code="removedauthorizations" />
      <m code="reportedMetadata" label_fr="Métadonnée rapportée" multivalue="t" systemReserved="f" type="STRUCTURE" structureFactory="com.constellio.model.entities.records.wrappers.structure.ReportedMetadataFactory" />
      <m code="schema" />
      <m code="schemaTypeCode" label_fr="Code du type de schéma" systemReserved="f" type="STRING" defaultRequirement="t" />
      <m code="searchable" />
      <m code="separator" label_fr="Type de séparateur" systemReserved="f" type="STRING" />
      <m code="shareDenyTokens" label_fr="report" />
      <m code="shareTokens" label_fr="report" />
      <m code="title" />
      <m code="tokens" />
      <m code="username" label_fr="Nom d'utilisateur" systemReserved="f" type="STRING" />
      <m code="visibleInTrees" />
    </defaultSchema>
    <customSchemas />
  </type>
  <type code="savedSearch" label_fr="Recherche sauvegardée" inTransactionLog="t">
    <defaultSchema code="default" label_fr="Recherche sauvegardée">
      <m code="advancedSearch" label_fr="Critères de recherche avancée" multivalue="t" systemReserved="f" type="STRUCTURE" structureFactory="com.constellio.app.ui.pages.search.criteria.CriterionFactory" />
      <m code="allauthorizations" />
      <m code="authorizations" />
      <m code="createdBy" label_fr="Créé par" type="REFERENCE">
        <references schemaType="user" />
      </m>
      <m code="createdOn" />
      <m code="deleted" />
      <m code="denyTokens" label_fr="savedSearch" />
      <m code="detachedauthorizations" />
      <m code="errorOnPhysicalDeletion" />
      <m code="facetSelections" label_fr="Facettes" multivalue="t" systemReserved="f" type="STRUCTURE" structureFactory="com.constellio.app.ui.pages.search.criteria.FacetSelectionsFactory" />
      <m code="followers" />
      <m code="freeTextSearch" label_fr="Critère de recherche" systemReserved="f" type="STRING" />
      <m code="id" />
      <m code="inheritedauthorizations" />
      <m code="legacyIdentifier" />
      <m code="logicallyDeletedOn" />
      <m code="manualTokens" label_fr="Jetons" />
      <m code="markedForPreviewConversion" />
      <m code="modifiedBy" label_fr="Modifié par" type="REFERENCE">
        <references schemaType="user" />
      </m>
      <m code="modifiedOn" />
      <m code="pageLength" label_fr="Nombre de résultats" systemReserved="f" type="NUMBER" />
      <m code="pageNumber" label_fr="init.savedSearch.default.pageNumber" systemReserved="f" type="NUMBER" />
      <m code="parentpath" />
      <m code="path" />
      <m code="pathParts" />
      <m code="principalpath" />
      <m code="public" label_fr="Partagée" systemReserved="f" type="BOOLEAN" />
      <m code="removedauthorizations" />
      <m code="resultsViewMode" label_fr="Mode d'affichage de la recherche" systemReserved="f" type="STRING">
        <defaultValue type="java.lang.String">detailed</defaultValue>
      </m>
      <m code="schema" />
      <m code="schemaFilter" label_fr="Filtre sur le format" systemReserved="f" type="STRING" />
      <m code="searchType" label_fr="Type de recherche" systemReserved="f" type="STRING" />
      <m code="searchable" />
      <m code="shareDenyTokens" label_fr="savedSearch" />
      <m code="shareTokens" label_fr="savedSearch" />
      <m code="sortField" label_fr="Champs de tri" systemReserved="f" type="STRING" />
      <m code="sortOrder" label_fr="Ordre de tri" systemReserved="f" type="ENUM" enumClass="com.constellio.model.entities.records.wrappers.SavedSearch$SortOrder" />
      <m code="temporary" label_fr="init.savedSearch.default.temporary" systemReserved="f" type="BOOLEAN" />
      <m code="title" />
      <m code="tokens" />
      <m code="user" label_fr="Utilisateur" systemReserved="f" type="REFERENCE">
        <references schemaType="user" />
      </m>
      <m code="visibleInTrees" />
    </defaultSchema>
    <customSchemas />
  </type>
  <type code="task" label_fr="Task" inTransactionLog="t">
    <defaultSchema code="default" label_fr="Task">
      <m code="allauthorizations" />
      <m code="assignCandidates" label_fr="Les candidats attribués" multivalue="t" systemReserved="f" type="REFERENCE">
        <references schemaType="user" />
      </m>
      <m code="assignedOn" label_fr="Attribué le" systemReserved="f" type="DATE_TIME" />
      <m code="assignedTo" label_fr="Attribué à" systemReserved="f" type="REFERENCE">
        <references schemaType="user" />
      </m>
      <m code="authorizations" />
      <m code="createdBy" label_fr="Créé par" type="REFERENCE">
        <references schemaType="user" />
      </m>
      <m code="createdOn" />
      <m code="deleted" />
      <m code="denyTokens" label_fr="task" />
      <m code="detachedauthorizations" />
      <m code="dueDate" label_fr="Date d''échéance" systemReserved="f" type="DATE_TIME" />
      <m code="errorOnPhysicalDeletion" />
      <m code="finishedBy" label_fr="Terminé par" systemReserved="f" type="REFERENCE">
        <references schemaType="user" />
      </m>
      <m code="finishedOn" label_fr="Date de fin" systemReserved="f" type="DATE_TIME" />
      <m code="followers" />
      <m code="id" />
      <m code="inheritedauthorizations" />
      <m code="legacyIdentifier" />
      <m code="logicallyDeletedOn" />
      <m code="manualTokens" label_fr="task" />
      <m code="markedForPreviewConversion" />
      <m code="modifiedBy" label_fr="Modifié par" type="REFERENCE">
        <references schemaType="user" />
      </m>
      <m code="modifiedOn" />
      <m code="parentpath" />
      <m code="path" />
      <m code="pathParts" />
      <m code="principalpath" />
      <m code="removedauthorizations" />
      <m code="schema" />
      <m code="searchable" />
      <m code="shareDenyTokens" label_fr="task" />
      <m code="shareTokens" label_fr="task" />
      <m code="title" />
      <m code="tokens" />
      <m code="visibleInTrees" />
      <m code="workflowIdentifier" label_fr="Identifiant du workflow" systemReserved="f" type="STRING" />
      <m code="workflowRecordIdentifiers" label_fr="Identifiant du record du workflow" multivalue="t" systemReserved="f" type="STRING" />
    </defaultSchema>
    <customSchemas>
      <schema code="approval" label_fr="init.task.approval" undeletable="f">
        <m code="decision" label_fr="Décision" systemReserved="f" type="STRING">
          <validators classNames="com.constellio.model.services.schemas.validators.DecisionValidator" />
        </m>
      </schema>
    </customSchemas>
  </type>
  <type code="user" label_fr="Utilisateur" inTransactionLog="t">
    <defaultSchema code="default" label_fr="Utilisateur">
      <m code="allauthorizations" />
      <m code="allroles" label_fr="Rôles" multivalue="t" systemReserved="f" type="STRING">
        <dataEntry calculator="com.constellio.model.services.schemas.calculators.RolesCalculator" />
      </m>
      <m code="alluserauthorizations" label_fr="Autorisations de l'utilisateur" multivalue="t" systemReserved="f" type="STRING">
        <dataEntry calculator="com.constellio.model.services.schemas.calculators.AllUserAuthorizationsCalculator" />
      </m>
      <m code="authorizations" />
      <m code="collectionDeleteAccess" label_fr="Accès de suppression à la collection" systemReserved="f" type="BOOLEAN" />
      <m code="collectionReadAccess" label_fr="Accès de lecture à la collection" systemReserved="f" type="BOOLEAN" />
      <m code="collectionWriteAccess" label_fr="Accès d'écriture à la collection" systemReserved="f" type="BOOLEAN" />
      <m code="createdOn" />
      <m code="defaultTabInFolderDisplay" label_fr="init.user.default.defaultTabInFolderDisplay" systemReserved="f" type="STRING" />
      <m code="defaultTaxonomy" label_fr="init.user.default.defaultTaxonomy" systemReserved="f" type="STRING" />
      <m code="deleted" />
      <m code="denyTokens" label_fr="user" />
      <m code="detachedauthorizations" />
      <m code="email" label_fr="Courriel" systemReserved="f" type="STRING">
        <validators classNames="com.constellio.model.services.schemas.validators.EmailValidator" />
      </m>
      <m code="errorOnPhysicalDeletion" />
      <m code="firstname" label_fr="Nom" systemReserved="f" type="STRING" />
      <m code="followers" />
      <m code="groups" label_fr="Groupes" multivalue="t" systemReserved="f" type="REFERENCE">
        <references schemaType="group" />
      </m>
      <m code="groupsauthorizations" label_fr="Autorisations du groupe" multivalue="t" systemReserved="f" type="STRING">
        <dataEntry copied="group_default_allauthorizations" reference="user_default_groups" />
      </m>
      <m code="id" />
      <m code="inheritedauthorizations" />
      <m code="jobTitle" label_fr="init.user.default.jobTitle" systemReserved="f" type="STRING" />
      <m code="lastIPAddress" label_fr="init.user.default.lastIPAddress" type="STRING" />
      <m code="lastLogin" label_fr="init.user.default.lastLogin" type="DATE_TIME" />
      <m code="lastname" label_fr="Nom de famille" systemReserved="f" type="STRING" />
      <m code="legacyIdentifier" />
      <m code="logicallyDeletedOn" />
      <m code="loginLanguageCode" label_fr="init.user.default.loginLanguageCode" systemReserved="f" type="STRING" />
      <m code="manualTokens" label_fr="user" />
      <m code="markedForPreviewConversion" />
      <m code="modifiedOn" />
      <m code="parentpath" />
      <m code="path" />
      <m code="pathParts" />
      <m code="phone" label_fr="init.user.default.phone" systemReserved="f" type="STRING" />
      <m code="principalpath" />
      <m code="removedauthorizations" />
      <m code="schema" />
      <m code="searchable" />
      <m code="shareDenyTokens" label_fr="user" />
      <m code="shareTokens" label_fr="user" />
      <m code="signature" label_fr="Signature" systemReserved="f" type="TEXT" />
      <m code="startTab" label_fr="init.user.default.startTab" systemReserved="f" type="STRING" />
      <m code="status" label_fr="Statut" systemReserved="f" type="ENUM" enumClass="com.constellio.model.entities.security.global.UserCredentialStatus" />
      <m code="systemAdmin" label_fr="init.user.default.systemAdmin" systemReserved="f" type="BOOLEAN" />
      <m code="title">
        <dataEntry calculator="com.constellio.model.entities.records.calculators.UserTitleCalculator" />
      </m>
      <m code="tokens" />
      <m code="username" label_fr="Nom d''utilisateur" systemReserved="f" uniqueValue="t" unmodifiable="t" type="STRING" />
      <m code="userroles" label_fr="Rôles d'utilisateur" multivalue="t" systemReserved="f" type="STRING" />
      <m code="usertokens" label_fr="Jetons" multivalue="t" systemReserved="f" type="STRING">
        <dataEntry calculator="com.constellio.model.services.schemas.calculators.UserTokensCalculator2" />
      </m>
      <m code="visibleInTrees" />
      <m code="visibleTableColumns" label_fr="Colonnes visibles" undeletable="f" systemReserved="f" type="STRUCTURE" structureFactory="com.constellio.model.entities.structures.MapStringListStringStructureFactory" />
    </defaultSchema>
    <customSchemas />
  </type>
  <type code="userCredential" label_fr="userCredential" inTransactionLog="t">
    <defaultSchema code="default" label_fr="userCredential">
      <m code="allauthorizations" label_fr="allauthorizations" />
      <m code="authorizations" label_fr="authorizations" />
      <m code="collections" label_fr="collections" multivalue="t" systemReserved="f" type="STRING" />
      <m code="createdBy" label_fr="createdBy" type="REFERENCE">
        <references schemaType="user" />
      </m>
      <m code="createdOn" label_fr="createdOn" />
      <m code="deleted" label_fr="deleted" />
      <m code="denyTokens" label_fr="userCredential" />
      <m code="detachedauthorizations" label_fr="detachedauthorizations" />
      <m code="dn" label_fr="dn" systemReserved="f" type="STRING" />
      <m code="domain" label_fr="domain" systemReserved="f" type="STRING" />
      <m code="email" label_fr="email" systemReserved="f" type="STRING">
        <validators classNames="com.constellio.model.services.schemas.validators.EmailValidator" />
      </m>
      <m code="errorOnPhysicalDeletion" label_fr="errorOnPhysicalDeletion" />
      <m code="firstname" label_fr="firstname" systemReserved="f" type="STRING" />
      <m code="followers" label_fr="followers" />
      <m code="globalGroups" label_fr="globalGroups" multivalue="t" systemReserved="f" type="STRING" />
      <m code="id" label_fr="id" />
      <m code="inheritedauthorizations" label_fr="inheritedauthorizations" />
      <m code="lastname" label_fr="lastname" systemReserved="f" type="STRING" />
      <m code="legacyIdentifier" label_fr="legacyIdentifier" />
      <m code="logicallyDeletedOn" label_fr="logicallyDeletedOn" />
      <m code="manualTokens" label_fr="userCredential" />
      <m code="markedForPreviewConversion" label_fr="markedForPreviewConversion" />
      <m code="modifiedBy" label_fr="modifiedBy" type="REFERENCE">
        <references schemaType="user" />
      </m>
      <m code="modifiedOn" label_fr="modifiedOn" />
      <m code="msExchangeDelegateList" label_fr="msExchangeDelegateList" multivalue="t" systemReserved="f" type="STRING" />
      <m code="parentpath" label_fr="parentpath" />
      <m code="path" label_fr="path" />
      <m code="pathParts" label_fr="pathParts" />
      <m code="principalpath" label_fr="principalpath" />
      <m code="removedauthorizations" label_fr="removedauthorizations" />
      <m code="schema" label_fr="schema" />
      <m code="searchable" label_fr="searchable" />
      <m code="serviceKey" label_fr="serviceKey" systemReserved="f" encrypted="t" type="STRING" />
      <m code="shareDenyTokens" label_fr="userCredential" />
      <m code="shareTokens" label_fr="userCredential" />
      <m code="status" label_fr="status" systemReserved="f" type="ENUM" defaultRequirement="t" enumClass="com.constellio.model.entities.security.global.UserCredentialStatus" />
      <m code="systemAdmin" label_fr="systemAdmin" systemReserved="f" type="BOOLEAN" defaultRequirement="t">
        <defaultValue type="java.lang.Boolean">false</defaultValue>
      </m>
      <m code="title" label_fr="title">
        <dataEntry calculator="com.constellio.model.entities.records.calculators.UserTitleCalculator" />
      </m>
      <m code="tokenExpirations" label_fr="tokenExpirations" multivalue="t" systemReserved="f" type="DATE_TIME" />
      <m code="tokenKeys" label_fr="tokenKeys" multivalue="t" systemReserved="f" encrypted="t" type="STRING" />
      <m code="tokens" label_fr="tokens" />
      <m code="username" label_fr="username" systemReserved="f" uniqueValue="t" unmodifiable="t" type="STRING" defaultRequirement="t" />
      <m code="visibleInTrees" label_fr="visibleInTrees" />
    </defaultSchema>
    <customSchemas />
  </type>
  <type code="userDocument" label_fr="init.userDocument" inTransactionLog="t">
    <defaultSchema code="default" label_fr="userDocument">
      <m code="allauthorizations" />
      <m code="authorizations" />
      <m code="content" label_fr="init.userDocument.default.content" searchable="t" systemReserved="f" type="CONTENT" structureFactory="com.constellio.model.services.contents.ContentFactory" />
      <m code="createdBy" label_fr="Créé par" type="REFERENCE">
        <references schemaType="user" />
      </m>
      <m code="createdOn" />
      <m code="deleted" />
      <m code="denyTokens" label_fr="userDocument" />
      <m code="detachedauthorizations" />
      <m code="errorOnPhysicalDeletion" />
      <m code="followers" />
      <m code="id" />
      <m code="inheritedauthorizations" />
      <m code="legacyIdentifier" />
      <m code="logicallyDeletedOn" />
      <m code="manualTokens" label_fr="userDocument" />
      <m code="markedForPreviewConversion" />
      <m code="modifiedBy" label_fr="Modifié par" type="REFERENCE">
        <references schemaType="user" />
      </m>
      <m code="modifiedOn" />
      <m code="parentpath" />
      <m code="path" />
      <m code="pathParts" />
      <m code="principalpath" />
      <m code="removedauthorizations" />
      <m code="schema" />
      <m code="searchable" />
      <m code="shareDenyTokens" label_fr="userDocument" />
      <m code="shareTokens" label_fr="userDocument" />
      <m code="title" />
      <m code="tokens" />
      <m code="user" label_fr="init.userDocument.default.user" systemReserved="f" type="REFERENCE">
        <references schemaType="user" />
      </m>
      <m code="visibleInTrees" />
    </defaultSchema>
    <customSchemas />
  </type>
</types>
