<?xml version="1.0" encoding="UTF-8"?>
<display>
  <SchemaTypeDisplayConfigs>
    <connectorInstance manageable="false" simpleSearch="false" advancedSearch="false">
      <MetadataGroupsLabels>
        <MetadataGroupLabel name=" Configuration" />
        <MetadataGroupLabel name=" Exécution" />
        <MetadataGroupLabel name=" Authentification" />
        <MetadataGroupLabel name="Gestion des attributs d'un utilisateur (avancée)" />
      </MetadataGroupsLabels>
    </connectorInstance>
    <connectorHttpDocument manageable="false" simpleSearch="true" advancedSearch="true">
      <MetadataGroupsLabels>
        <MetadataGroupLabel name="Default" />
      </MetadataGroupsLabels>
    </connectorHttpDocument>
    <connectorSmbDocument manageable="false" simpleSearch="true" advancedSearch="true">
      <MetadataGroupsLabels>
        <MetadataGroupLabel name="Default" />
      </MetadataGroupsLabels>
    </connectorSmbDocument>
    <connectorLdapUserDocument manageable="false" simpleSearch="true" advancedSearch="true">
      <MetadataGroupsLabels>
        <MetadataGroupLabel name="Default" />
      </MetadataGroupsLabels>
    </connectorLdapUserDocument>
  </SchemaTypeDisplayConfigs>
  <SchemaDisplayConfigs SchemaCode="connectorHttpDocument_default">
    <DisplayMetadataCodes>
      <connectorHttpDocument_default_title />
      <connectorHttpDocument_default_createdBy />
      <connectorHttpDocument_default_createdOn />
      <connectorHttpDocument_default_modifiedBy />
      <connectorHttpDocument_default_modifiedOn />
      <connectorHttpDocument_default_charset />
      <connectorHttpDocument_default_errorCode />
      <connectorHttpDocument_default_traversalCode />
      <connectorHttpDocument_default_connector />
      <connectorHttpDocument_default_copyOf />
      <connectorHttpDocument_default_fetchedDateTime />
      <connectorHttpDocument_default_digest />
      <connectorHttpDocument_default_fetchDelay />
      <connectorHttpDocument_default_frequency />
      <connectorHttpDocument_default_neverFetch />
      <connectorHttpDocument_default_inlinks />
      <connectorHttpDocument_default_outlinks />
      <connectorHttpDocument_default_errorMessage />
      <connectorHttpDocument_default_level />
      <connectorHttpDocument_default_errorsCount />
      <connectorHttpDocument_default_priority />
      <connectorHttpDocument_default_nextFetch />
      <connectorHttpDocument_default_fetched />
      <connectorHttpDocument_default_status />
      <connectorHttpDocument_default_onDemand />
      <connectorHttpDocument_default_downloadTime />
      <connectorHttpDocument_default_connectorType />
      <connectorHttpDocument_default_contentType />
      <connectorHttpDocument_default_parsedContent />
      <connectorHttpDocument_default_errorStackTrace />
    </DisplayMetadataCodes>
    <FormMetadataCodes>
      <connectorHttpDocument_default_title />
      <connectorHttpDocument_default_charset />
      <connectorHttpDocument_default_errorCode />
      <connectorHttpDocument_default_traversalCode />
      <connectorHttpDocument_default_connector />
      <connectorHttpDocument_default_copyOf />
      <connectorHttpDocument_default_digest />
      <connectorHttpDocument_default_fetchDelay />
      <connectorHttpDocument_default_frequency />
      <connectorHttpDocument_default_inlinks />
      <connectorHttpDocument_default_outlinks />
      <connectorHttpDocument_default_errorMessage />
      <connectorHttpDocument_default_level />
      <connectorHttpDocument_default_errorsCount />
      <connectorHttpDocument_default_priority />
      <connectorHttpDocument_default_status />
      <connectorHttpDocument_default_downloadTime />
      <connectorHttpDocument_default_connectorType />
      <connectorHttpDocument_default_contentType />
      <connectorHttpDocument_default_url />
      <connectorHttpDocument_default_fetchedDateTime />
      <connectorHttpDocument_default_neverFetch />
      <connectorHttpDocument_default_fetched />
      <connectorHttpDocument_default_onDemand />
      <connectorHttpDocument_default_parsedContent />
      <connectorHttpDocument_default_errorStackTrace />
    </FormMetadataCodes>
    <SearchResultsMetadataCodes>
      <connectorHttpDocument_default_title />
      <connectorHttpDocument_default_modifiedOn />
      <connectorHttpDocument_default_url />
    </SearchResultsMetadataCodes>
  </SchemaDisplayConfigs>
  <MetadataDisplayConfigs>
    <connectorInstance_default_connectorType VisibleInAdvancedSearch="false" InputType="HIDDEN" Highlight="false" metadataGroup="" />
    <connectorInstance_http_enabled VisibleInAdvancedSearch="false" InputType="FIELD" Highlight="false" metadataGroup=" Exécution" />
    <connectorInstance_http_documentsPerJobs VisibleInAdvancedSearch="false" InputType="FIELD" Highlight="false" metadataGroup=" Exécution" />
    <connectorInstance_http_jobsInParallel VisibleInAdvancedSearch="false" InputType="FIELD" Highlight="false" metadataGroup=" Exécution" />
    <connectorInstance_http_daysBeforeRefetching VisibleInAdvancedSearch="false" InputType="FIELD" Highlight="false" metadataGroup=" Exécution" />
    <connectorInstance_http_traversalSchedule VisibleInAdvancedSearch="false" InputType="FIELD" Highlight="false" metadataGroup=" Exécution" />
    <connectorInstance_http_authenticationScheme VisibleInAdvancedSearch="false" InputType="RADIO_BUTTONS" Highlight="false" metadataGroup=" Authentification" />
    <connectorInstance_http_username VisibleInAdvancedSearch="false" InputType="FIELD" Highlight="false" metadataGroup=" Authentification" />
    <connectorInstance_http_password VisibleInAdvancedSearch="false" InputType="PASSWORD" Highlight="false" metadataGroup=" Authentification" />
    <connectorInstance_http_domain VisibleInAdvancedSearch="false" InputType="FIELD" Highlight="false" metadataGroup=" Authentification" />
    <connectorInstance_smb_enabled VisibleInAdvancedSearch="false" InputType="FIELD" Highlight="false" metadataGroup=" Exécution" />
    <connectorInstance_smb_traversalSchedule VisibleInAdvancedSearch="false" InputType="FIELD" Highlight="false" metadataGroup=" Exécution" />
    <connectorInstance_ldap_connectionUsername VisibleInAdvancedSearch="false" InputType="FIELD" Highlight="false" metadataGroup=" Configuration" />
    <connectorInstance_ldap_password VisibleInAdvancedSearch="false" InputType="PASSWORD" Highlight="false" metadataGroup=" Configuration" />
    <connectorInstance_ldap_directoryType VisibleInAdvancedSearch="false" InputType="RADIO_BUTTONS" Highlight="false" metadataGroup=" Configuration" />
    <connectorInstance_ldap_url VisibleInAdvancedSearch="false" InputType="FIELD" Highlight="false" metadataGroup=" Configuration" />
    <connectorInstance_ldap_followReferences VisibleInAdvancedSearch="false" InputType="FIELD" Highlight="false" metadataGroup=" Configuration" />
    <connectorInstance_ldap_fetchUsers VisibleInAdvancedSearch="false" InputType="FIELD" Highlight="false" metadataGroup=" Configuration" />
    <connectorInstance_ldap_usersBaseContextList VisibleInAdvancedSearch="false" InputType="FIELD" Highlight="false" metadataGroup=" Configuration" />
    <connectorInstance_ldap_enabled VisibleInAdvancedSearch="false" InputType="FIELD" Highlight="false" metadataGroup=" Exécution" />
    <connectorInstance_ldap_traversalSchedule VisibleInAdvancedSearch="false" InputType="FIELD" Highlight="false" metadataGroup=" Exécution" />
    <connectorInstance_ldap_documentsPerJob VisibleInAdvancedSearch="false" InputType="FIELD" Highlight="false" metadataGroup=" Exécution" />
    <connectorInstance_ldap_jobsInParallel VisibleInAdvancedSearch="false" InputType="FIELD" Highlight="false" metadataGroup=" Exécution" />
    <connectorInstance_ldap_dn VisibleInAdvancedSearch="false" InputType="FIELD" Highlight="false" metadataGroup="Gestion des attributs d'un utilisateur (avancée)" />
    <connectorInstance_ldap_username VisibleInAdvancedSearch="false" InputType="FIELD" Highlight="false" metadataGroup="Gestion des attributs d'un utilisateur (avancée)" />
    <connectorInstance_ldap_firstName VisibleInAdvancedSearch="false" InputType="FIELD" Highlight="false" metadataGroup="Gestion des attributs d'un utilisateur (avancée)" />
    <connectorInstance_ldap_lastName VisibleInAdvancedSearch="false" InputType="FIELD" Highlight="false" metadataGroup="Gestion des attributs d'un utilisateur (avancée)" />
    <connectorInstance_ldap_email VisibleInAdvancedSearch="false" InputType="FIELD" Highlight="false" metadataGroup="Gestion des attributs d'un utilisateur (avancée)" />
    <connectorInstance_ldap_address VisibleInAdvancedSearch="false" InputType="FIELD" Highlight="false" metadataGroup="Gestion des attributs d'un utilisateur (avancée)" />
    <connectorInstance_ldap_jobTitle VisibleInAdvancedSearch="false" InputType="FIELD" Highlight="false" metadataGroup="Gestion des attributs d'un utilisateur (avancée)" />
    <connectorInstance_ldap_telephone VisibleInAdvancedSearch="false" InputType="FIELD" Highlight="false" metadataGroup="Gestion des attributs d'un utilisateur (avancée)" />
    <connectorInstance_ldap_displayName VisibleInAdvancedSearch="false" InputType="FIELD" Highlight="false" metadataGroup="Gestion des attributs d'un utilisateur (avancée)" />
    <connectorInstance_ldap_company VisibleInAdvancedSearch="false" InputType="FIELD" Highlight="false" metadataGroup="Gestion des attributs d'un utilisateur (avancée)" />
    <connectorInstance_ldap_department VisibleInAdvancedSearch="false" InputType="FIELD" Highlight="false" metadataGroup="Gestion des attributs d'un utilisateur (avancée)" />
    <connectorInstance_ldap_manager VisibleInAdvancedSearch="false" InputType="FIELD" Highlight="false" metadataGroup="Gestion des attributs d'un utilisateur (avancée)" />
    <connectorHttpDocument_default_title VisibleInAdvancedSearch="true" InputType="FIELD" Highlight="false" metadataGroup="" />
    <connectorHttpDocument_default_contentType VisibleInAdvancedSearch="true" InputType="FIELD" Highlight="false" metadataGroup="" />
    <connectorHttpDocument_default_errorCode VisibleInAdvancedSearch="true" InputType="FIELD" Highlight="false" metadataGroup="" />
    <connectorHttpDocument_default_level VisibleInAdvancedSearch="true" InputType="FIELD" Highlight="false" metadataGroup="" />
    <connectorHttpDocument_default_parsedContent VisibleInAdvancedSearch="true" InputType="TEXTAREA" Highlight="false" metadataGroup="" />
    <connectorHttpDocument_default_url VisibleInAdvancedSearch="true" InputType="FIELD" Highlight="false" metadataGroup="" />
    <connectorSmbDocument_default_title VisibleInAdvancedSearch="true" InputType="FIELD" Highlight="false" metadataGroup="" />
    <connectorSmbDocument_default_extension VisibleInAdvancedSearch="true" InputType="FIELD" Highlight="false" metadataGroup="" />
    <connectorSmbDocument_default_errorCode VisibleInAdvancedSearch="true" InputType="FIELD" Highlight="false" metadataGroup="" />
    <connectorSmbDocument_default_language VisibleInAdvancedSearch="true" InputType="FIELD" Highlight="false" metadataGroup="" />
    <connectorSmbDocument_default_parsedContent VisibleInAdvancedSearch="true" InputType="TEXTAREA" Highlight="false" metadataGroup="" />
    <connectorSmbDocument_default_size VisibleInAdvancedSearch="true" InputType="FIELD" Highlight="false" metadataGroup="" />
    <connectorSmbDocument_default_fetchedDateTime VisibleInAdvancedSearch="true" InputType="FIELD" Highlight="false" metadataGroup="" />
    <connectorSmbDocument_default_url VisibleInAdvancedSearch="true" InputType="FIELD" Highlight="false" metadataGroup="" />
    <connectorLdapUserDocument_default_username VisibleInAdvancedSearch="true" InputType="FIELD" Highlight="false" metadataGroup="" />
    <connectorLdapUserDocument_default_firstName VisibleInAdvancedSearch="true" InputType="FIELD" Highlight="false" metadataGroup="" />
    <connectorLdapUserDocument_default_lastName VisibleInAdvancedSearch="true" InputType="FIELD" Highlight="false" metadataGroup="" />
    <connectorLdapUserDocument_default_email VisibleInAdvancedSearch="true" InputType="FIELD" Highlight="false" metadataGroup="" />
    <connectorLdapUserDocument_default_address VisibleInAdvancedSearch="true" InputType="TEXTAREA" Highlight="false" metadataGroup="" />
    <connectorLdapUserDocument_default_telephone VisibleInAdvancedSearch="true" InputType="FIELD" Highlight="false" metadataGroup="" />
  </MetadataDisplayConfigs>
  <SchemaDisplayConfigs SchemaCode="connectorInstance_http">
    <DisplayMetadataCodes>
      <connectorInstance_http_code />
      <connectorInstance_http_title />
      <connectorInstance_http_connectorType />
      <connectorInstance_http_traversalCode />
      <connectorInstance_http_createdBy />
      <connectorInstance_http_createdOn />
      <connectorInstance_http_modifiedBy />
      <connectorInstance_http_enabled />
      <connectorInstance_http_authenticationScheme />
      <connectorInstance_http_daysBeforeRefetching />
      <connectorInstance_http_documentsPerJobs />
      <connectorInstance_http_domain />
      <connectorInstance_http_jobsInParallel />
      <connectorInstance_http_maxLevel />
      <connectorInstance_http_onDemands />
      <connectorInstance_http_password />
      <connectorInstance_http_seeds />
      <connectorInstance_http_username />
      <connectorInstance_http_modifiedOn />
      <connectorInstance_http_includePatterns />
      <connectorInstance_http_excludePatterns />
    </DisplayMetadataCodes>
    <FormMetadataCodes>
      <connectorInstance_http_code />
      <connectorInstance_http_title />
      <connectorInstance_http_traversalCode />
      <connectorInstance_http_connectorType />
      <connectorInstance_http_enabled />
      <connectorInstance_http_traversalSchedule />
      <connectorInstance_http_propertiesMapping />
      <connectorInstance_http_domain />
      <connectorInstance_http_daysBeforeRefetching />
      <connectorInstance_http_authenticationScheme />
      <connectorInstance_http_password />
      <connectorInstance_http_username />
      <connectorInstance_http_documentsPerJobs />
      <connectorInstance_http_maxLevel />
      <connectorInstance_http_jobsInParallel />
      <connectorInstance_http_seeds />
      <connectorInstance_http_onDemands />
      <connectorInstance_http_includePatterns />
      <connectorInstance_http_excludePatterns />
    </FormMetadataCodes>
    <SearchResultsMetadataCodes>
      <connectorInstance_http_title />
      <connectorInstance_http_connectorType />
      <connectorInstance_http_traversalCode />
    </SearchResultsMetadataCodes>
  </SchemaDisplayConfigs>
  <SchemaDisplayConfigs SchemaCode="connectorInstance_ldap">
    <DisplayMetadataCodes>
      <connectorInstance_ldap_code />
      <connectorInstance_ldap_title />
      <connectorInstance_ldap_url />
      <connectorInstance_ldap_usersBaseContextList />
      <connectorInstance_ldap_includeRegex />
      <connectorInstance_ldap_excludeRegex />
      <connectorInstance_ldap_includePatterns />
      <connectorInstance_ldap_excludePatterns />
    </DisplayMetadataCodes>
    <FormMetadataCodes>
      <connectorInstance_ldap_code />
      <connectorInstance_ldap_title />
      <connectorInstance_ldap_connectionUsername />
      <connectorInstance_ldap_password />
      <connectorInstance_ldap_url />
      <connectorInstance_ldap_usersBaseContextList />
      <connectorInstance_ldap_includeRegex />
      <connectorInstance_ldap_excludeRegex />
      <connectorInstance_ldap_followReferences />
      <connectorInstance_ldap_enabled />
      <connectorInstance_ldap_traversalSchedule />
      <connectorInstance_ldap_documentsPerJob />
      <connectorInstance_ldap_jobsInParallel />
      <connectorInstance_ldap_dn />
      <connectorInstance_ldap_username />
      <connectorInstance_ldap_firstName />
      <connectorInstance_ldap_lastName />
      <connectorInstance_ldap_email />
      <connectorInstance_ldap_telephone />
      <connectorInstance_ldap_address />
      <connectorInstance_ldap_jobTitle />
      <connectorInstance_ldap_displayName />
      <connectorInstance_ldap_company />
      <connectorInstance_ldap_department />
      <connectorInstance_ldap_manager />
      <connectorInstance_ldap_includePatterns />
      <connectorInstance_ldap_excludePatterns />
    </FormMetadataCodes>
    <SearchResultsMetadataCodes>
      <connectorInstance_ldap_title />
      <connectorInstance_ldap_connectorType />
      <connectorInstance_ldap_traversalCode />
    </SearchResultsMetadataCodes>
  </SchemaDisplayConfigs>
  <SchemaDisplayConfigs SchemaCode="connectorInstance_smb">
    <DisplayMetadataCodes>
      <connectorInstance_smb_code />
      <connectorInstance_smb_title />
      <connectorInstance_smb_domain />
      <connectorInstance_smb_username />
      <connectorInstance_smb_smbSeeds />
      <connectorInstance_smb_exclusions />
      <connectorInstance_smb_inclusions />
      <connectorInstance_smb_includePatterns />
      <connectorInstance_smb_excludePatterns />
    </DisplayMetadataCodes>
    <FormMetadataCodes>
      <connectorInstance_smb_code />
      <connectorInstance_smb_title />
      <connectorInstance_smb_domain />
      <connectorInstance_smb_username />
      <connectorInstance_smb_password />
      <connectorInstance_smb_smbSeeds />
      <connectorInstance_smb_exclusions />
      <connectorInstance_smb_inclusions />
      <connectorInstance_smb_enabled />
      <connectorInstance_smb_traversalSchedule />
      <connectorInstance_smb_includePatterns />
      <connectorInstance_smb_excludePatterns />
    </FormMetadataCodes>
    <SearchResultsMetadataCodes>
      <connectorInstance_smb_title />
      <connectorInstance_smb_connectorType />
      <connectorInstance_smb_traversalCode />
    </SearchResultsMetadataCodes>
  </SchemaDisplayConfigs>
  <SchemaDisplayConfigs SchemaCode="connectorInstance_default">
    <DisplayMetadataCodes>
      <connectorInstance_default_code />
      <connectorInstance_default_title />
      <connectorInstance_default_connectorType />
      <connectorInstance_default_traversalCode />
      <connectorInstance_default_createdBy />
      <connectorInstance_default_createdOn />
      <connectorInstance_default_modifiedBy />
      <connectorInstance_default_enabled />
      <connectorInstance_default_modifiedOn />
      <connectorInstance_default_includePatterns />
      <connectorInstance_default_excludePatterns />
    </DisplayMetadataCodes>
    <FormMetadataCodes>
      <connectorInstance_default_code />
      <connectorInstance_default_title />
      <connectorInstance_default_traversalCode />
      <connectorInstance_default_connectorType />
      <connectorInstance_default_enabled />
      <connectorInstance_default_traversalSchedule />
      <connectorInstance_default_propertiesMapping />
      <connectorInstance_default_includePatterns />
      <connectorInstance_default_excludePatterns />
    </FormMetadataCodes>
    <SearchResultsMetadataCodes>
      <connectorInstance_default_title />
      <connectorInstance_default_connectorType />
      <connectorInstance_default_traversalCode />
    </SearchResultsMetadataCodes>
  </SchemaDisplayConfigs>
  <SchemaDisplayConfigs SchemaCode="connectorLdapUserDocument_default">
    <DisplayMetadataCodes>
      <connectorLdapUserDocument_default_title />
      <connectorLdapUserDocument_default_createdBy />
      <connectorLdapUserDocument_default_createdOn />
      <connectorLdapUserDocument_default_modifiedBy />
      <connectorLdapUserDocument_default_modifiedOn />
      <connectorLdapUserDocument_default_enabled />
      <connectorLdapUserDocument_default_errorCode />
      <connectorLdapUserDocument_default_traversalCode />
      <connectorLdapUserDocument_default_company />
      <connectorLdapUserDocument_default_connector />
      <connectorLdapUserDocument_default_email />
      <connectorLdapUserDocument_default_distinguishedName />
      <connectorLdapUserDocument_default_fetchedDateTime />
      <connectorLdapUserDocument_default_fetchDelay />
      <connectorLdapUserDocument_default_department />
      <connectorLdapUserDocument_default_workTitle />
      <connectorLdapUserDocument_default_frequency />
      <connectorLdapUserDocument_default_errorMessage />
      <connectorLdapUserDocument_default_neverFetch />
      <connectorLdapUserDocument_default_lastName />
      <connectorLdapUserDocument_default_displayName />
      <connectorLdapUserDocument_default_username />
      <connectorLdapUserDocument_default_errorsCount />
      <connectorLdapUserDocument_default_nextFetch />
      <connectorLdapUserDocument_default_firstName />
      <connectorLdapUserDocument_default_fetched />
      <connectorLdapUserDocument_default_status />
      <connectorLdapUserDocument_default_manager />
      <connectorLdapUserDocument_default_connectorType />
      <connectorLdapUserDocument_default_telephone />
      <connectorLdapUserDocument_default_address />
      <connectorLdapUserDocument_default_errorStackTrace />
    </DisplayMetadataCodes>
    <FormMetadataCodes>
      <connectorLdapUserDocument_default_title />
      <connectorLdapUserDocument_default_errorCode />
      <connectorLdapUserDocument_default_traversalCode />
      <connectorLdapUserDocument_default_company />
      <connectorLdapUserDocument_default_connector />
      <connectorLdapUserDocument_default_email />
      <connectorLdapUserDocument_default_fetchDelay />
      <connectorLdapUserDocument_default_department />
      <connectorLdapUserDocument_default_workTitle />
      <connectorLdapUserDocument_default_frequency />
      <connectorLdapUserDocument_default_errorMessage />
      <connectorLdapUserDocument_default_lastName />
      <connectorLdapUserDocument_default_displayName />
      <connectorLdapUserDocument_default_username />
      <connectorLdapUserDocument_default_errorsCount />
      <connectorLdapUserDocument_default_firstName />
      <connectorLdapUserDocument_default_status />
      <connectorLdapUserDocument_default_manager />
      <connectorLdapUserDocument_default_url />
      <connectorLdapUserDocument_default_connectorType />
      <connectorLdapUserDocument_default_telephone />
      <connectorLdapUserDocument_default_fetchedDateTime />
      <connectorLdapUserDocument_default_enabled />
      <connectorLdapUserDocument_default_neverFetch />
      <connectorLdapUserDocument_default_fetched />
      <connectorLdapUserDocument_default_address />
      <connectorLdapUserDocument_default_errorStackTrace />
    </FormMetadataCodes>
    <SearchResultsMetadataCodes>
      <connectorLdapUserDocument_default_firstName />
      <connectorLdapUserDocument_default_lastName />
      <connectorLdapUserDocument_default_telephone />
      <connectorLdapUserDocument_default_email />
      <connectorLdapUserDocument_default_address />
      <connectorLdapUserDocument_default_title />
    </SearchResultsMetadataCodes>
  </SchemaDisplayConfigs>
</display>
