<?xml version="1.0" encoding="UTF-8"?>
<root>
  <previousBatchProcesses>
    <batchProcess id="1674e401-198b-48e1-9d9e-d104bebf3f6f">
      <requestDateTime>2016-03-10T10:07:37.809</requestDateTime>
      <recordsCount>24</recordsCount>
      <action name="com.constellio.model.services.batch.actions.ReindexMetadatasBatchProcessAction">
        <argument type="java.util.ArrayList">
          <item type="java.lang.String">category_default_linkable</item>
        </argument>
      </action>
      <query>(*:*) AND ((*:* -type_s:index)) AND (collection_s:LaCollectionDeRida) AND (schema_s:category_*) AND (( *:* ))</query>
      <collection>LaCollectionDeRida</collection>
      <startDateTime>2016-03-10T10:07:37.840</startDateTime>
      <errors>0</errors>
    </batchProcess>
    <batchProcess id="d9c38607-7ac2-46b6-9514-3a4b81966ed6">
      <requestDateTime>2016-03-10T10:07:41.364</requestDateTime>
      <recordsCount>3</recordsCount>
      <action name="com.constellio.model.services.batch.actions.ReindexMetadatasBatchProcessAction">
        <argument type="java.util.ArrayList">
          <item type="java.lang.String">administrativeUnit_default_inheritedauthorizations</item>
        </argument>
      </action>
      <query>(*:*) AND ((*:* -type_s:index)) AND (collection_s:zeCollection) AND (schema_s:administrativeUnit_*) AND (( parentPId_s:"unitId_10" ))</query>
      <collection>zeCollection</collection>
      <startDateTime>2016-03-10T10:07:41.401</startDateTime>
      <errors>0</errors>
    </batchProcess>
    <batchProcess id="da63c93c-ff99-4e26-8cc1-deb8edc7218f">
      <requestDateTime>2016-03-10T10:07:41.429</requestDateTime>
      <recordsCount>3</recordsCount>
      <action name="com.constellio.model.services.batch.actions.ReindexMetadatasBatchProcessAction">
        <argument type="java.util.ArrayList">
          <item type="java.lang.String">administrativeUnit_default_inheritedauthorizations</item>
        </argument>
      </action>
      <query>(*:*) AND ((*:* -type_s:index)) AND (collection_s:zeCollection) AND (schema_s:administrativeUnit_*) AND (( parentPId_s:"unitId_10" ))</query>
      <collection>zeCollection</collection>
      <startDateTime>2016-03-10T10:07:41.487</startDateTime>
      <errors>0</errors>
    </batchProcess>
    <batchProcess id="531dd207-a29f-4caa-9622-1d27b59f7af7">
      <requestDateTime>2016-03-10T10:07:41.494</requestDateTime>
      <recordsCount>3</recordsCount>
      <action name="com.constellio.model.services.batch.actions.ReindexMetadatasBatchProcessAction">
        <argument type="java.util.ArrayList">
          <item type="java.lang.String">administrativeUnit_default_inheritedauthorizations</item>
        </argument>
      </action>
      <query>(*:*) AND ((*:* -type_s:index)) AND (collection_s:zeCollection) AND (schema_s:administrativeUnit_*) AND (( parentPId_s:"unitId_10" ))</query>
      <collection>zeCollection</collection>
      <startDateTime>2016-03-10T10:07:41.581</startDateTime>
      <errors>0</errors>
    </batchProcess>
    <batchProcess id="1170e824-734d-4081-b02d-14d07620c039">
      <requestDateTime>2016-03-10T10:07:41.556</requestDateTime>
      <recordsCount>3</recordsCount>
      <action name="com.constellio.model.services.batch.actions.ReindexMetadatasBatchProcessAction">
        <argument type="java.util.ArrayList">
          <item type="java.lang.String">administrativeUnit_default_inheritedauthorizations</item>
        </argument>
      </action>
      <query>(*:*) AND ((*:* -type_s:index)) AND (collection_s:zeCollection) AND (schema_s:administrativeUnit_*) AND (( parentPId_s:"unitId_10" ))</query>
      <collection>zeCollection</collection>
      <startDateTime>2016-03-10T10:07:41.684</startDateTime>
      <errors>0</errors>
    </batchProcess>
    <batchProcess id="5f4ca9b1-3271-4f24-9283-8bee498de3a0">
      <requestDateTime>2016-03-10T10:07:41.669</requestDateTime>
      <recordsCount>1</recordsCount>
      <action name="com.constellio.model.services.batch.actions.ReindexMetadatasBatchProcessAction">
        <argument type="java.util.ArrayList">
          <item type="java.lang.String">administrativeUnit_default_inheritedauthorizations</item>
        </argument>
      </action>
      <query>(*:*) AND ((*:* -type_s:index)) AND (collection_s:zeCollection) AND (schema_s:administrativeUnit_*) AND (( parentPId_s:"unitId_11" ))</query>
      <collection>zeCollection</collection>
      <startDateTime>2016-03-10T10:07:41.712</startDateTime>
      <errors>0</errors>
    </batchProcess>
    <batchProcess id="036c824d-85ed-4807-b058-fcdef2109902">
      <requestDateTime>2016-03-10T10:07:41.739</requestDateTime>
      <recordsCount>1</recordsCount>
      <action name="com.constellio.model.services.batch.actions.ReindexMetadatasBatchProcessAction">
        <argument type="java.util.ArrayList">
          <item type="java.lang.String">administrativeUnit_default_inheritedauthorizations</item>
        </argument>
      </action>
      <query>(*:*) AND ((*:* -type_s:index)) AND (collection_s:zeCollection) AND (schema_s:administrativeUnit_*) AND (( parentPId_s:"unitId_11" ))</query>
      <collection>zeCollection</collection>
      <startDateTime>2016-03-10T10:07:41.772</startDateTime>
      <errors>0</errors>
    </batchProcess>
    <batchProcess id="20a419e3-9dbc-4ea9-8180-ae2f48d5ddfd">
      <requestDateTime>2016-03-10T10:07:41.805</requestDateTime>
      <recordsCount>1</recordsCount>
      <action name="com.constellio.model.services.batch.actions.ReindexMetadatasBatchProcessAction">
        <argument type="java.util.ArrayList">
          <item type="java.lang.String">administrativeUnit_default_inheritedauthorizations</item>
        </argument>
      </action>
      <query>(*:*) AND ((*:* -type_s:index)) AND (collection_s:zeCollection) AND (schema_s:administrativeUnit_*) AND (( parentPId_s:"unitId_11" ))</query>
      <collection>zeCollection</collection>
      <startDateTime>2016-03-10T10:07:41.839</startDateTime>
      <errors>0</errors>
    </batchProcess>
    <batchProcess id="2c22b42a-874e-4ffa-be58-396bba605b4f">
      <requestDateTime>2016-03-10T10:07:41.867</requestDateTime>
      <recordsCount>1</recordsCount>
      <action name="com.constellio.model.services.batch.actions.ReindexMetadatasBatchProcessAction">
        <argument type="java.util.ArrayList">
          <item type="java.lang.String">administrativeUnit_default_inheritedauthorizations</item>
        </argument>
      </action>
      <query>(*:*) AND ((*:* -type_s:index)) AND (collection_s:zeCollection) AND (schema_s:administrativeUnit_*) AND (( parentPId_s:"unitId_11" ))</query>
      <collection>zeCollection</collection>
      <startDateTime>2016-03-10T10:07:41.899</startDateTime>
      <errors>0</errors>
    </batchProcess>
    <batchProcess id="9d874084-179f-4a03-bc7c-441c29b4c23c">
      <requestDateTime>2016-03-10T10:07:41.927</requestDateTime>
      <recordsCount>2</recordsCount>
      <action name="com.constellio.model.services.batch.actions.ReindexMetadatasBatchProcessAction">
        <argument type="java.util.ArrayList">
          <item type="java.lang.String">administrativeUnit_default_inheritedauthorizations</item>
        </argument>
      </action>
      <query>(*:*) AND ((*:* -type_s:index)) AND (collection_s:zeCollection) AND (schema_s:administrativeUnit_*) AND (( parentPId_s:"unitId_12" ))</query>
      <collection>zeCollection</collection>
      <startDateTime>2016-03-10T10:07:41.963</startDateTime>
      <errors>0</errors>
    </batchProcess>
    <batchProcess id="e1021c32-58b2-417d-84b9-6ab1741560a4">
      <requestDateTime>2016-03-10T10:07:42.002</requestDateTime>
      <recordsCount>2</recordsCount>
      <action name="com.constellio.model.services.batch.actions.ReindexMetadatasBatchProcessAction">
        <argument type="java.util.ArrayList">
          <item type="java.lang.String">administrativeUnit_default_inheritedauthorizations</item>
        </argument>
      </action>
      <query>(*:*) AND ((*:* -type_s:index)) AND (collection_s:zeCollection) AND (schema_s:administrativeUnit_*) AND (( parentPId_s:"unitId_12" ))</query>
      <collection>zeCollection</collection>
      <startDateTime>2016-03-10T10:07:42.044</startDateTime>
      <errors>0</errors>
    </batchProcess>
    <batchProcess id="74a1dc1a-18e7-419f-b27a-2e2d48481ec1">
      <requestDateTime>2016-03-10T10:07:42.080</requestDateTime>
      <recordsCount>2</recordsCount>
      <action name="com.constellio.model.services.batch.actions.ReindexMetadatasBatchProcessAction">
        <argument type="java.util.ArrayList">
          <item type="java.lang.String">administrativeUnit_default_inheritedauthorizations</item>
        </argument>
      </action>
      <query>(*:*) AND ((*:* -type_s:index)) AND (collection_s:zeCollection) AND (schema_s:administrativeUnit_*) AND (( parentPId_s:"unitId_12" ))</query>
      <collection>zeCollection</collection>
      <startDateTime>2016-03-10T10:07:42.120</startDateTime>
      <errors>0</errors>
    </batchProcess>
    <batchProcess id="c1003657-8897-46c9-966a-92d0270f0f08">
      <requestDateTime>2016-03-10T10:07:42.153</requestDateTime>
      <recordsCount>2</recordsCount>
      <action name="com.constellio.model.services.batch.actions.ReindexMetadatasBatchProcessAction">
        <argument type="java.util.ArrayList">
          <item type="java.lang.String">administrativeUnit_default_inheritedauthorizations</item>
        </argument>
      </action>
      <query>(*:*) AND ((*:* -type_s:index)) AND (collection_s:zeCollection) AND (schema_s:administrativeUnit_*) AND (( parentPId_s:"unitId_12" ))</query>
      <collection>zeCollection</collection>
      <startDateTime>2016-03-10T10:07:42.194</startDateTime>
      <errors>0</errors>
    </batchProcess>
    <batchProcess id="1df9a37d-572a-4194-9dcf-494864d56685">
      <requestDateTime>2016-03-10T10:07:42.229</requestDateTime>
      <recordsCount>1</recordsCount>
      <action name="com.constellio.model.services.batch.actions.ReindexMetadatasBatchProcessAction">
        <argument type="java.util.ArrayList">
          <item type="java.lang.String">administrativeUnit_default_inheritedauthorizations</item>
        </argument>
      </action>
      <query>(*:*) AND ((*:* -type_s:index)) AND (collection_s:zeCollection) AND (schema_s:administrativeUnit_*) AND (( parentPId_s:"unitId_30" ))</query>
      <collection>zeCollection</collection>
      <startDateTime>2016-03-10T10:07:42.269</startDateTime>
      <errors>0</errors>
    </batchProcess>
    <batchProcess id="5c2302e9-8a90-4ea6-891b-932d2d6a1443">
      <requestDateTime>2016-03-10T10:07:42.297</requestDateTime>
      <recordsCount>1</recordsCount>
      <action name="com.constellio.model.services.batch.actions.ReindexMetadatasBatchProcessAction">
        <argument type="java.util.ArrayList">
          <item type="java.lang.String">administrativeUnit_default_inheritedauthorizations</item>
        </argument>
      </action>
      <query>(*:*) AND ((*:* -type_s:index)) AND (collection_s:zeCollection) AND (schema_s:administrativeUnit_*) AND (( parentPId_s:"unitId_30" ))</query>
      <collection>zeCollection</collection>
      <startDateTime>2016-03-10T10:07:42.330</startDateTime>
      <errors>0</errors>
    </batchProcess>
    <batchProcess id="7937af79-0a25-4514-b337-13b081354005">
      <requestDateTime>2016-03-10T10:07:42.359</requestDateTime>
      <recordsCount>1</recordsCount>
      <action name="com.constellio.model.services.batch.actions.ReindexMetadatasBatchProcessAction">
        <argument type="java.util.ArrayList">
          <item type="java.lang.String">administrativeUnit_default_inheritedauthorizations</item>
        </argument>
      </action>
      <query>(*:*) AND ((*:* -type_s:index)) AND (collection_s:zeCollection) AND (schema_s:administrativeUnit_*) AND (( parentPId_s:"unitId_30" ))</query>
      <collection>zeCollection</collection>
      <startDateTime>2016-03-10T10:07:42.393</startDateTime>
      <errors>0</errors>
    </batchProcess>
    <batchProcess id="428e3e4d-0f95-4014-9d5e-6d76a660e419">
      <requestDateTime>2016-03-10T10:07:42.422</requestDateTime>
      <recordsCount>1</recordsCount>
      <action name="com.constellio.model.services.batch.actions.ReindexMetadatasBatchProcessAction">
        <argument type="java.util.ArrayList">
          <item type="java.lang.String">administrativeUnit_default_inheritedauthorizations</item>
        </argument>
      </action>
      <query>(*:*) AND ((*:* -type_s:index)) AND (collection_s:zeCollection) AND (schema_s:administrativeUnit_*) AND (( parentPId_s:"unitId_30" ))</query>
      <collection>zeCollection</collection>
      <startDateTime>2016-03-10T10:07:42.456</startDateTime>
      <errors>0</errors>
    </batchProcess>
    <batchProcess id="95526b2f-c5ca-4f70-863e-9ad01ce6edc9">
      <requestDateTime>2016-03-10T10:07:42.510</requestDateTime>
      <recordsCount>110</recordsCount>
      <action name="com.constellio.model.services.batch.actions.ReindexMetadatasBatchProcessAction">
        <argument type="java.util.ArrayList">
          <item type="java.lang.String">folder_default_closingDate</item>
        </argument>
      </action>
      <query>(*:*) AND ((*:* -type_s:index)) AND (collection_s:LaCollectionDeRida) AND (schema_s:folder_*) AND (( *:* ))</query>
      <collection>LaCollectionDeRida</collection>
      <startDateTime>2016-03-10T10:07:42.529</startDateTime>
      <errors>0</errors>
    </batchProcess>
    <batchProcess id="1f99ae44-176b-4fe0-bf63-99a4c2f3880c">
      <requestDateTime>2016-03-10T10:07:42.537</requestDateTime>
      <recordsCount>110</recordsCount>
      <action name="com.constellio.model.services.batch.actions.ReindexMetadatasBatchProcessAction">
        <argument type="java.util.ArrayList">
          <item type="java.lang.String">folder_default_decommissioningDate</item>
          <item type="java.lang.String">folder_default_closingDate</item>
          <item type="java.lang.String">folder_default_copyRulesExpectedDepositDates</item>
          <item type="java.lang.String">folder_default_copyRulesExpectedTransferDates</item>
          <item type="java.lang.String">folder_default_copyRulesExpectedDestructionDates</item>
        </argument>
      </action>
      <query>(*:*) AND ((*:* -type_s:index)) AND (collection_s:LaCollectionDeRida) AND (schema_s:folder_*) AND (( *:* ))</query>
      <collection>LaCollectionDeRida</collection>
      <startDateTime>2016-03-10T10:07:42.641</startDateTime>
      <errors>0</errors>
    </batchProcess>
    <batchProcess id="f8b5ae4f-3e04-42d2-82da-b50285b4b4ca">
      <requestDateTime>2016-03-10T10:07:42.549</requestDateTime>
      <recordsCount>15</recordsCount>
      <action name="com.constellio.model.services.batch.actions.ReindexMetadatasBatchProcessAction">
        <argument type="java.util.ArrayList">
          <item type="java.lang.String">document_default_expectedDepositDate</item>
          <item type="java.lang.String">document_default_expectedDestructionDate</item>
          <item type="java.lang.String">document_default_expectedTransferDate</item>
        </argument>
      </action>
      <query>(*:*) AND ((*:* -type_s:index)) AND (collection_s:LaCollectionDeRida) AND (schema_s:document_*) AND (( *:* ))</query>
      <collection>LaCollectionDeRida</collection>
      <startDateTime>2016-03-10T10:07:43.177</startDateTime>
      <errors>0</errors>
    </batchProcess>
    <batchProcess id="c16b4be4-8385-4ad8-8ed8-db9c5d549354">
      <requestDateTime>2016-03-10T10:10:33.667</requestDateTime>
      <recordsCount>1</recordsCount>
      <action name="com.constellio.model.services.batch.actions.ChangeValueOfMetadataBatchProcessAction">
        <argument type="java.util.HashMap">
          <entry>
            <key type="java.lang.String">folder_default_categoryEntered</key>
            <value type="java.lang.String">categoryId_ZE42</value>
          </entry>
        </argument>
      </action>
      <query>(*:*) AND ((*:* -type_s:index)) AND (collection_s:zeCollection) AND (( id:"00000000400" ))</query>
      <collection>zeCollection</collection>
      <startDateTime>2016-03-10T10:10:33.689</startDateTime>
      <errors>0</errors>
    </batchProcess>
  </previousBatchProcesses>
  <pendingBatchProcesses />
  <standbyBatchProcesses />
  <currentBatchProcess />
</root>
