<?xml version="1.0" encoding="UTF-8"?>
<authorizations>
  <authorization id="_U_af691a77-6e79-4ff7-911e-d8fa5bed05f7">
    <startDate>1969-12-06</startDate>
    <endDate>1970-01-25</endDate>
    <collection>LaCollectionDeRida</collection>
    <roles>
      <role>U</role>
    </roles>
    <synced>false</synced>
  </authorization>
  <authorization id="rw__5f8212f8-8e62-4aab-84c8-526d65a5a07f">
    <startDate>1969-12-06</startDate>
    <endDate>1970-01-25</endDate>
    <collection>LaCollectionDeRida</collection>
    <roles>
      <role>READ</role>
      <role>WRITE</role>
    </roles>
    <synced>false</synced>
  </authorization>
  <authorization id="_M_942d2513-69d0-4ad8-9ef3-6e0d49de49be">
    <startDate>1969-12-06</startDate>
    <endDate>1970-01-25</endDate>
    <collection>LaCollectionDeRida</collection>
    <roles>
      <role>M</role>
    </roles>
    <synced>false</synced>
  </authorization>
  <authorization id="rwd__f419b4be-69e7-4361-83ac-dadd780903b4">
    <startDate>1969-12-06</startDate>
    <endDate>1970-01-25</endDate>
    <collection>LaCollectionDeRida</collection>
    <roles>
      <role>READ</role>
      <role>WRITE</role>
      <role>DELETE</role>
    </roles>
    <synced>false</synced>
  </authorization>
  <authorization id="_U_98ef65ed-974c-4762-a9a7-2bf3e90e985b">
    <startDate>1969-12-06</startDate>
    <endDate>1970-01-25</endDate>
    <collection>LaCollectionDeRida</collection>
    <roles>
      <role>U</role>
    </roles>
    <synced>false</synced>
  </authorization>
  <authorization id="rw__b1fe2923-50dd-4088-87d7-d9ea4ec950f5">
    <startDate>1969-12-06</startDate>
    <endDate>1970-01-25</endDate>
    <collection>LaCollectionDeRida</collection>
    <roles>
      <role>READ</role>
      <role>WRITE</role>
    </roles>
    <synced>false</synced>
  </authorization>
  <authorization id="_M_f9feb53c-6c1f-4c2c-aabb-8f50002fbb8c">
    <startDate>1969-12-06</startDate>
    <endDate>1970-01-25</endDate>
    <collection>LaCollectionDeRida</collection>
    <roles>
      <role>M</role>
    </roles>
    <synced>false</synced>
  </authorization>
  <authorization id="rwd__deb7060e-f39f-4f71-b7a8-6f224b6d67aa">
    <startDate>1969-12-06</startDate>
    <endDate>1970-01-25</endDate>
    <collection>LaCollectionDeRida</collection>
    <roles>
      <role>READ</role>
      <role>WRITE</role>
      <role>DELETE</role>
    </roles>
    <synced>false</synced>
  </authorization>
  <authorization id="_U_9f4d8fc6-6c60-469a-abc3-3e8c451098ea">
    <startDate>1969-12-06</startDate>
    <endDate>1970-01-25</endDate>
    <collection>LaCollectionDeRida</collection>
    <roles>
      <role>U</role>
    </roles>
    <synced>false</synced>
  </authorization>
  <authorization id="rw__e8f64bb2-749d-4a14-87bc-7f1f8f854b0e">
    <startDate>1969-12-06</startDate>
    <endDate>1970-01-25</endDate>
    <collection>LaCollectionDeRida</collection>
    <roles>
      <role>READ</role>
      <role>WRITE</role>
    </roles>
    <synced>false</synced>
  </authorization>
  <authorization id="_M_ddfb5ac8-a60a-4a7b-a5e3-ab97aabb38f2">
    <startDate>1969-12-06</startDate>
    <endDate>1970-01-25</endDate>
    <collection>LaCollectionDeRida</collection>
    <roles>
      <role>M</role>
    </roles>
    <synced>false</synced>
  </authorization>
  <authorization id="rwd__82569fe7-abd4-432a-8c32-b77e643ec79e">
    <startDate>1969-12-06</startDate>
    <endDate>1970-01-25</endDate>
    <collection>LaCollectionDeRida</collection>
    <roles>
      <role>READ</role>
      <role>WRITE</role>
      <role>DELETE</role>
    </roles>
    <synced>false</synced>
  </authorization>
</authorizations>
