<?xml version="1.0" encoding="UTF-8"?>
<root>
  <previousBatchProcesses>
    <batchProcess id="b23d185e-e0f2-4f21-9d52-3f06275cc5cb">
      <requestDateTime>2016-04-04T10:24:19.131</requestDateTime>
      <recordsCount>3</recordsCount>
      <action name="com.constellio.model.services.batch.actions.ReindexMetadatasBatchProcessAction">
        <argument type="java.util.ArrayList">
          <item type="java.lang.String">administrativeUnit_default_inheritedauthorizations</item>
        </argument>
      </action>
      <query>(*:*) AND ((*:* -type_s:index)) AND (collection_s:zeCollection) AND (schema_s:administrativeUnit_*) AND (( parentPId_s:"unitId_10" ))</query>
      <collection>zeCollection</collection>
      <startDateTime>2016-04-04T10:24:19.169</startDateTime>
      <errors>0</errors>
    </batchProcess>
    <batchProcess id="8c7f9623-d8a9-4f7c-9cec-ece056918fee">
      <requestDateTime>2016-04-04T10:24:19.213</requestDateTime>
      <recordsCount>3</recordsCount>
      <action name="com.constellio.model.services.batch.actions.ReindexMetadatasBatchProcessAction">
        <argument type="java.util.ArrayList">
          <item type="java.lang.String">administrativeUnit_default_inheritedauthorizations</item>
        </argument>
      </action>
      <query>(*:*) AND ((*:* -type_s:index)) AND (collection_s:zeCollection) AND (schema_s:administrativeUnit_*) AND (( parentPId_s:"unitId_10" ))</query>
      <collection>zeCollection</collection>
      <startDateTime>2016-04-04T10:24:19.307</startDateTime>
      <errors>0</errors>
    </batchProcess>
    <batchProcess id="70bcb919-5c1d-4b8f-b622-1896b6f88b4c">
      <requestDateTime>2016-04-04T10:24:19.276</requestDateTime>
      <recordsCount>3</recordsCount>
      <action name="com.constellio.model.services.batch.actions.ReindexMetadatasBatchProcessAction">
        <argument type="java.util.ArrayList">
          <item type="java.lang.String">administrativeUnit_default_inheritedauthorizations</item>
        </argument>
      </action>
      <query>(*:*) AND ((*:* -type_s:index)) AND (collection_s:zeCollection) AND (schema_s:administrativeUnit_*) AND (( parentPId_s:"unitId_10" ))</query>
      <collection>zeCollection</collection>
      <startDateTime>2016-04-04T10:24:19.425</startDateTime>
      <errors>0</errors>
    </batchProcess>
    <batchProcess id="760ba6ae-cd14-4207-a9f3-f3d3a41be4c3">
      <requestDateTime>2016-04-04T10:24:19.368</requestDateTime>
      <recordsCount>3</recordsCount>
      <action name="com.constellio.model.services.batch.actions.ReindexMetadatasBatchProcessAction">
        <argument type="java.util.ArrayList">
          <item type="java.lang.String">administrativeUnit_default_inheritedauthorizations</item>
        </argument>
      </action>
      <query>(*:*) AND ((*:* -type_s:index)) AND (collection_s:zeCollection) AND (schema_s:administrativeUnit_*) AND (( parentPId_s:"unitId_10" ))</query>
      <collection>zeCollection</collection>
      <startDateTime>2016-04-04T10:24:19.529</startDateTime>
      <errors>0</errors>
    </batchProcess>
    <batchProcess id="499b20c6-47a2-48fe-bfca-1ecf919cd24f">
      <requestDateTime>2016-04-04T10:24:19.511</requestDateTime>
      <recordsCount>1</recordsCount>
      <action name="com.constellio.model.services.batch.actions.ReindexMetadatasBatchProcessAction">
        <argument type="java.util.ArrayList">
          <item type="java.lang.String">administrativeUnit_default_inheritedauthorizations</item>
        </argument>
      </action>
      <query>(*:*) AND ((*:* -type_s:index)) AND (collection_s:zeCollection) AND (schema_s:administrativeUnit_*) AND (( parentPId_s:"unitId_11" ))</query>
      <collection>zeCollection</collection>
      <startDateTime>2016-04-04T10:24:19.557</startDateTime>
      <errors>0</errors>
    </batchProcess>
    <batchProcess id="8e10ce35-ea31-41e0-b7b5-bfcd4aa29da7">
      <requestDateTime>2016-04-04T10:24:19.589</requestDateTime>
      <recordsCount>1</recordsCount>
      <action name="com.constellio.model.services.batch.actions.ReindexMetadatasBatchProcessAction">
        <argument type="java.util.ArrayList">
          <item type="java.lang.String">administrativeUnit_default_inheritedauthorizations</item>
        </argument>
      </action>
      <query>(*:*) AND ((*:* -type_s:index)) AND (collection_s:zeCollection) AND (schema_s:administrativeUnit_*) AND (( parentPId_s:"unitId_11" ))</query>
      <collection>zeCollection</collection>
      <startDateTime>2016-04-04T10:24:19.619</startDateTime>
      <errors>0</errors>
    </batchProcess>
    <batchProcess id="c9e2752b-a108-467b-a43c-e7d0b7c5b517">
      <requestDateTime>2016-04-04T10:24:19.651</requestDateTime>
      <recordsCount>1</recordsCount>
      <action name="com.constellio.model.services.batch.actions.ReindexMetadatasBatchProcessAction">
        <argument type="java.util.ArrayList">
          <item type="java.lang.String">administrativeUnit_default_inheritedauthorizations</item>
        </argument>
      </action>
      <query>(*:*) AND ((*:* -type_s:index)) AND (collection_s:zeCollection) AND (schema_s:administrativeUnit_*) AND (( parentPId_s:"unitId_11" ))</query>
      <collection>zeCollection</collection>
      <startDateTime>2016-04-04T10:24:19.682</startDateTime>
      <errors>0</errors>
    </batchProcess>
    <batchProcess id="c5199e60-c066-4be7-bbd8-3374ac47a911">
      <requestDateTime>2016-04-04T10:24:19.712</requestDateTime>
      <recordsCount>1</recordsCount>
      <action name="com.constellio.model.services.batch.actions.ReindexMetadatasBatchProcessAction">
        <argument type="java.util.ArrayList">
          <item type="java.lang.String">administrativeUnit_default_inheritedauthorizations</item>
        </argument>
      </action>
      <query>(*:*) AND ((*:* -type_s:index)) AND (collection_s:zeCollection) AND (schema_s:administrativeUnit_*) AND (( parentPId_s:"unitId_11" ))</query>
      <collection>zeCollection</collection>
      <startDateTime>2016-04-04T10:24:19.744</startDateTime>
      <errors>0</errors>
    </batchProcess>
    <batchProcess id="19ab5eb3-2e8c-462e-ae44-766a38898edf">
      <requestDateTime>2016-04-04T10:24:19.776</requestDateTime>
      <recordsCount>2</recordsCount>
      <action name="com.constellio.model.services.batch.actions.ReindexMetadatasBatchProcessAction">
        <argument type="java.util.ArrayList">
          <item type="java.lang.String">administrativeUnit_default_inheritedauthorizations</item>
        </argument>
      </action>
      <query>(*:*) AND ((*:* -type_s:index)) AND (collection_s:zeCollection) AND (schema_s:administrativeUnit_*) AND (( parentPId_s:"unitId_12" ))</query>
      <collection>zeCollection</collection>
      <startDateTime>2016-04-04T10:24:19.809</startDateTime>
      <errors>0</errors>
    </batchProcess>
    <batchProcess id="37745b09-c086-4691-9052-22321cf8eb3a">
      <requestDateTime>2016-04-04T10:24:19.846</requestDateTime>
      <recordsCount>2</recordsCount>
      <action name="com.constellio.model.services.batch.actions.ReindexMetadatasBatchProcessAction">
        <argument type="java.util.ArrayList">
          <item type="java.lang.String">administrativeUnit_default_inheritedauthorizations</item>
        </argument>
      </action>
      <query>(*:*) AND ((*:* -type_s:index)) AND (collection_s:zeCollection) AND (schema_s:administrativeUnit_*) AND (( parentPId_s:"unitId_12" ))</query>
      <collection>zeCollection</collection>
      <startDateTime>2016-04-04T10:24:19.879</startDateTime>
      <errors>0</errors>
    </batchProcess>
    <batchProcess id="fcee2bbc-30d8-4f40-9d10-502253f0e067">
      <requestDateTime>2016-04-04T10:24:19.915</requestDateTime>
      <recordsCount>2</recordsCount>
      <action name="com.constellio.model.services.batch.actions.ReindexMetadatasBatchProcessAction">
        <argument type="java.util.ArrayList">
          <item type="java.lang.String">administrativeUnit_default_inheritedauthorizations</item>
        </argument>
      </action>
      <query>(*:*) AND ((*:* -type_s:index)) AND (collection_s:zeCollection) AND (schema_s:administrativeUnit_*) AND (( parentPId_s:"unitId_12" ))</query>
      <collection>zeCollection</collection>
      <startDateTime>2016-04-04T10:24:19.946</startDateTime>
      <errors>0</errors>
    </batchProcess>
    <batchProcess id="cf2b05b7-bae7-4df0-995e-c29237bebe44">
      <requestDateTime>2016-04-04T10:24:19.981</requestDateTime>
      <recordsCount>2</recordsCount>
      <action name="com.constellio.model.services.batch.actions.ReindexMetadatasBatchProcessAction">
        <argument type="java.util.ArrayList">
          <item type="java.lang.String">administrativeUnit_default_inheritedauthorizations</item>
        </argument>
      </action>
      <query>(*:*) AND ((*:* -type_s:index)) AND (collection_s:zeCollection) AND (schema_s:administrativeUnit_*) AND (( parentPId_s:"unitId_12" ))</query>
      <collection>zeCollection</collection>
      <startDateTime>2016-04-04T10:24:20.016</startDateTime>
      <errors>0</errors>
    </batchProcess>
    <batchProcess id="d90b556f-5ff1-44ad-afab-768047575309">
      <requestDateTime>2016-04-04T10:24:20.054</requestDateTime>
      <recordsCount>1</recordsCount>
      <action name="com.constellio.model.services.batch.actions.ReindexMetadatasBatchProcessAction">
        <argument type="java.util.ArrayList">
          <item type="java.lang.String">administrativeUnit_default_inheritedauthorizations</item>
        </argument>
      </action>
      <query>(*:*) AND ((*:* -type_s:index)) AND (collection_s:zeCollection) AND (schema_s:administrativeUnit_*) AND (( parentPId_s:"unitId_30" ))</query>
      <collection>zeCollection</collection>
      <startDateTime>2016-04-04T10:24:20.087</startDateTime>
      <errors>0</errors>
    </batchProcess>
    <batchProcess id="50b8adb6-d768-4d3e-944c-e49ef36b46ce">
      <requestDateTime>2016-04-04T10:24:20.118</requestDateTime>
      <recordsCount>1</recordsCount>
      <action name="com.constellio.model.services.batch.actions.ReindexMetadatasBatchProcessAction">
        <argument type="java.util.ArrayList">
          <item type="java.lang.String">administrativeUnit_default_inheritedauthorizations</item>
        </argument>
      </action>
      <query>(*:*) AND ((*:* -type_s:index)) AND (collection_s:zeCollection) AND (schema_s:administrativeUnit_*) AND (( parentPId_s:"unitId_30" ))</query>
      <collection>zeCollection</collection>
      <startDateTime>2016-04-04T10:24:20.152</startDateTime>
      <errors>0</errors>
    </batchProcess>
    <batchProcess id="8c8e7ef7-0207-4cc5-999c-8038a7b3d559">
      <requestDateTime>2016-04-04T10:24:20.185</requestDateTime>
      <recordsCount>1</recordsCount>
      <action name="com.constellio.model.services.batch.actions.ReindexMetadatasBatchProcessAction">
        <argument type="java.util.ArrayList">
          <item type="java.lang.String">administrativeUnit_default_inheritedauthorizations</item>
        </argument>
      </action>
      <query>(*:*) AND ((*:* -type_s:index)) AND (collection_s:zeCollection) AND (schema_s:administrativeUnit_*) AND (( parentPId_s:"unitId_30" ))</query>
      <collection>zeCollection</collection>
      <startDateTime>2016-04-04T10:24:20.223</startDateTime>
      <errors>0</errors>
    </batchProcess>
    <batchProcess id="2b51f852-287c-428c-bc84-8ae49bfdde0e">
      <requestDateTime>2016-04-04T10:24:20.256</requestDateTime>
      <recordsCount>1</recordsCount>
      <action name="com.constellio.model.services.batch.actions.ReindexMetadatasBatchProcessAction">
        <argument type="java.util.ArrayList">
          <item type="java.lang.String">administrativeUnit_default_inheritedauthorizations</item>
        </argument>
      </action>
      <query>(*:*) AND ((*:* -type_s:index)) AND (collection_s:zeCollection) AND (schema_s:administrativeUnit_*) AND (( parentPId_s:"unitId_30" ))</query>
      <collection>zeCollection</collection>
      <startDateTime>2016-04-04T10:24:20.296</startDateTime>
      <errors>0</errors>
    </batchProcess>
  </previousBatchProcesses>
  <pendingBatchProcesses />
  <standbyBatchProcesses />
  <currentBatchProcess />
</root>
