<?xml version="1.0" encoding="UTF-8"?>
<types version="12" format="2">
  <type code="collection" label="Collection" inTransactionLog="t">
    <defaultSchema code="default" label="Collection">
      <m code="allauthorizations" label="Toutes les autorisations" multivalue="t" type="STRING">
        <dataEntry calculator="com.constellio.model.services.schemas.calculators.AllAuthorizationsCalculator" />
      </m>
      <m code="authorizations" label="Autorisations" multivalue="t" type="STRING" />
      <m code="code" label="Code" systemReserved="f" uniqueValue="t" unmodifiable="t" type="STRING" />
      <m code="createdOn" label="Date de création" sortable="t" type="DATE_TIME" />
      <m code="deleted" label="Supprimé" type="BOOLEAN" />
      <m code="denyTokens" label="Jetons de refus" multivalue="t" type="STRING">
        <validators classNames="com.constellio.model.services.schemas.validators.ManualTokenValidator" />
      </m>
      <m code="detachedauthorizations" label="Autorisations détachées" type="BOOLEAN" />
      <m code="followers" label="Suiveurs" multivalue="t" searchable="t" type="STRING" />
      <m code="id" label="ID" searchable="t" sortable="t" uniqueValue="t" unmodifiable="t" type="STRING" defaultRequirement="t" />
      <m code="inheritedauthorizations" label="Autorisations héritées" multivalue="t" type="STRING">
        <dataEntry calculator="com.constellio.model.services.schemas.calculators.InheritedAuthorizationsCalculator" />
      </m>
      <m code="languages" label="langues" multivalue="t" systemReserved="f" unmodifiable="t" type="STRING" />
      <m code="legacyIdentifier" label="Ancien identifiant" searchable="t" uniqueValue="t" unmodifiable="t" type="STRING" defaultRequirement="t" />
      <m code="manualTokens" label="Jetons manuels" multivalue="t" type="STRING">
        <validators classNames="com.constellio.model.services.schemas.validators.ManualTokenValidator" />
      </m>
      <m code="markedForPreviewConversion" label="Requiert une conversion" type="BOOLEAN" />
      <m code="modifiedOn" label="Date de modification" sortable="t" type="DATE_TIME" />
      <m code="name" label="Nom" systemReserved="f" type="STRING" />
      <m code="parentpath" label="Chemin du parent" multivalue="t" type="STRING">
        <dataEntry calculator="com.constellio.model.services.schemas.calculators.ParentPathCalculator" />
      </m>
      <m code="path" label="Chemin" multivalue="t" type="STRING">
        <dataEntry calculator="com.constellio.model.services.schemas.calculators.PathCalculator" />
      </m>
      <m code="pathParts" label="Segments de chemins" multivalue="t" type="STRING">
        <dataEntry calculator="com.constellio.model.services.schemas.calculators.PathPartsCalculator" />
      </m>
      <m code="principalpath" label="Chemin principal" type="STRING">
        <dataEntry calculator="com.constellio.model.services.schemas.calculators.PrincipalPathCalculator" />
      </m>
      <m code="removedauthorizations" label="Autorisations supprimées" multivalue="t" type="STRING" />
      <m code="schema" label="Format" type="STRING" defaultRequirement="t" />
      <m code="searchable" label="Recherchable" type="BOOLEAN" />
      <m code="shareDenyTokens" label="Jetons de refus (AD)" multivalue="t" type="STRING">
        <validators classNames="com.constellio.model.services.schemas.validators.ManualTokenValidator" />
      </m>
      <m code="shareTokens" label="Jetons (AD)" multivalue="t" type="STRING">
        <validators classNames="com.constellio.model.services.schemas.validators.ManualTokenValidator" />
      </m>
      <m code="title" label="Titre" searchable="t" schemaAutocomplete="t" systemReserved="f" type="STRING" />
      <m code="tokens" label="Jetons" multivalue="t" type="STRING">
        <dataEntry calculator="com.constellio.model.services.schemas.calculators.TokensCalculator2" />
      </m>
      <m code="visibleInTrees" label="Visible dans l'arbre" type="BOOLEAN" />
    </defaultSchema>
    <customSchemas />
  </type>
  <type code="actionParameters" label="Paramètres de l'action" security="t" inTransactionLog="t">
    <defaultSchema code="default" label="Paramètres de l'action">
      <m code="allauthorizations" />
      <m code="authorizations" />
      <m code="createdBy" label="Créé par" type="REFERENCE">
        <references schemaType="user" />
      </m>
      <m code="createdOn" />
      <m code="deleted" />
      <m code="denyTokens" />
      <m code="detachedauthorizations" />
      <m code="followers" />
      <m code="id" />
      <m code="inheritedauthorizations" />
      <m code="legacyIdentifier" />
      <m code="manualTokens" />
      <m code="markedForPreviewConversion" />
      <m code="modifiedBy" label="Modifié par" type="REFERENCE">
        <references schemaType="user" />
      </m>
      <m code="modifiedOn" />
      <m code="parentpath" />
      <m code="path" />
      <m code="pathParts" />
      <m code="principalpath" />
      <m code="removedauthorizations" />
      <m code="schema" />
      <m code="searchable" />
      <m code="shareDenyTokens" />
      <m code="shareTokens" />
      <m code="title" enabled="f" />
      <m code="tokens" />
      <m code="visibleInTrees" />
    </defaultSchema>
    <customSchemas />
  </type>
  <type code="emailToSend" label="Courriel à envoyer" inTransactionLog="t">
    <defaultSchema code="default" label="Courriel à envoyer">
      <m code="BCC" label="Champ BCC" multivalue="t" systemReserved="f" type="STRUCTURE" structureFactory="com.constellio.model.entities.structures.EmailAddressFactory" />
      <m code="CC" label="Champ CC" multivalue="t" systemReserved="f" type="STRUCTURE" structureFactory="com.constellio.model.entities.structures.EmailAddressFactory" />
      <m code="allauthorizations" />
      <m code="authorizations" />
      <m code="createdBy" label="Créé par" type="REFERENCE">
        <references schemaType="user" />
      </m>
      <m code="createdOn" />
      <m code="deleted" />
      <m code="denyTokens" />
      <m code="detachedauthorizations" />
      <m code="error" label="Erreur" systemReserved="f" type="STRING" />
      <m code="followers" />
      <m code="from" label="De" systemReserved="f" type="STRUCTURE" structureFactory="com.constellio.model.entities.structures.EmailAddressFactory" />
      <m code="id" />
      <m code="inheritedauthorizations" />
      <m code="legacyIdentifier" />
      <m code="manualTokens" />
      <m code="markedForPreviewConversion" />
      <m code="modifiedBy" label="Modifié par" type="REFERENCE">
        <references schemaType="user" />
      </m>
      <m code="modifiedOn" />
      <m code="parameters" label="Paramètres" multivalue="t" systemReserved="f" type="STRING" />
      <m code="parentpath" />
      <m code="path" />
      <m code="pathParts" />
      <m code="principalpath" />
      <m code="removedauthorizations" />
      <m code="schema" />
      <m code="searchable" />
      <m code="sendOn" label="Date d'envoi" systemReserved="f" type="DATE_TIME" />
      <m code="shareDenyTokens" />
      <m code="shareTokens" />
      <m code="subject" label="Objet" systemReserved="f" type="STRING" />
      <m code="template" label="Modèle" systemReserved="f" type="STRING" />
      <m code="title" />
      <m code="to" label="À" multivalue="t" systemReserved="f" type="STRUCTURE" structureFactory="com.constellio.model.entities.structures.EmailAddressFactory" />
      <m code="tokens" />
      <m code="tryingCount" label="Nombre d''essai" systemReserved="f" type="NUMBER" defaultRequirement="t">
        <defaultValue type="java.lang.Double">0.0</defaultValue>
      </m>
      <m code="visibleInTrees" />
    </defaultSchema>
    <customSchemas />
  </type>
  <type code="event" label="Événement" inTransactionLog="t">
    <defaultSchema code="default" label="Événement">
      <m code="allauthorizations" />
      <m code="authorizations" />
      <m code="createdBy" label="Créé par" type="REFERENCE">
        <references schemaType="user" />
      </m>
      <m code="createdOn" label="Date de l'évènement" />
      <m code="deleted" />
      <m code="delta" label="Détails" systemReserved="f" type="STRING" />
      <m code="denyTokens" />
      <m code="detachedauthorizations" />
      <m code="eventPrincipalPath" label="Chemin principal" systemReserved="f" type="STRING" />
      <m code="followers" />
      <m code="id" />
      <m code="inheritedauthorizations" />
      <m code="ip" label="IP" systemReserved="f" type="STRING" />
      <m code="legacyIdentifier" />
      <m code="manualTokens" />
      <m code="markedForPreviewConversion" />
      <m code="modifiedBy" label="Modifié par" type="REFERENCE">
        <references schemaType="user" />
      </m>
      <m code="modifiedOn" label="Date de l'évènement" />
      <m code="parentpath" />
      <m code="path" />
      <m code="pathParts" />
      <m code="permissionDateRange" label="Dates (permission)" systemReserved="f" type="STRING" />
      <m code="permissionRoles" label="Rôles (permission)" systemReserved="f" type="STRING" />
      <m code="permissionUsers" label="Utilisateurs (permission)" systemReserved="f" type="STRING" />
      <m code="principalpath" />
      <m code="reason" label="Justification" systemReserved="f" type="STRING" />
      <m code="recordIdentifier" label="Identifiant" systemReserved="f" type="STRING" />
      <m code="removedauthorizations" />
      <m code="schema" />
      <m code="searchable" />
      <m code="shareDenyTokens" />
      <m code="shareTokens" />
      <m code="title" />
      <m code="tokens" />
      <m code="type" label="Type" systemReserved="f" type="STRING" />
      <m code="userRoles" label="Rôles (utilisateur)" systemReserved="f" type="STRING" />
      <m code="username" label="Utilisateur" systemReserved="f" type="STRING" />
      <m code="visibleInTrees" />
    </defaultSchema>
    <customSchemas />
  </type>
  <type code="facet" label="Facette" inTransactionLog="t">
    <defaultSchema code="default" label="Facette">
      <m code="active" label="Actif" systemReserved="f" type="BOOLEAN">
        <defaultValue type="java.lang.Boolean">true</defaultValue>
      </m>
      <m code="allauthorizations" />
      <m code="authorizations" />
      <m code="createdBy" label="Créé par" type="REFERENCE">
        <references schemaType="user" />
      </m>
      <m code="createdOn" />
      <m code="deleted" />
      <m code="denyTokens" />
      <m code="detachedauthorizations" />
      <m code="elementPerPage" label="Éléments par page" systemReserved="f" type="NUMBER" defaultRequirement="t">
        <defaultValue type="java.lang.Integer">5</defaultValue>
      </m>
      <m code="facetType" label="Type" systemReserved="f" type="ENUM" defaultRequirement="t" enumClass="com.constellio.model.entities.records.wrappers.structure.FacetType" />
      <m code="fieldDatastoreCode" label="Code de champs" systemReserved="f" essential="t" type="STRING" />
      <m code="followers" />
      <m code="id" />
      <m code="inheritedauthorizations" />
      <m code="legacyIdentifier" />
      <m code="manualTokens" />
      <m code="markedForPreviewConversion" />
      <m code="modifiedBy" label="Modifié par" type="REFERENCE">
        <references schemaType="user" />
      </m>
      <m code="modifiedOn" />
      <m code="openByDefault" label="Ouvert par défaut" systemReserved="f" type="BOOLEAN">
        <defaultValue type="java.lang.Boolean">true</defaultValue>
      </m>
      <m code="order" label="Ordre" systemReserved="f" type="NUMBER" />
      <m code="orderResult" label="Ordre des résultats" systemReserved="f" type="ENUM" defaultRequirement="t" enumClass="com.constellio.model.entities.records.wrappers.structure.FacetOrderType">
        <defaultValue type="com.constellio.model.entities.records.wrappers.structure.FacetOrderType">R</defaultValue>
      </m>
      <m code="pages" label="Nombre de pages" systemReserved="f" type="NUMBER">
        <defaultValue type="java.lang.Integer">1</defaultValue>
      </m>
      <m code="parentpath" />
      <m code="path" />
      <m code="pathParts" />
      <m code="principalpath" />
      <m code="removedauthorizations" />
      <m code="schema" />
      <m code="searchable" />
      <m code="shareDenyTokens" />
      <m code="shareTokens" />
      <m code="title" defaultRequirement="t" />
      <m code="tokens" />
      <m code="usedByModule" label="Utilisé par le module" type="STRING" />
      <m code="visibleInTrees" />
    </defaultSchema>
    <customSchemas>
      <schema code="field" label="Champ" undeletable="f">
        <m code="fieldValuesLabel" label="Libellés des valeurs de champs" systemReserved="f" type="STRUCTURE" structureFactory="com.constellio.model.entities.structures.MapStringStringStructureFactory" />
      </schema>
      <schema code="query" label="Requête" undeletable="f">
        <m code="listQueries" label="Liste des requêtes" systemReserved="f" type="STRUCTURE" structureFactory="com.constellio.model.entities.structures.MapStringStringStructureFactory" />
      </schema>
    </customSchemas>
  </type>
  <type code="group" label="Groupe" inTransactionLog="t">
    <defaultSchema code="default" label="Groupe">
      <m code="allauthorizations" />
      <m code="authorizations" />
      <m code="code" label="Code" schemaAutocomplete="t" systemReserved="f" uniqueValue="t" type="STRING" />
      <m code="createdOn" />
      <m code="deleted" />
      <m code="denyTokens" />
      <m code="detachedauthorizations" />
      <m code="followers" />
      <m code="id" />
      <m code="inheritedauthorizations">
        <dataEntry copied="group_default_allauthorizations" reference="group_default_parent" />
      </m>
      <m code="isGlobal" label="Global" systemReserved="f" type="BOOLEAN" />
      <m code="legacyIdentifier" />
      <m code="manualTokens" />
      <m code="markedForPreviewConversion" />
      <m code="modifiedOn" />
      <m code="parent" label="Parent" systemReserved="f" type="REFERENCE">
        <references schemas="group_default" />
      </m>
      <m code="parentpath" />
      <m code="path" />
      <m code="pathParts" />
      <m code="principalpath" />
      <m code="removedauthorizations" />
      <m code="roles" label="Rôles" multivalue="t" systemReserved="f" type="STRING" />
      <m code="schema" />
      <m code="searchable" />
      <m code="shareDenyTokens" />
      <m code="shareTokens" />
      <m code="title" />
      <m code="tokens" />
      <m code="visibleInTrees" />
    </defaultSchema>
    <customSchemas />
  </type>
  <type code="report" label="Rapport" inTransactionLog="t">
    <defaultSchema code="default" label="Rapport">
      <m code="allauthorizations" />
      <m code="authorizations" />
      <m code="columnsCount" label="Nombre de colonnes" systemReserved="f" type="NUMBER" />
      <m code="createdBy" label="Créé par" type="REFERENCE">
        <references schemaType="user" />
      </m>
      <m code="createdOn" />
      <m code="deleted" />
      <m code="denyTokens" />
      <m code="detachedauthorizations" />
      <m code="followers" />
      <m code="id" />
      <m code="inheritedauthorizations" />
      <m code="legacyIdentifier" />
      <m code="linesCount" label="Nombre de lignes" systemReserved="f" type="NUMBER" defaultRequirement="t" />
      <m code="manualTokens" />
      <m code="markedForPreviewConversion" />
      <m code="modifiedBy" label="Modifié par" type="REFERENCE">
        <references schemaType="user" />
      </m>
      <m code="modifiedOn" />
      <m code="parentpath" />
      <m code="path" />
      <m code="pathParts" />
      <m code="principalpath" />
      <m code="removedauthorizations" />
      <m code="reportedMetadata" label="Métadonnée rapportée" multivalue="t" systemReserved="f" type="STRUCTURE" structureFactory="com.constellio.model.entities.records.wrappers.structure.ReportedMetadataFactory" />
      <m code="schema" />
      <m code="schemaTypeCode" label="Code du type de schéma" systemReserved="f" type="STRING" defaultRequirement="t" />
      <m code="searchable" />
      <m code="separator" label="Type de séparateur" systemReserved="f" type="STRING" />
      <m code="shareDenyTokens" />
      <m code="shareTokens" />
      <m code="title" />
      <m code="tokens" />
      <m code="username" label="Nom d'utilisateur" systemReserved="f" type="STRING" />
      <m code="visibleInTrees" />
    </defaultSchema>
    <customSchemas />
  </type>
  <type code="robot" label="Robot" security="t" inTransactionLog="t">
    <defaultSchema code="default" label="Robot">
      <m code="action" label="Action" systemReserved="f" essential="t" type="STRING" />
      <m code="actionParameters" label="Paramètres de l'action" systemReserved="f" essential="t" type="REFERENCE">
        <references schemaType="actionParameters" />
      </m>
      <m code="allauthorizations" />
      <m code="authorizations" />
      <m code="code" label="Code" systemReserved="f" essential="t" uniqueValue="t" type="STRING" defaultRequirement="t" />
      <m code="createdBy" label="Créé par" type="REFERENCE">
        <references schemaType="user" />
      </m>
      <m code="createdOn" />
      <m code="deleted" />
      <m code="denyTokens" />
      <m code="description" label="Description" undeletable="f" systemReserved="f" type="TEXT" />
      <m code="detachedauthorizations" />
      <m code="excludeProcessedByChildren" label="Exclure les enregistements processés par les sous-robots" systemReserved="f" essential="t" type="BOOLEAN" defaultRequirement="t">
        <defaultValue type="java.lang.Boolean">false</defaultValue>
      </m>
      <m code="followers" />
      <m code="id" />
      <m code="inheritedauthorizations" />
      <m code="legacyIdentifier" />
      <m code="manualTokens" />
      <m code="markedForPreviewConversion" />
      <m code="modifiedBy" label="Modifié par" type="REFERENCE">
        <references schemaType="user" />
      </m>
      <m code="modifiedOn" />
      <m code="parent" label="Robot parent" systemReserved="f" essential="t" childOfRelationship="t" type="REFERENCE">
        <references schemaType="robot" />
      </m>
      <m code="parentpath" />
      <m code="path" />
      <m code="pathParts" />
      <m code="principalpath" />
      <m code="removedauthorizations" />
      <m code="schema" />
      <m code="schemaFilter" label="Type" systemReserved="f" essential="t" type="STRING" defaultRequirement="t" />
      <m code="searchCriteria" label="Critère(s) de recherche" multivalue="t" systemReserved="f" essential="t" type="STRUCTURE" defaultRequirement="t" structureFactory="com.constellio.app.ui.pages.search.criteria.CriterionFactory" />
      <m code="searchable" />
      <m code="shareDenyTokens" />
      <m code="shareTokens" />
      <m code="title" defaultRequirement="t" />
      <m code="tokens" />
      <m code="visibleInTrees" />
    </defaultSchema>
    <customSchemas />
  </type>
  <type code="robotLog" label="robotLog" security="t" inTransactionLog="t">
    <defaultSchema code="default" label="robotLog">
      <m code="allauthorizations" label="allauthorizations" />
      <m code="authorizations" label="authorizations" />
      <m code="createdBy" label="createdBy" type="REFERENCE">
        <references schemaType="user" />
      </m>
      <m code="createdOn" label="createdOn" />
      <m code="deleted" label="deleted" />
      <m code="denyTokens" label="denyTokens" />
      <m code="detachedauthorizations" label="detachedauthorizations" />
      <m code="followers" label="followers" />
      <m code="id" label="id" />
      <m code="inheritedauthorizations" label="inheritedauthorizations" />
      <m code="legacyIdentifier" label="legacyIdentifier" />
      <m code="manualTokens" label="manualTokens" />
      <m code="markedForPreviewConversion" label="markedForPreviewConversion" />
      <m code="modifiedBy" label="modifiedBy" type="REFERENCE">
        <references schemaType="user" />
      </m>
      <m code="modifiedOn" label="modifiedOn" />
      <m code="parentpath" label="parentpath" />
      <m code="path" label="path" />
      <m code="pathParts" label="pathParts" />
      <m code="principalpath" label="principalpath" />
      <m code="removedauthorizations" label="removedauthorizations" />
      <m code="robot" label="robot" systemReserved="f" essential="t" type="REFERENCE" defaultRequirement="t">
        <references schemaType="robot" />
      </m>
      <m code="schema" label="schema" />
      <m code="searchable" label="searchable" />
      <m code="shareDenyTokens" label="shareDenyTokens" />
      <m code="shareTokens" label="shareTokens" />
      <m code="title" label="title" />
      <m code="tokens" label="tokens" />
      <m code="visibleInTrees" label="visibleInTrees" />
    </defaultSchema>
    <customSchemas />
  </type>
  <type code="savedSearch" label="Recherche sauvegardée" inTransactionLog="t">
    <defaultSchema code="default" label="Recherche sauvegardée">
      <m code="advancedSearch" label="Critères de recherche avancée" multivalue="t" systemReserved="f" type="STRUCTURE" structureFactory="com.constellio.app.ui.pages.search.criteria.CriterionFactory" />
      <m code="allauthorizations" />
      <m code="authorizations" />
      <m code="createdBy" label="Créé par" type="REFERENCE">
        <references schemaType="user" />
      </m>
      <m code="createdOn" />
      <m code="deleted" />
      <m code="denyTokens" />
      <m code="detachedauthorizations" />
      <m code="facetSelections" label="Facettes" multivalue="t" systemReserved="f" type="STRUCTURE" structureFactory="com.constellio.app.ui.pages.search.criteria.FacetSelectionsFactory" />
      <m code="followers" />
      <m code="freeTextSearch" label="Critère de recherche" systemReserved="f" type="STRING" />
      <m code="id" />
      <m code="inheritedauthorizations" />
      <m code="legacyIdentifier" />
      <m code="manualTokens" label="Jetons" />
      <m code="markedForPreviewConversion" />
      <m code="modifiedBy" label="Modifié par" type="REFERENCE">
        <references schemaType="user" />
      </m>
      <m code="modifiedOn" />
      <m code="parentpath" />
      <m code="path" />
      <m code="pathParts" />
      <m code="principalpath" />
      <m code="public" label="Partagée" systemReserved="f" type="BOOLEAN" />
      <m code="removedauthorizations" />
      <m code="schema" />
      <m code="schemaFilter" label="Filtre sur le format" systemReserved="f" type="STRING" />
      <m code="searchType" label="Type de recherche" systemReserved="f" type="STRING" />
      <m code="searchable" />
      <m code="shareDenyTokens" />
      <m code="shareTokens" />
      <m code="sortField" label="Champs de tri" systemReserved="f" type="STRING" />
      <m code="sortOrder" label="Ordre de tri" systemReserved="f" type="ENUM" enumClass="com.constellio.model.entities.records.wrappers.SavedSearch$SortOrder" />
      <m code="title" />
      <m code="tokens" />
      <m code="user" label="Utilisateur" systemReserved="f" type="REFERENCE">
        <references schemaType="user" />
      </m>
      <m code="visibleInTrees" />
    </defaultSchema>
    <customSchemas />
  </type>
  <type code="task" label="Task" inTransactionLog="t">
    <defaultSchema code="default" label="Task">
      <m code="allauthorizations" />
      <m code="assignCandidates" label="Les candidats attribués" multivalue="t" systemReserved="f" type="REFERENCE">
        <references schemaType="user" />
      </m>
      <m code="assignedOn" label="Attribué le" systemReserved="f" type="DATE_TIME" />
      <m code="assignedTo" label="Attribué à" systemReserved="f" type="REFERENCE">
        <references schemaType="user" />
      </m>
      <m code="authorizations" />
      <m code="createdBy" label="Créé par" type="REFERENCE">
        <references schemaType="user" />
      </m>
      <m code="createdOn" />
      <m code="deleted" />
      <m code="denyTokens" />
      <m code="detachedauthorizations" />
      <m code="dueDate" label="Date d'échéance" systemReserved="f" type="DATE_TIME" />
      <m code="finishedBy" label="Terminé par" systemReserved="f" type="REFERENCE">
        <references schemaType="user" />
      </m>
      <m code="finishedOn" label="Date de fin" systemReserved="f" type="DATE_TIME" />
      <m code="followers" />
      <m code="id" />
      <m code="inheritedauthorizations" />
      <m code="legacyIdentifier" />
      <m code="manualTokens" />
      <m code="markedForPreviewConversion" />
      <m code="modifiedBy" label="Modifié par" type="REFERENCE">
        <references schemaType="user" />
      </m>
      <m code="modifiedOn" />
      <m code="parentpath" />
      <m code="path" />
      <m code="pathParts" />
      <m code="principalpath" />
      <m code="removedauthorizations" />
      <m code="schema" />
      <m code="searchable" />
      <m code="shareDenyTokens" />
      <m code="shareTokens" />
      <m code="title" />
      <m code="tokens" />
      <m code="visibleInTrees" />
      <m code="workflowIdentifier" label="Identifiant du workflow" systemReserved="f" type="STRING" />
      <m code="workflowRecordIdentifiers" label="Identifiant du record du workflow" multivalue="t" systemReserved="f" type="STRING" />
    </defaultSchema>
    <customSchemas>
      <schema code="approval" label="init.task.approval" undeletable="f">
        <m code="decision" label="Décision" systemReserved="f" type="STRING">
          <validators classNames="com.constellio.model.services.schemas.validators.DecisionValidator" />
        </m>
      </schema>
    </customSchemas>
  </type>
  <type code="user" label="Utilisateur" inTransactionLog="t">
    <defaultSchema code="default" label="Utilisateur">
      <m code="allauthorizations" />
      <m code="allroles" label="Rôles" multivalue="t" systemReserved="f" type="STRING">
        <dataEntry calculator="com.constellio.model.services.schemas.calculators.RolesCalculator" />
      </m>
      <m code="alluserauthorizations" label="Autorisations de l'utilisateur" multivalue="t" systemReserved="f" type="STRING">
        <dataEntry calculator="com.constellio.model.services.schemas.calculators.AllUserAuthorizationsCalculator" />
      </m>
      <m code="authorizations" />
      <m code="collectionDeleteAccess" label="Accès de suppression à la collection" systemReserved="f" type="BOOLEAN" />
      <m code="collectionReadAccess" label="Accès de lecture à la collection" systemReserved="f" type="BOOLEAN" />
      <m code="collectionWriteAccess" label="Accès d'écriture à la collection" systemReserved="f" type="BOOLEAN" />
      <m code="createdOn" />
      <m code="defaultTabInFolderDisplay" label="init.user.default.defaultTabInFolderDisplay" systemReserved="f" type="STRING" />
      <m code="defaultTaxonomy" label="init.user.default.defaultTaxonomy" systemReserved="f" type="STRING" />
      <m code="deleted" />
      <m code="denyTokens" />
      <m code="detachedauthorizations" />
      <m code="email" label="Courriel" systemReserved="f" type="STRING">
        <validators classNames="com.constellio.model.services.schemas.validators.EmailValidator" />
      </m>
      <m code="firstname" label="Nom" systemReserved="f" type="STRING" />
      <m code="followers" />
      <m code="groups" label="Groupes" multivalue="t" systemReserved="f" type="REFERENCE">
        <references schemaType="group" />
      </m>
      <m code="groupsauthorizations" label="Autorisations du groupe" multivalue="t" systemReserved="f" type="STRING">
        <dataEntry copied="group_default_allauthorizations" reference="user_default_groups" />
      </m>
      <m code="id" />
      <m code="inheritedauthorizations" />
      <m code="jobTitle" label="init.user.default.jobTitle" systemReserved="f" type="STRING" />
      <m code="lastIPAddress" label="init.user.default.lastIPAddress" type="STRING" />
      <m code="lastLogin" label="init.user.default.lastLogin" type="DATE_TIME" />
      <m code="lastname" label="Nom de famille" systemReserved="f" type="STRING" />
      <m code="legacyIdentifier" />
      <m code="manualTokens" />
      <m code="markedForPreviewConversion" />
      <m code="modifiedOn" />
      <m code="parentpath" />
      <m code="path" />
      <m code="pathParts" />
      <m code="phone" label="init.user.default.phone" systemReserved="f" type="STRING" />
      <m code="principalpath" />
      <m code="removedauthorizations" />
      <m code="schema" />
      <m code="searchable" />
      <m code="shareDenyTokens" />
      <m code="shareTokens" />
      <m code="signature" label="Signature" systemReserved="f" type="TEXT" />
      <m code="startTab" label="init.user.default.startTab" systemReserved="f" type="STRING" />
      <m code="status" label="Statut" systemReserved="f" type="ENUM" enumClass="com.constellio.model.entities.security.global.UserCredentialStatus" />
      <m code="systemAdmin" label="init.user.default.systemAdmin" systemReserved="f" type="BOOLEAN" />
      <m code="title">
        <dataEntry calculator="com.constellio.model.entities.records.calculators.UserTitleCalculator" />
      </m>
      <m code="tokens" />
      <m code="username" label="Nom d'utilisateur" systemReserved="f" uniqueValue="t" unmodifiable="t" type="STRING" />
      <m code="userroles" label="Rôles d'utilisateur" multivalue="t" systemReserved="f" type="STRING" />
      <m code="usertokens" label="Jetons" multivalue="t" systemReserved="f" type="STRING">
        <dataEntry calculator="com.constellio.model.services.schemas.calculators.UserTokensCalculator2" />
      </m>
      <m code="visibleInTrees" />
    </defaultSchema>
    <customSchemas />
  </type>
  <type code="userDocument" label="init.userDocument" inTransactionLog="t">
    <defaultSchema code="default" label="userDocument">
      <m code="allauthorizations" />
      <m code="authorizations" />
      <m code="content" label="init.userDocument.default.content" searchable="t" systemReserved="f" type="CONTENT" structureFactory="com.constellio.model.services.contents.ContentFactory" />
      <m code="createdBy" label="Créé par" type="REFERENCE">
        <references schemaType="user" />
      </m>
      <m code="createdOn" />
      <m code="deleted" />
      <m code="denyTokens" />
      <m code="detachedauthorizations" />
      <m code="followers" />
      <m code="id" />
      <m code="inheritedauthorizations" />
      <m code="legacyIdentifier" />
      <m code="manualTokens" />
      <m code="markedForPreviewConversion" />
      <m code="modifiedBy" label="Modifié par" type="REFERENCE">
        <references schemaType="user" />
      </m>
      <m code="modifiedOn" />
      <m code="parentpath" />
      <m code="path" />
      <m code="pathParts" />
      <m code="principalpath" />
      <m code="removedauthorizations" />
      <m code="schema" />
      <m code="searchable" />
      <m code="shareDenyTokens" />
      <m code="shareTokens" />
      <m code="title" />
      <m code="tokens" />
      <m code="user" label="init.userDocument.default.user" systemReserved="f" type="REFERENCE">
        <references schemaType="user" />
      </m>
      <m code="visibleInTrees" />
    </defaultSchema>
    <customSchemas />
  </type>
</types>
