<?xml version="1.0" encoding="UTF-8"?>
<records datetimePattern="yyyy-MM-dd HH:mm:ss:SSS" datePattern="yyyy-MM-dd">
  <record id="3">
    <code>111200</code>
    <title>Données de tests</title>
    <description>Les documents peuvent comprendre les textes, les notes, les images fixes ou animées.</description>
    <corpus />
    <corpusRuleNumber />
    <approved>true</approved>
    <approvalDate type="date">2015-05-06</approvalDate>
    <documentTypesDetails multivalue="true" type="structure">
      <item archivisticStatus="C" code="131" />
      <item archivisticStatus="C" code="450" />
      <item archivisticStatus="C" code="183" />
    </documentTypesDetails>
    <juridicReference />
    <generalComment />
    <history />
    <essentialDocuments>false</essentialDocuments>
    <confidentialDocuments>false</confidentialDocuments>
    <keywords multivalue="true" />
    <copyRetentionRules multivalue="true" type="structure">
      <item id="2657" code="2657" copyType="S" mediumTypes="DM,PA" contentTypesComment="" activeRetentionPeriod="999" activeRetentionPeriodComment="" semiActiveRetentionPeriod="0" semiActiveRetentionPeriodComment="" inactiveDisposalType="D" inactiveDisposalComment="" />
      <item id="2658" code="2658" copyType="P" mediumTypes="DM,PA" contentTypesComment="" activeRetentionPeriod="999" activeRetentionPeriodComment="R1" semiActiveRetentionPeriod="0" semiActiveRetentionPeriodComment="" inactiveDisposalType="C" inactiveDisposalComment="" />
    </copyRetentionRules>
    <administrativeUnits multivalue="true">
      <item>1</item>
    </administrativeUnits>
    <responsibleAdministrativeUnits>false</responsibleAdministrativeUnits>
  </record>
  <record id="5">
    <code>112100</code>
    <title>Conservation des dossiers de candidature</title>
    <description>Documents produits ou reçus relatifs à la candidature d'employers potentiels. </description>
    <corpus />
    <corpusRuleNumber />
    <approved>true</approved>
    <approvalDate type="date">2015-05-06</approvalDate>
    <documentTypesDetails multivalue="true" type="structure">
      <item archivisticStatus="C" code="131" />
      <item archivisticStatus="C" code="183" />
      <item archivisticStatus="D" code="450" />
    </documentTypesDetails>
    <juridicReference />
    <generalComment />
    <history />
    <essentialDocuments>false</essentialDocuments>
    <confidentialDocuments>false</confidentialDocuments>
    <keywords multivalue="true" />
    <copyRetentionRules multivalue="true" type="structure">
      <item id="2659" code="2659" copyType="S" mediumTypes="DM,PA" contentTypesComment="" activeRetentionPeriod="1" activeRetentionPeriodComment="" semiActiveRetentionPeriod="0" semiActiveRetentionPeriodComment="" inactiveDisposalType="D" inactiveDisposalComment="" />
      <item id="2660" code="2660" copyType="P" mediumTypes="DM,PA" contentTypesComment="" activeRetentionPeriod="1" activeRetentionPeriodComment="" semiActiveRetentionPeriod="0" semiActiveRetentionPeriodComment="" inactiveDisposalType="T" inactiveDisposalComment="R1" />
    </copyRetentionRules>
    <administrativeUnits multivalue="true">
      <item>1</item>
    </administrativeUnits>
    <responsibleAdministrativeUnits>false</responsibleAdministrativeUnits>
  </record>
</records>
