<?xml version="1.0" encoding="UTF-8"?>
<modules>
  <module id="tasks" enabled_in_collection_zeCollection="true" />
  <module id="rm" enabled_in_collection_zeCollection="true" />
  <module id="agent" enabled_in_collection_zeCollection="true" />
  <module id="reports" enabled_in_collection_zeCollection="true" />
  <module id="EmailToPDF" enabled_in_collection_zeCollection="true" />
  <module id="devtools" enabled_in_collection_zeCollection="true" />
  <module id="workflows" enabled_in_collection_zeCollection="true" />
  <module id="ai" enabled_in_collection_zeCollection="true" />
</modules>
