<?xml version="1.0" encoding="UTF-8"?>
<mets xmlns="http://www.loc.gov/METS/" xmlns:PREMIS="info:lc/xmlns/premis-v2" xmlns:constellio="http://www.constellio.com" xmlns:xlink="http://www.w3.org/1999/xlink" xmlns:xsi="http://www.w3.org/2001/XMLSchema-instance" xsi:schemaLocation="http://www.loc.gov/METS/ http://www.loc.gov/standards/mets/mets.xsd http://www.w3.org/1999/xlink http://www.loc.gov/standards/mets/xlink.xsd" TYPE="sa_all-formats-01_dss-01">
  <metsHdr CREATEDATE="2018-01-02T03:04:05" RECORDSTATUS="COMPLETE">
    <agent ROLE="CREATOR" TYPE="ORGANIZATION">
      <name />
    </agent>
  </metsHdr>
  <fileSec>
    <fileGrp />
  </fileSec>
  <structMap>
    <div LABEL="bag" TYPE="folder" />
  </structMap>
</mets>
