<?xml version="1.0" encoding="UTF-8"?>
<root>
  <previousBatchProcesses>
    <batchProcess id="b7e57059-df9d-4562-af85-0165fe65c969">
      <requestDateTime>2020-08-14T16:26:25.595</requestDateTime>
      <recordsCount>105</recordsCount>
      <action name="com.constellio.model.services.batch.actions.ReindexMetadatasBatchProcessAction">
        <argument type="java.util.ArrayList">
          <item type="java.lang.String">folder_default_closingDate</item>
          <item type="java.lang.String">folder_default_copyRulesExpectedTransferDates</item>
          <item type="java.lang.String">folder_default_copyRulesExpectedDepositDates</item>
          <item type="java.lang.String">folder_default_copyRulesExpectedDestructionDates</item>
        </argument>
      </action>
      <query>&amp;fq=collection_s%3AzeCollection&amp;fq=schema_s%3Afolder_*&amp;fq=%28*%3A*+-hidden_s%3A__TRUE__%29&amp;fq=%28+*%3A*+%29&amp;qt=%2Fspell&amp;shards.qt=%2Fspell&amp;rows=100000&amp;start=0&amp;q=*%3A*</query>
      <collection>zeCollection</collection>
      <username />
      <title>reindex.config yearEndDate</title>
      <startDateTime>2020-08-14T16:26:25.677</startDateTime>
      <errors>0</errors>
    </batchProcess>
    <batchProcess id="63f6e956-362b-4ad3-b325-e77ece8b5553">
      <requestDateTime>2020-08-14T16:26:25.617</requestDateTime>
      <recordsCount>268</recordsCount>
      <action name="com.constellio.model.services.batch.actions.ReindexMetadatasBatchProcessAction">
        <argument type="java.util.ArrayList">
          <item type="java.lang.String">document_default_expectedDepositDate</item>
          <item type="java.lang.String">document_default_expectedDestructionDate</item>
          <item type="java.lang.String">document_default_expectedTransferDate</item>
        </argument>
      </action>
      <query>&amp;fq=collection_s%3AzeCollection&amp;fq=schema_s%3Adocument_*&amp;fq=%28*%3A*+-hidden_s%3A__TRUE__%29&amp;fq=%28+*%3A*+%29&amp;qt=%2Fspell&amp;shards.qt=%2Fspell&amp;rows=100000&amp;start=0&amp;q=*%3A*</query>
      <collection>zeCollection</collection>
      <username />
      <title>reindex.config yearEndDate</title>
      <startDateTime>2020-08-14T16:26:26.340</startDateTime>
      <errors>0</errors>
    </batchProcess>
  </previousBatchProcesses>
  <pendingBatchProcesses />
  <standbyBatchProcesses />
  <currentBatchProcess />
</root>
