<?xml version="1.0" encoding="UTF-8"?>
<taxonomies principal="admUnits">
  <enables>
    <taxonomy code="containers">
      <title titleen="Boxes" titlefr="Emplacements" />
      <collection>zeCollection</collection>
      <schemaTypes>
        <schemaType>storageSpace</schemaType>
      </schemaTypes>
      <visibleInHomePage>false</visibleInHomePage>
      <showParentsInSearchResults>false</showParentsInSearchResults>
      <groupIds />
      <userIds />
    </taxonomy>
    <taxonomy code="plan">
      <title titleen="File plan" titlefr="Plan de classification" />
      <collection>zeCollection</collection>
      <schemaTypes>
        <schemaType>category</schemaType>
      </schemaTypes>
      <visibleInHomePage>true</visibleInHomePage>
      <showParentsInSearchResults>false</showParentsInSearchResults>
      <groupIds />
      <userIds />
    </taxonomy>
    <taxonomy code="admUnits">
      <title titleen="Departments" titlefr="Unités administratives" />
      <collection>zeCollection</collection>
      <schemaTypes>
        <schemaType>administrativeUnit</schemaType>
      </schemaTypes>
      <visibleInHomePage>true</visibleInHomePage>
      <showParentsInSearchResults>false</showParentsInSearchResults>
      <groupIds />
      <userIds />
    </taxonomy>
  </enables>
  <disables />
</taxonomies>
