<?xml version="1.0" encoding="UTF-8"?>
<roles>
  <role title="Administrateur" code="ADM" collection="newCollection">core.deleteContentVersion,rm.modifySemiActiveBorrowedFolder,rm.shareFolders,core.manageSecurity,rm.createSubFolders,rm.manageReports,core.manageMetadataExtractor,rm.createDocuments,rm.shareInactiveDocuments,rm.deleteInactiveFolders,core.manageEmailServer,core.viewEvents,core.manageSearchReports,rm.modifyInactiveBorrowedFolder,rm.deleteInactiveDocuments,rm.duplicateSemiActiveFolders,rm.modifyInactiveFolders,rm.borrowFolder,rm.modifyInactiveDocuments,rm.shareSemiActiveDocuments,rm.createSubFoldersInSemiActiveFolders,rm.editDecommissioningList,rm.manageRetentionRule,rm.duplicateInactiveFolders,core.manageSystemGroups,core.ldapConfigurationManagement,core.manageSystemServers,core.manageTaxonomies,rm.createInactiveDocuments,core.manageSystemModules,rm.decommissioning,rm.deleteSemiActiveFolders,rm.createSubFoldersInInactiveFolders,core.manageTrash,rm.manageClassificationPlan,rm.processDecommissioningList,rm.manageFolderAuthorizations,core.manageSearchEngine,rm.shareDocuments,rm.manageUniformSubdivisions,rm.returnOtherUsersDocuments,rm.modifySemiActiveFolders,rm.manageStorageSpaces,core.manageSystemConfiguration,rm.createSemiActiveDocuments,rm.modifyFolderDecomDate,rm.uploadInactiveDocuments,core.manageSystemCollections,rm.modifyOpeningDateFolder,core.manageSystemDataImports,core.manageConnectors,core.manageFacets,rm.deleteSemiActiveDocuments,rm.uploadSemiActiveDocuments,rm.shareInactiveFolders,core.manageSystemUsers,core.manageValueList,rm.manageContainers,core.manageMetadataSchemas,rm.manageDocumentAuthorizations,rm.modifySemiActiveDocuments,rm.createFolders,core.manageSystemUpdates,rm.shareSemiActiveFolders,tasks.manageWorkflows</role>
  <role title="Utilisateur" code="U" collection="newCollection">rm.modifySemiActiveBorrowedFolder,rm.shareFolders,rm.createSubFolders,rm.borrowFolder,rm.deleteSemiActiveDocuments,rm.createDocuments,rm.uploadSemiActiveDocuments,rm.shareSemiActiveDocuments,rm.shareDocuments,rm.createFolders,rm.shareSemiActiveFolders,rm.deleteSemiActiveFolders</role>
  <role title="Gestionnaire" code="M" collection="newCollection">rm.modifySemiActiveBorrowedFolder,rm.shareFolders,rm.manageFolderAuthorizations,rm.createSubFolders,rm.deleteSemiActiveDocuments,rm.borrowFolder,rm.uploadSemiActiveDocuments,rm.createDocuments,rm.shareDocuments,rm.shareSemiActiveDocuments,rm.manageContainers,rm.manageDocumentAuthorizations,rm.createFolders,rm.modifyOpeningDateFolder,rm.shareSemiActiveFolders,rm.deleteSemiActiveFolders,rm.decommissioning</role>
  <role title="Responsable de la gestion documentaire" code="RGD" collection="newCollection">core.deleteContentVersion,rm.modifySemiActiveBorrowedFolder,rm.shareFolders,core.manageSecurity,rm.createSubFolders,core.manageMetadataExtractor,rm.manageReports,rm.createDocuments,rm.shareInactiveDocuments,rm.deleteInactiveFolders,core.manageEmailServer,core.viewEvents,core.manageSearchReports,rm.modifyInactiveBorrowedFolder,rm.deleteInactiveDocuments,rm.duplicateSemiActiveFolders,rm.modifyInactiveFolders,rm.borrowFolder,rm.modifyInactiveDocuments,rm.shareSemiActiveDocuments,rm.createSubFoldersInSemiActiveFolders,rm.editDecommissioningList,core.manageSystemGroups,rm.manageRetentionRule,rm.duplicateInactiveFolders,core.ldapConfigurationManagement,core.manageSystemServers,core.manageTaxonomies,rm.createInactiveDocuments,core.manageSystemModules,core.manageTrash,rm.decommissioning,rm.deleteSemiActiveFolders,rm.createSubFoldersInInactiveFolders,rm.manageClassificationPlan,rm.processDecommissioningList,rm.manageFolderAuthorizations,core.manageSearchEngine,rm.shareDocuments,rm.manageUniformSubdivisions,rm.returnOtherUsersDocuments,rm.modifySemiActiveFolders,core.manageSystemConfiguration,rm.manageStorageSpaces,rm.createSemiActiveDocuments,rm.modifyFolderDecomDate,core.manageSystemCollections,rm.uploadInactiveDocuments,rm.modifyOpeningDateFolder,core.manageSystemDataImports,core.manageConnectors,core.manageFacets,rm.deleteSemiActiveDocuments,rm.uploadSemiActiveDocuments,rm.shareInactiveFolders,core.manageSystemUsers,core.manageValueList,rm.manageContainers,core.manageMetadataSchemas,rm.manageDocumentAuthorizations,rm.modifySemiActiveDocuments,core.manageSystemUpdates,rm.createFolders,rm.shareSemiActiveFolders</role>
</roles>
