<?xml version="1.0" encoding="UTF-8"?>
<root>
  <previousBatchProcesses>
    <batchProcess id="b6b8c591-782f-4b42-a24a-259c84d5c8ec">
      <requestDateTime>2015-09-10T16:34:54.253</requestDateTime>
      <recordsCount>2</recordsCount>
      <action name="com.constellio.model.services.batch.actions.ReindexMetadatasBatchProcessAction">
        <argument type="java.util.ArrayList">
          <item type="java.lang.String">administrativeUnit_default_inheritedauthorizations</item>
        </argument>
      </action>
      <collection>zeCollection</collection>
      <startDateTime>2015-09-10T16:34:54.286</startDateTime>
      <progression>2</progression>
      <errors>0</errors>
    </batchProcess>
    <batchProcess id="41ed2140-9f8f-40c1-abb6-1de23138993d">
      <requestDateTime>2015-09-10T16:34:54.316</requestDateTime>
      <recordsCount>2</recordsCount>
      <action name="com.constellio.model.services.batch.actions.ReindexMetadatasBatchProcessAction">
        <argument type="java.util.ArrayList">
          <item type="java.lang.String">administrativeUnit_default_inheritedauthorizations</item>
        </argument>
      </action>
      <collection>zeCollection</collection>
      <startDateTime>2015-09-10T16:34:54.355</startDateTime>
      <progression>2</progression>
      <errors>0</errors>
    </batchProcess>
  </previousBatchProcesses>
  <pendingBatchProcesses />
  <standbyBatchProcesses />
  <currentBatchProcess />
</root>
