<?xml version="1.0" encoding="UTF-8"?>
<display>
  <SchemaTypeDisplayConfigs>
    <connectorInstance manageable="false" simpleSearch="false" advancedSearch="false">
      <MetadataGroupsLabels>
        <MetadataGroupLabel name=" Configuration" />
        <MetadataGroupLabel name=" Exécution" />
        <MetadataGroupLabel name=" Authentification" />
      </MetadataGroupsLabels>
    </connectorInstance>
    <connectorHttpDocument manageable="false" simpleSearch="true" advancedSearch="true">
      <MetadataGroupsLabels>
        <MetadataGroupLabel name="Default" />
      </MetadataGroupsLabels>
    </connectorHttpDocument>
    <connectorSmbDocument manageable="false" simpleSearch="true" advancedSearch="true">
      <MetadataGroupsLabels>
        <MetadataGroupLabel name="Default" />
      </MetadataGroupsLabels>
    </connectorSmbDocument>
  </SchemaTypeDisplayConfigs>
  <SchemaDisplayConfigs SchemaCode="connectorHttpDocument_default">
    <DisplayMetadataCodes>
      <connectorHttpDocument_default_title />
      <connectorHttpDocument_default_createdBy />
      <connectorHttpDocument_default_createdOn />
      <connectorHttpDocument_default_modifiedBy />
      <connectorHttpDocument_default_modifiedOn />
      <connectorHttpDocument_default_charset />
      <connectorHttpDocument_default_errorCode />
      <connectorHttpDocument_default_traversalCode />
      <connectorHttpDocument_default_connector />
      <connectorHttpDocument_default_copyOf />
      <connectorHttpDocument_default_fetchedDateTime />
      <connectorHttpDocument_default_digest />
      <connectorHttpDocument_default_fetchDelay />
      <connectorHttpDocument_default_frequency />
      <connectorHttpDocument_default_neverFetch />
      <connectorHttpDocument_default_inlinks />
      <connectorHttpDocument_default_outlinks />
      <connectorHttpDocument_default_errorMessage />
      <connectorHttpDocument_default_level />
      <connectorHttpDocument_default_errorsCount />
      <connectorHttpDocument_default_priority />
      <connectorHttpDocument_default_nextFetch />
      <connectorHttpDocument_default_fetched />
      <connectorHttpDocument_default_status />
      <connectorHttpDocument_default_onDemand />
      <connectorHttpDocument_default_downloadTime />
      <connectorHttpDocument_default_connectorType />
      <connectorHttpDocument_default_contentType />
      <connectorHttpDocument_default_parsedContent />
      <connectorHttpDocument_default_errorStackTrace />
    </DisplayMetadataCodes>
    <FormMetadataCodes>
      <connectorHttpDocument_default_title />
      <connectorHttpDocument_default_charset />
      <connectorHttpDocument_default_errorCode />
      <connectorHttpDocument_default_traversalCode />
      <connectorHttpDocument_default_connector />
      <connectorHttpDocument_default_copyOf />
      <connectorHttpDocument_default_digest />
      <connectorHttpDocument_default_fetchDelay />
      <connectorHttpDocument_default_frequency />
      <connectorHttpDocument_default_inlinks />
      <connectorHttpDocument_default_outlinks />
      <connectorHttpDocument_default_errorMessage />
      <connectorHttpDocument_default_level />
      <connectorHttpDocument_default_errorsCount />
      <connectorHttpDocument_default_priority />
      <connectorHttpDocument_default_status />
      <connectorHttpDocument_default_downloadTime />
      <connectorHttpDocument_default_connectorType />
      <connectorHttpDocument_default_contentType />
      <connectorHttpDocument_default_url />
      <connectorHttpDocument_default_fetchedDateTime />
      <connectorHttpDocument_default_neverFetch />
      <connectorHttpDocument_default_fetched />
      <connectorHttpDocument_default_onDemand />
      <connectorHttpDocument_default_parsedContent />
      <connectorHttpDocument_default_errorStackTrace />
    </FormMetadataCodes>
    <SearchResultsMetadataCodes>
      <connectorHttpDocument_default_title />
      <connectorHttpDocument_default_modifiedOn />
      <connectorHttpDocument_default_url />
    </SearchResultsMetadataCodes>
  </SchemaDisplayConfigs>
  <MetadataDisplayConfigs>
    <connectorInstance_default_connectorType VisibleInAdvancedSearch="false" InputType="HIDDEN" Highlight="false" metadataGroup="" />
    <connectorInstance_http_enabled VisibleInAdvancedSearch="false" InputType="FIELD" Highlight="false" metadataGroup=" Exécution" />
    <connectorInstance_http_documentsPerJobs VisibleInAdvancedSearch="false" InputType="FIELD" Highlight="false" metadataGroup=" Exécution" />
    <connectorInstance_http_jobsInParallel VisibleInAdvancedSearch="false" InputType="FIELD" Highlight="false" metadataGroup=" Exécution" />
    <connectorInstance_http_daysBeforeRefetching VisibleInAdvancedSearch="false" InputType="FIELD" Highlight="false" metadataGroup=" Exécution" />
    <connectorInstance_http_traversalSchedule VisibleInAdvancedSearch="false" InputType="FIELD" Highlight="false" metadataGroup=" Exécution" />
    <connectorInstance_http_authenticationScheme VisibleInAdvancedSearch="false" InputType="RADIO_BUTTONS" Highlight="false" metadataGroup=" Authentification" />
    <connectorInstance_http_username VisibleInAdvancedSearch="false" InputType="FIELD" Highlight="false" metadataGroup=" Authentification" />
    <connectorInstance_http_password VisibleInAdvancedSearch="false" InputType="PASSWORD" Highlight="false" metadataGroup=" Authentification" />
    <connectorInstance_http_domain VisibleInAdvancedSearch="false" InputType="FIELD" Highlight="false" metadataGroup=" Authentification" />
    <connectorInstance_smb_enabled VisibleInAdvancedSearch="false" InputType="FIELD" Highlight="false" metadataGroup=" Exécution" />
    <connectorInstance_smb_traversalSchedule VisibleInAdvancedSearch="false" InputType="FIELD" Highlight="false" metadataGroup=" Exécution" />
    <connectorHttpDocument_default_title VisibleInAdvancedSearch="true" InputType="FIELD" Highlight="false" metadataGroup="" />
    <connectorHttpDocument_default_contentType VisibleInAdvancedSearch="true" InputType="FIELD" Highlight="false" metadataGroup="" />
    <connectorHttpDocument_default_errorCode VisibleInAdvancedSearch="true" InputType="FIELD" Highlight="false" metadataGroup="" />
    <connectorHttpDocument_default_level VisibleInAdvancedSearch="true" InputType="FIELD" Highlight="false" metadataGroup="" />
    <connectorHttpDocument_default_parsedContent VisibleInAdvancedSearch="true" InputType="TEXTAREA" Highlight="false" metadataGroup="" />
    <connectorHttpDocument_default_url VisibleInAdvancedSearch="true" InputType="FIELD" Highlight="false" metadataGroup="" />
    <connectorSmbDocument_default_title VisibleInAdvancedSearch="true" InputType="FIELD" Highlight="false" metadataGroup="" />
    <connectorSmbDocument_default_extension VisibleInAdvancedSearch="true" InputType="FIELD" Highlight="false" metadataGroup="" />
    <connectorSmbDocument_default_errorCode VisibleInAdvancedSearch="true" InputType="FIELD" Highlight="false" metadataGroup="" />
    <connectorSmbDocument_default_language VisibleInAdvancedSearch="true" InputType="FIELD" Highlight="false" metadataGroup="" />
    <connectorSmbDocument_default_parsedContent VisibleInAdvancedSearch="true" InputType="TEXTAREA" Highlight="false" metadataGroup="" />
    <connectorSmbDocument_default_size VisibleInAdvancedSearch="true" InputType="FIELD" Highlight="false" metadataGroup="" />
    <connectorSmbDocument_default_fetchedDateTime VisibleInAdvancedSearch="true" InputType="FIELD" Highlight="false" metadataGroup="" />
    <connectorSmbDocument_default_url VisibleInAdvancedSearch="true" InputType="FIELD" Highlight="false" metadataGroup="" />
  </MetadataDisplayConfigs>
  <SchemaDisplayConfigs SchemaCode="connectorInstance_http">
    <DisplayMetadataCodes>
      <connectorInstance_http_code />
      <connectorInstance_http_title />
      <connectorInstance_http_connectorType />
      <connectorInstance_http_traversalCode />
      <connectorInstance_http_createdBy />
      <connectorInstance_http_createdOn />
      <connectorInstance_http_modifiedBy />
      <connectorInstance_http_enabled />
      <connectorInstance_http_authenticationScheme />
      <connectorInstance_http_daysBeforeRefetching />
      <connectorInstance_http_documentsPerJobs />
      <connectorInstance_http_domain />
      <connectorInstance_http_jobsInParallel />
      <connectorInstance_http_maxLevel />
      <connectorInstance_http_onDemands />
      <connectorInstance_http_password />
      <connectorInstance_http_seeds />
      <connectorInstance_http_username />
      <connectorInstance_http_modifiedOn />
      <connectorInstance_http_includePatterns />
      <connectorInstance_http_excludePatterns />
    </DisplayMetadataCodes>
    <FormMetadataCodes>
      <connectorInstance_http_code />
      <connectorInstance_http_title />
      <connectorInstance_http_traversalCode />
      <connectorInstance_http_connectorType />
      <connectorInstance_http_enabled />
      <connectorInstance_http_traversalSchedule />
      <connectorInstance_http_propertiesMapping />
      <connectorInstance_http_domain />
      <connectorInstance_http_daysBeforeRefetching />
      <connectorInstance_http_authenticationScheme />
      <connectorInstance_http_password />
      <connectorInstance_http_username />
      <connectorInstance_http_documentsPerJobs />
      <connectorInstance_http_maxLevel />
      <connectorInstance_http_jobsInParallel />
      <connectorInstance_http_seeds />
      <connectorInstance_http_onDemands />
      <connectorInstance_http_includePatterns />
      <connectorInstance_http_excludePatterns />
    </FormMetadataCodes>
    <SearchResultsMetadataCodes>
      <connectorInstance_http_title />
      <connectorInstance_http_connectorType />
      <connectorInstance_http_traversalCode />
    </SearchResultsMetadataCodes>
  </SchemaDisplayConfigs>
  <SchemaDisplayConfigs SchemaCode="connectorInstance_smb">
    <DisplayMetadataCodes>
      <connectorInstance_smb_code />
      <connectorInstance_smb_title />
      <connectorInstance_smb_domain />
      <connectorInstance_smb_username />
      <connectorInstance_smb_smbSeeds />
      <connectorInstance_smb_exclusions />
      <connectorInstance_smb_inclusions />
      <connectorInstance_smb_includePatterns />
      <connectorInstance_smb_excludePatterns />
    </DisplayMetadataCodes>
    <FormMetadataCodes>
      <connectorInstance_smb_code />
      <connectorInstance_smb_title />
      <connectorInstance_smb_domain />
      <connectorInstance_smb_username />
      <connectorInstance_smb_password />
      <connectorInstance_smb_smbSeeds />
      <connectorInstance_smb_exclusions />
      <connectorInstance_smb_inclusions />
      <connectorInstance_smb_enabled />
      <connectorInstance_smb_traversalSchedule />
      <connectorInstance_smb_includePatterns />
      <connectorInstance_smb_excludePatterns />
    </FormMetadataCodes>
    <SearchResultsMetadataCodes>
      <connectorInstance_smb_title />
      <connectorInstance_smb_connectorType />
      <connectorInstance_smb_traversalCode />
    </SearchResultsMetadataCodes>
  </SchemaDisplayConfigs>
  <SchemaDisplayConfigs SchemaCode="connectorInstance_default">
    <DisplayMetadataCodes>
      <connectorInstance_default_code />
      <connectorInstance_default_title />
      <connectorInstance_default_connectorType />
      <connectorInstance_default_traversalCode />
      <connectorInstance_default_createdBy />
      <connectorInstance_default_createdOn />
      <connectorInstance_default_modifiedBy />
      <connectorInstance_default_enabled />
      <connectorInstance_default_modifiedOn />
      <connectorInstance_default_includePatterns />
      <connectorInstance_default_excludePatterns />
    </DisplayMetadataCodes>
    <FormMetadataCodes>
      <connectorInstance_default_code />
      <connectorInstance_default_title />
      <connectorInstance_default_traversalCode />
      <connectorInstance_default_connectorType />
      <connectorInstance_default_enabled />
      <connectorInstance_default_traversalSchedule />
      <connectorInstance_default_propertiesMapping />
      <connectorInstance_default_includePatterns />
      <connectorInstance_default_excludePatterns />
    </FormMetadataCodes>
    <SearchResultsMetadataCodes>
      <connectorInstance_default_title />
      <connectorInstance_default_connectorType />
      <connectorInstance_default_traversalCode />
    </SearchResultsMetadataCodes>
  </SchemaDisplayConfigs>
</display>
